billNo,date,time,billType,status,customerName,productName,quantity,unit,rate,lineTotal,lineProfit,gstRate,discount,grandTotal,paidAmount,udharAmount,grossProfit,paymentModes
KOS-2026-005802,2026-06-29,21:58,normal_sale,active,Walk-in,Match Box,1,piece,2.08,2.08,0.98,18,0,2.08,2.08,0,0.98,cash:2.08
KOS-2026-005801,2026-06-29,21:31,normal_sale,active,Walk-in,Onion,0.25,kg,36.44,9.11,3.11,0,0,44.28,44.28,0,12.03,bank:44.28
KOS-2026-005801,2026-06-29,21:31,normal_sale,active,Walk-in,Urad Dal (loose),0.25,kg,140.67,35.17,8.92,0,0,44.28,44.28,0,12.03,bank:44.28
KOS-2026-005800,2026-06-29,21:13,normal_sale,active,Smita Patil,Tomato,1,kg,41.9,41.9,15.9,0,0,236.81,236.81,0,52.81,cash:236.81
KOS-2026-005800,2026-06-29,21:13,normal_sale,active,Smita Patil,Surf Excel Easy Wash 1kg,1,piece,143.99,143.99,25.99,18,0,236.81,236.81,0,52.81,cash:236.81
KOS-2026-005800,2026-06-29,21:13,normal_sale,active,Smita Patil,Kurkure Masala Munch 70g,2,piece,20,40,7,12,0,236.81,236.81,0,52.81,cash:236.81
KOS-2026-005800,2026-06-29,21:13,normal_sale,active,Smita Patil,Reynolds Pen,1,piece,10.92,10.92,3.92,12,0,236.81,236.81,0,52.81,cash:236.81
KOS-2026-005799,2026-06-29,21:01,normal_sale,active,Walk-in,Onion,0.5,kg,36.44,18.22,6.22,0,0,1143.34,1143.34,0,230.14,upi:1143.34
KOS-2026-005799,2026-06-29,21:01,normal_sale,active,Walk-in,Maggi Noodles 70g,3,piece,14.55,43.65,9.15,12,0,1143.34,1143.34,0,230.14,upi:1143.34
KOS-2026-005799,2026-06-29,21:01,normal_sale,active,Walk-in,Lays Classic Salted 52g,1,piece,22.47,22.47,5.97,12,0,1143.34,1143.34,0,230.14,upi:1143.34
KOS-2026-005799,2026-06-29,21:01,normal_sale,active,Walk-in,KitKat 4-finger,1,piece,21.23,21.23,4.23,18,0,1143.34,1143.34,0,230.14,upi:1143.34
KOS-2026-005799,2026-06-29,21:01,normal_sale,active,Walk-in,Britannia Good Day 100g,2,piece,31.73,63.46,13.46,18,0,1143.34,1143.34,0,230.14,upi:1143.34
KOS-2026-005799,2026-06-29,21:01,normal_sale,active,Walk-in,5 Star 25g,1,piece,10,10,1.5,18,0,1143.34,1143.34,0,230.14,upi:1143.34
KOS-2026-005799,2026-06-29,21:01,normal_sale,active,Walk-in,Toor Dal (loose),0.25,kg,161.66,40.42,10.92,0,0,1143.34,1143.34,0,230.14,upi:1143.34
KOS-2026-005799,2026-06-29,21:01,normal_sale,active,Walk-in,Lemon,1,piece,5.14,5.14,1.94,0,0,1143.34,1143.34,0,230.14,upi:1143.34
KOS-2026-005799,2026-06-29,21:01,normal_sale,active,Walk-in,Saffola Gold Oil 1L,4,piece,203.57,814.28,154.28,5,0,1143.34,1143.34,0,230.14,upi:1143.34
KOS-2026-005799,2026-06-29,21:01,normal_sale,active,Walk-in,Parachute Coconut Oil 200ml,1,piece,104.47,104.47,22.47,18,0,1143.34,1143.34,0,230.14,upi:1143.34
KOS-2026-005798,2026-06-29,20:51,normal_sale,active,Walk-in,Close Up Red 150g,2,piece,95.79,191.58,35.58,18,0,1058.72,1058,0,196,cash:1058
KOS-2026-005798,2026-06-29,20:51,normal_sale,active,Walk-in,Britannia Brown Bread,2,piece,52.9,105.8,21.8,0,0,1058.72,1058,0,196,cash:1058
KOS-2026-005798,2026-06-29,20:51,normal_sale,active,Walk-in,Wheat Atta (loose),0.25,kg,42,10.5,2.5,0,0,1058.72,1058,0,196,cash:1058
KOS-2026-005798,2026-06-29,20:51,normal_sale,active,Walk-in,Surf Excel Easy Wash 1kg,1,piece,143.99,143.99,25.99,18,0,1058.72,1058,0,196,cash:1058
KOS-2026-005798,2026-06-29,20:51,normal_sale,active,Walk-in,Lifebuoy Soap 125g,2,piece,35.94,71.88,15.88,18,0,1058.72,1058,0,196,cash:1058
KOS-2026-005798,2026-06-29,20:51,normal_sale,active,Walk-in,Everest Turmeric 200g,1,piece,79.8,79.8,17.8,5,0,1058.72,1058,0,196,cash:1058
KOS-2026-005798,2026-06-29,20:51,normal_sale,active,Walk-in,Dettol Antiseptic 250ml,1,piece,160.07,160.07,28.07,18,0,1058.72,1058,0,196,cash:1058
KOS-2026-005798,2026-06-29,20:51,normal_sale,active,Walk-in,Amul Butter 100g,2,piece,63.31,126.62,18.62,12,0,1058.72,1058,0,196,cash:1058
KOS-2026-005798,2026-06-29,20:51,normal_sale,active,Walk-in,Fortune Sunflower Oil 1L,1,piece,168.48,168.48,30.48,5,0,1058.72,1058,0,196,cash:1058
KOS-2026-005797,2026-06-29,20:48,normal_sale,active,Smita Khan,Amul Masti Dahi 400g,1,piece,40,40,8,5,0,248.6,248.6,0,49.1,bank:248.6
KOS-2026-005797,2026-06-29,20:48,normal_sale,active,Smita Khan,Red Label Tea 250g,1,piece,157.13,157.13,29.13,5,0,248.6,248.6,0,49.1,bank:248.6
KOS-2026-005797,2026-06-29,20:48,normal_sale,active,Smita Khan,Lays Classic Salted 52g,1,piece,22.47,22.47,5.97,12,0,248.6,248.6,0,49.1,bank:248.6
KOS-2026-005797,2026-06-29,20:48,normal_sale,active,Smita Khan,Sona Masoori Rice (loose),0.5,kg,58,29,6,0,0,248.6,248.6,0,49.1,bank:248.6
KOS-2026-005796,2026-06-29,20:36,normal_sale,active,Hotel Green Leaf,Wheat Atta (loose),0.25,kg,42,10.5,2.5,0,0,562.58,562.58,0,132.38,upi:562.58
KOS-2026-005796,2026-06-29,20:36,normal_sale,active,Hotel Green Leaf,Potato,0.25,kg,26,6.5,2,0,0,562.58,562.58,0,132.38,upi:562.58
KOS-2026-005796,2026-06-29,20:36,normal_sale,active,Hotel Green Leaf,Toor Dal (loose),1,kg,161.66,161.66,43.66,0,0,562.58,562.58,0,132.38,upi:562.58
KOS-2026-005796,2026-06-29,20:36,normal_sale,active,Hotel Green Leaf,Thums Up 750ml,1,piece,41.23,41.23,9.23,28,0,562.58,562.58,0,132.38,upi:562.58
KOS-2026-005796,2026-06-29,20:36,normal_sale,active,Hotel Green Leaf,AA Battery (2 pc),2,piece,36,72,16,18,0,562.58,562.58,0,132.38,upi:562.58
KOS-2026-005796,2026-06-29,20:36,normal_sale,active,Hotel Green Leaf,Kurkure Masala Munch 70g,1,piece,20,20,3.5,12,0,562.58,562.58,0,132.38,upi:562.58
KOS-2026-005796,2026-06-29,20:36,normal_sale,active,Hotel Green Leaf,Onion,0.25,kg,36.44,9.11,3.11,0,0,562.58,562.58,0,132.38,upi:562.58
KOS-2026-005796,2026-06-29,20:36,normal_sale,active,Hotel Green Leaf,Parachute Coconut Oil 200ml,1,piece,104.47,104.47,22.47,18,0,562.58,562.58,0,132.38,upi:562.58
KOS-2026-005796,2026-06-29,20:36,normal_sale,active,Hotel Green Leaf,Sprite 750ml,1,piece,40,40,8,28,0,562.58,562.58,0,132.38,upi:562.58
KOS-2026-005796,2026-06-29,20:36,normal_sale,active,Hotel Green Leaf,Lemon,1,piece,5.14,5.14,1.94,0,0,562.58,562.58,0,132.38,upi:562.58
KOS-2026-005796,2026-06-29,20:36,normal_sale,active,Hotel Green Leaf,Good Knight Refill 45ml,1,piece,91.97,91.97,19.97,18,0,562.58,562.58,0,132.38,upi:562.58
KOS-2026-005795,2026-06-29,20:11,normal_sale,active,Joseph Sharma,Wheat Atta (loose),1,kg,42,42,10,0,0,234.14,234,0,49.5,cash:234
KOS-2026-005795,2026-06-29,20:11,normal_sale,active,Joseph Sharma,Frooti 200ml,1,piece,10.49,10.49,1.99,12,0,234.14,234,0,49.5,cash:234
KOS-2026-005795,2026-06-29,20:11,normal_sale,active,Joseph Sharma,Ariel Detergent 1kg,1,piece,163.43,163.43,31.43,18,0,234.14,234,0,49.5,cash:234
KOS-2026-005795,2026-06-29,20:11,normal_sale,active,Joseph Sharma,Onion,0.5,kg,36.44,18.22,6.22,0,0,234.14,234,0,49.5,cash:234
KOS-2026-005794,2026-06-29,18:30,normal_sale,active,Gurpreet Bhosale,Vim Dishwash Bar 200g,1,piece,21.09,21.09,5.09,18,0,1073.72,1073.72,0,229.72,cash:1073.72
KOS-2026-005794,2026-06-29,18:30,normal_sale,active,Gurpreet Bhosale,Horlicks 500g,3,piece,314.21,942.63,207.63,18,0,1073.72,1073.72,0,229.72,cash:1073.72
KOS-2026-005794,2026-06-29,18:30,normal_sale,active,Gurpreet Bhosale,Yippee Noodles 70g,1,piece,14,14,3,12,0,1073.72,1073.72,0,229.72,cash:1073.72
KOS-2026-005794,2026-06-29,18:30,normal_sale,active,Gurpreet Bhosale,Amul Taaza Milk 500ml,2,piece,28,56,6,0,0,1073.72,1073.72,0,229.72,cash:1073.72
KOS-2026-005794,2026-06-29,18:30,normal_sale,active,Gurpreet Bhosale,Sprite 750ml,1,piece,40,40,8,28,0,1073.72,1073.72,0,229.72,cash:1073.72
KOS-2026-005793,2026-06-29,17:48,normal_sale,active,Rohit Salunkhe,Match Box,1,piece,2.08,2.08,0.98,18,0,2.08,2.08,0,0.98,cash:2.08
KOS-2026-005792,2026-06-29,17:41,normal_sale,active,Walk-in,Colgate Strong Teeth 200g,1,piece,113.64,113.64,21.64,18,28.41,303.55,303.55,0,35.55,cash:303.55
KOS-2026-005792,2026-06-29,17:41,normal_sale,active,Walk-in,Maggi Noodles 8-pack,1,piece,112.52,112.52,20.52,12,28.41,303.55,303.55,0,35.55,cash:303.55
KOS-2026-005792,2026-06-29,17:41,normal_sale,active,Walk-in,Britannia Brown Bread,2,piece,52.9,105.8,21.8,0,28.41,303.55,303.55,0,35.55,cash:303.55
KOS-2026-005791,2026-06-29,16:21,normal_sale,active,Walk-in,Saffola Gold Oil 1L,1,piece,203.57,203.57,38.57,5,30.84,341.21,341.21,0,38.21,upi:341.21
KOS-2026-005791,2026-06-29,16:21,normal_sale,active,Walk-in,Fortune Sunflower Oil 1L,1,piece,168.48,168.48,30.48,5,30.84,341.21,341.21,0,38.21,upi:341.21
KOS-2026-005789,2026-06-29,12:56,normal_sale,active,Farida Shaikh,Onion,5,kg,36.44,182.2,62.2,0,0,323.64,323.64,0,93.14,upi:323.64
KOS-2026-005789,2026-06-29,12:56,normal_sale,active,Farida Shaikh,Sona Masoori Rice (loose),1,kg,58,58,12,0,0,323.64,323.64,0,93.14,upi:323.64
KOS-2026-005789,2026-06-29,12:56,normal_sale,active,Farida Shaikh,Lifebuoy Soap 125g,1,piece,35.94,35.94,7.94,18,0,323.64,323.64,0,93.14,upi:323.64
KOS-2026-005789,2026-06-29,12:56,normal_sale,active,Farida Shaikh,KitKat 4-finger,1,piece,21.23,21.23,4.23,18,0,323.64,323.64,0,93.14,upi:323.64
KOS-2026-005789,2026-06-29,12:56,normal_sale,active,Farida Shaikh,Besan (loose),0.25,kg,105.06,26.27,6.77,5,0,323.64,323.64,0,93.14,upi:323.64
KOS-2026-005790,2026-06-29,12:56,normal_sale,active,Walk-in,Bournvita 500g,1,piece,275.51,275.51,43.51,18,0,1183.98,1183.98,0,222.38,cash:465|upi:718.98
KOS-2026-005790,2026-06-29,12:56,normal_sale,active,Walk-in,Coca-Cola 750ml,2,piece,42.7,85.4,21.4,28,0,1183.98,1183.98,0,222.38,cash:465|upi:718.98
KOS-2026-005790,2026-06-29,12:56,normal_sale,active,Walk-in,Aashirvaad Atta 5kg,2,piece,303.09,606.18,116.18,5,0,1183.98,1183.98,0,222.38,cash:465|upi:718.98
KOS-2026-005790,2026-06-29,12:56,normal_sale,active,Walk-in,Maggi Noodles 8-pack,1,piece,112.52,112.52,20.52,12,0,1183.98,1183.98,0,222.38,cash:465|upi:718.98
KOS-2026-005790,2026-06-29,12:56,normal_sale,active,Walk-in,Close Up Red 150g,1,piece,95.79,95.79,17.79,18,0,1183.98,1183.98,0,222.38,cash:465|upi:718.98
KOS-2026-005790,2026-06-29,12:56,normal_sale,active,Walk-in,Potato,0.25,kg,26,6.5,2,0,0,1183.98,1183.98,0,222.38,cash:465|upi:718.98
KOS-2026-005790,2026-06-29,12:56,normal_sale,active,Walk-in,Match Box,1,piece,2.08,2.08,0.98,18,0,1183.98,1183.98,0,222.38,cash:465|upi:718.98
KOS-2026-005788,2026-06-29,12:18,normal_sale,active,Manisha Deshmukh,Bisleri Water 1L,1,piece,20,20,7,18,0,132.52,132.52,0,27.52,upi:132.52
KOS-2026-005788,2026-06-29,12:18,normal_sale,active,Manisha Deshmukh,Maggi Noodles 8-pack,1,piece,112.52,112.52,20.52,12,0,132.52,132.52,0,27.52,upi:132.52
KOS-2026-005787,2026-06-29,12:09,normal_sale,active,Walk-in,Sunfeast Dark Fantasy 75g,2,piece,41.68,83.36,15.36,18,0,212.24,212.24,0,41.24,upi:212.24
KOS-2026-005787,2026-06-29,12:09,normal_sale,active,Walk-in,Britannia Marie Gold 250g,2,piece,41.48,82.96,16.96,18,0,212.24,212.24,0,41.24,upi:212.24
KOS-2026-005787,2026-06-29,12:09,normal_sale,active,Walk-in,Oreo Biscuit 120g,1,piece,35,35,5,18,0,212.24,212.24,0,41.24,upi:212.24
KOS-2026-005787,2026-06-29,12:09,normal_sale,active,Walk-in,Reynolds Pen,1,piece,10.92,10.92,3.92,12,0,212.24,212.24,0,41.24,upi:212.24
KOS-2026-005786,2026-06-29,11:22,normal_sale,active,Prakash Sharma,Lux Soap 100g,1,piece,40.33,40.33,10.33,18,0,40.33,40.33,0,10.33,upi:40.33
KOS-2026-005785,2026-06-29,10:28,normal_sale,active,Walk-in,Dettol Antiseptic 250ml,1,piece,160.07,160.07,28.07,18,0,467.25,467.25,0,77.85,upi:467.25
KOS-2026-005785,2026-06-29,10:28,normal_sale,active,Walk-in,Sunfeast Dark Fantasy 75g,3,piece,41.68,125.04,23.04,18,0,467.25,467.25,0,77.85,upi:467.25
KOS-2026-005785,2026-06-29,10:28,normal_sale,active,Walk-in,Parle-G Biscuit 100g,3,piece,10.55,31.65,6.75,18,0,467.25,467.25,0,77.85,upi:467.25
KOS-2026-005785,2026-06-29,10:28,normal_sale,active,Walk-in,Amul Cheese Slices 200g,1,piece,140,140,18,12,0,467.25,467.25,0,77.85,upi:467.25
KOS-2026-005785,2026-06-29,10:28,normal_sale,active,Walk-in,Frooti 200ml,1,piece,10.49,10.49,1.99,12,0,467.25,467.25,0,77.85,upi:467.25
KOS-2026-005784,2026-06-29,09:24,normal_sale,active,Pooja Bhosale,Rava / Sooji (loose),0.5,kg,48.98,24.49,6.49,5,14.49,10,10,0,-8,cash:10
KOS-2026-005783,2026-06-29,08:49,normal_sale,active,Walk-in,Amul Masti Dahi 400g,1,piece,40,40,8,5,0,50.49,50.49,0,9.99,upi:50.49
KOS-2026-005783,2026-06-29,08:49,normal_sale,active,Walk-in,Frooti 200ml,1,piece,10.49,10.49,1.99,12,0,50.49,50.49,0,9.99,upi:50.49
KOS-2026-005782,2026-06-29,08:37,normal_sale,active,Jyoti Patil,Wheat Atta (loose),0.25,kg,42,10.5,2.5,0,0,31.48,31.48,0,6.48,bank:31.48
KOS-2026-005782,2026-06-29,08:37,normal_sale,active,Jyoti Patil,Frooti 200ml,2,piece,10.49,20.98,3.98,12,0,31.48,31.48,0,6.48,bank:31.48
KOS-2026-005781,2026-06-29,08:33,normal_sale,active,Walk-in,Classmate Notebook 172pg,1,piece,57.68,57.68,15.68,12,0,1117.11,1117,0,234.5,cash:1117
KOS-2026-005781,2026-06-29,08:33,normal_sale,active,Walk-in,Vim Liquid 500ml,3,piece,122.49,367.47,73.47,18,0,1117.11,1117,0,234.5,cash:1117
KOS-2026-005781,2026-06-29,08:33,normal_sale,active,Walk-in,Tata Salt 1kg,2,piece,33.4,66.8,18.8,0,0,1117.11,1117,0,234.5,cash:1117
KOS-2026-005781,2026-06-29,08:33,normal_sale,active,Walk-in,Red Label Tea 250g,2,piece,157.13,314.26,58.26,5,0,1117.11,1117,0,234.5,cash:1117
KOS-2026-005781,2026-06-29,08:33,normal_sale,active,Walk-in,Coca-Cola 750ml,2,piece,42.7,85.4,21.4,28,0,1117.11,1117,0,234.5,cash:1117
KOS-2026-005781,2026-06-29,08:33,normal_sale,active,Walk-in,Maggi Noodles 70g,2,piece,14.55,29.1,6.1,12,0,1117.11,1117,0,234.5,cash:1117
KOS-2026-005781,2026-06-29,08:33,normal_sale,active,Walk-in,Lifebuoy Soap 125g,1,piece,35.94,35.94,7.94,18,0,1117.11,1117,0,234.5,cash:1117
KOS-2026-005781,2026-06-29,08:33,normal_sale,active,Walk-in,Sunfeast Dark Fantasy 75g,2,piece,41.68,83.36,15.36,18,0,1117.11,1117,0,234.5,cash:1117
KOS-2026-005781,2026-06-29,08:33,normal_sale,active,Walk-in,Sona Masoori Rice (loose),0.25,kg,58,14.5,3,0,0,1117.11,1117,0,234.5,cash:1117
KOS-2026-005781,2026-06-29,08:33,normal_sale,active,Walk-in,Agarbatti Pack (20 sticks),2,piece,31.3,62.6,14.6,12,0,1117.11,1117,0,234.5,cash:1117
KOS-2026-005780,2026-06-29,08:29,normal_sale,active,Walk-in,Onion,0.25,kg,36.44,9.11,3.11,0,0,212.68,212.68,0,41.68,upi:212.68
KOS-2026-005780,2026-06-29,08:29,normal_sale,active,Walk-in,Saffola Gold Oil 1L,1,piece,203.57,203.57,38.57,5,0,212.68,212.68,0,41.68,upi:212.68
KOS-2026-005779,2026-06-29,08:26,normal_sale,active,Suresh Kulkarni,Lux Soap 100g,1,piece,40.33,40.33,10.33,18,0,354.42,354.42,0,74.42,cash:212|upi:142.42
KOS-2026-005779,2026-06-29,08:26,normal_sale,active,Suresh Kulkarni,Potato,1,kg,26,26,8,0,0,354.42,354.42,0,74.42,cash:212|upi:142.42
KOS-2026-005779,2026-06-29,08:26,normal_sale,active,Suresh Kulkarni,Maggi Noodles 8-pack,2,piece,112.52,225.04,41.04,12,0,354.42,354.42,0,74.42,cash:212|upi:142.42
KOS-2026-005779,2026-06-29,08:26,normal_sale,active,Suresh Kulkarni,Catch Red Chilli Powder 100g,1,piece,63.05,63.05,15.05,5,0,354.42,354.42,0,74.42,cash:212|upi:142.42
KOS-2026-005778,2026-06-28,21:47,normal_sale,active,Walk-in,Tomato,0.5,kg,41.9,20.95,7.95,0,0,172.57,172.57,0,47.07,upi:172.57
KOS-2026-005778,2026-06-28,21:47,normal_sale,active,Walk-in,Bingo Mad Angles 66g,1,piece,21.01,21.01,4.51,12,0,172.57,172.57,0,47.07,upi:172.57
KOS-2026-005778,2026-06-28,21:47,normal_sale,active,Walk-in,Moong Dal (loose),1,kg,130.61,130.61,34.61,0,0,172.57,172.57,0,47.07,upi:172.57
KOS-2026-005777,2026-06-28,21:08,normal_sale,active,Walk-in,Agarbatti Pack (20 sticks),2,piece,31.3,62.6,14.6,12,0,76.6,76.6,0,17.6,upi:76.6
KOS-2026-005777,2026-06-28,21:08,normal_sale,active,Walk-in,Yippee Noodles 70g,1,piece,14,14,3,12,0,76.6,76.6,0,17.6,upi:76.6
KOS-2026-005776,2026-06-28,20:46,normal_sale,active,Annapurna Mess & Canteen,Urad Dal (loose),0.5,kg,140.67,70.33,17.83,0,0,70.33,70,0,17.5,cash:70
KOS-2026-005775,2026-06-28,20:34,normal_sale,active,Walk-in,Candle Pack (6 pc),2,piece,42,84,20,12,0,922.04,922.04,0,176.04,cash:922.04
KOS-2026-005775,2026-06-28,20:34,normal_sale,active,Walk-in,Coca-Cola 750ml,1,piece,42.7,42.7,10.7,28,0,922.04,922.04,0,176.04,cash:922.04
KOS-2026-005775,2026-06-28,20:34,normal_sale,active,Walk-in,Fortune Sunflower Oil 1L,1,piece,168.48,168.48,30.48,5,0,922.04,922.04,0,176.04,cash:922.04
KOS-2026-005775,2026-06-28,20:34,normal_sale,active,Walk-in,Sprite 750ml,1,piece,40,40,8,28,0,922.04,922.04,0,176.04,cash:922.04
KOS-2026-005775,2026-06-28,20:34,normal_sale,active,Walk-in,Dettol Antiseptic 250ml,2,piece,160.07,320.14,56.14,18,0,922.04,922.04,0,176.04,cash:922.04
KOS-2026-005775,2026-06-28,20:34,normal_sale,active,Walk-in,Dairy Milk 50g,3,piece,40,120,18,18,0,922.04,922.04,0,176.04,cash:922.04
KOS-2026-005775,2026-06-28,20:34,normal_sale,active,Walk-in,Basmati Rice Premium (loose),0.5,kg,126.71,63.36,17.36,0,0,922.04,922.04,0,176.04,cash:922.04
KOS-2026-005775,2026-06-28,20:34,normal_sale,active,Walk-in,Sunfeast Dark Fantasy 75g,2,piece,41.68,83.36,15.36,18,0,922.04,922.04,0,176.04,cash:922.04
KOS-2026-005774,2026-06-28,20:23,normal_sale,active,Walk-in,Coca-Cola 750ml,2,piece,42.7,85.4,21.4,28,0,678.15,678,0,151.95,cash:678
KOS-2026-005774,2026-06-28,20:23,normal_sale,active,Walk-in,Amul Masti Dahi 400g,1,piece,40,40,8,5,0,678.15,678,0,151.95,cash:678
KOS-2026-005774,2026-06-28,20:23,normal_sale,active,Walk-in,Tomato,0.25,kg,41.9,10.48,3.98,0,0,678.15,678,0,151.95,cash:678
KOS-2026-005774,2026-06-28,20:23,normal_sale,active,Walk-in,Sprite 750ml,1,piece,40,40,8,28,0,678.15,678,0,151.95,cash:678
KOS-2026-005774,2026-06-28,20:23,normal_sale,active,Walk-in,Aashirvaad Atta 5kg,1,piece,303.09,303.09,58.09,5,0,678.15,678,0,151.95,cash:678
KOS-2026-005774,2026-06-28,20:23,normal_sale,active,Walk-in,Onion,0.25,kg,36.44,9.11,3.11,0,0,678.15,678,0,151.95,cash:678
KOS-2026-005774,2026-06-28,20:23,normal_sale,active,Walk-in,Parle-G Biscuit 100g,1,piece,10.55,10.55,2.25,18,0,678.15,678,0,151.95,cash:678
KOS-2026-005774,2026-06-28,20:23,normal_sale,active,Walk-in,Lux Soap 100g,1,piece,40.33,40.33,10.33,18,0,678.15,678,0,151.95,cash:678
KOS-2026-005774,2026-06-28,20:23,normal_sale,active,Walk-in,Basmati Rice Premium (loose),1,kg,126.71,126.71,34.71,0,0,678.15,678,0,151.95,cash:678
KOS-2026-005774,2026-06-28,20:23,normal_sale,active,Walk-in,Sugar (loose),0.25,kg,49.91,12.48,2.23,5,0,678.15,678,0,151.95,cash:678
KOS-2026-005773,2026-06-28,20:18,normal_sale,active,Nilesh Joshi,Chana Dal (loose),0.5,kg,95.24,47.62,10.62,0,0,293.91,0,293.91,71.91,
KOS-2026-005773,2026-06-28,20:18,normal_sale,active,Nilesh Joshi,Britannia Brown Bread,1,piece,52.9,52.9,10.9,0,0,293.91,0,293.91,71.91,
KOS-2026-005773,2026-06-28,20:18,normal_sale,active,Nilesh Joshi,Toor Dal (loose),1,kg,161.66,161.66,43.66,0,0,293.91,0,293.91,71.91,
KOS-2026-005773,2026-06-28,20:18,normal_sale,active,Nilesh Joshi,Britannia Good Day 100g,1,piece,31.73,31.73,6.73,18,0,293.91,0,293.91,71.91,
KOS-2026-005772,2026-06-28,20:14,normal_sale,active,Ashwini Pawar,Red Label Tea 250g,1,piece,157.13,157.13,29.13,5,20.23,177.23,177,0,19,cash:177
KOS-2026-005772,2026-06-28,20:14,normal_sale,active,Ashwini Pawar,Lux Soap 100g,1,piece,40.33,40.33,10.33,18,20.23,177.23,177,0,19,cash:177
KOS-2026-005771,2026-06-28,19:34,normal_sale,active,Imran Jadhav,Coca-Cola 750ml,1,piece,42.7,42.7,10.7,28,0,105.99,105.99,0,24.19,cash:105.99
KOS-2026-005771,2026-06-28,19:34,normal_sale,active,Imran Jadhav,Britannia Good Day 100g,1,piece,31.73,31.73,6.73,18,0,105.99,105.99,0,24.19,cash:105.99
KOS-2026-005771,2026-06-28,19:34,normal_sale,active,Imran Jadhav,Bingo Mad Angles 66g,1,piece,21.01,21.01,4.51,12,0,105.99,105.99,0,24.19,cash:105.99
KOS-2026-005771,2026-06-28,19:34,normal_sale,active,Imran Jadhav,Parle-G Biscuit 100g,1,piece,10.55,10.55,2.25,18,0,105.99,105.99,0,24.19,cash:105.99
KOS-2026-005770,2026-06-28,19:19,normal_sale,active,Walk-in,Colgate Strong Teeth 200g,1,piece,113.64,113.64,21.64,18,0,416.25,416.25,0,87.25,upi:416.25
KOS-2026-005770,2026-06-28,19:19,normal_sale,active,Walk-in,Harpic Toilet Cleaner 500ml,1,piece,105,105,17,18,0,416.25,416.25,0,87.25,upi:416.25
KOS-2026-005770,2026-06-28,19:19,normal_sale,active,Walk-in,Tata Salt 1kg,1,piece,33.4,33.4,9.4,0,0,416.25,416.25,0,87.25,upi:416.25
KOS-2026-005770,2026-06-28,19:19,normal_sale,active,Walk-in,Tomato,0.5,kg,41.9,20.95,7.95,0,0,416.25,416.25,0,87.25,upi:416.25
KOS-2026-005770,2026-06-28,19:19,normal_sale,active,Walk-in,Everest Turmeric 200g,1,piece,79.8,79.8,17.8,5,0,416.25,416.25,0,87.25,upi:416.25
KOS-2026-005770,2026-06-28,19:19,normal_sale,active,Walk-in,Britannia Good Day 100g,2,piece,31.73,63.46,13.46,18,0,416.25,416.25,0,87.25,upi:416.25
KOS-2026-005769,2026-06-28,19:09,normal_sale,active,Nitin Shaikh,Ariel Detergent 1kg,1,piece,163.43,163.43,31.43,18,0,1057.94,1057,0,232.5,cash:1057
KOS-2026-005769,2026-06-28,19:09,normal_sale,active,Nitin Shaikh,Chana Dal (loose),0.25,kg,95.24,23.81,5.31,0,0,1057.94,1057,0,232.5,cash:1057
KOS-2026-005769,2026-06-28,19:09,normal_sale,active,Nitin Shaikh,Classmate Notebook 172pg,3,piece,57.68,173.04,47.04,12,0,1057.94,1057,0,232.5,cash:1057
KOS-2026-005769,2026-06-28,19:09,normal_sale,active,Nitin Shaikh,Frooti 200ml,1,piece,10.49,10.49,1.99,12,0,1057.94,1057,0,232.5,cash:1057
KOS-2026-005769,2026-06-28,19:09,normal_sale,active,Nitin Shaikh,Mustard Oil (loose),1,l,167.39,167.39,39.39,5,0,1057.94,1057,0,232.5,cash:1057
KOS-2026-005769,2026-06-28,19:09,normal_sale,active,Nitin Shaikh,Potato,0.5,kg,26,13,4,0,0,1057.94,1057,0,232.5,cash:1057
KOS-2026-005769,2026-06-28,19:09,normal_sale,active,Nitin Shaikh,Lays Classic Salted 52g,2,piece,22.47,44.94,11.94,12,0,1057.94,1057,0,232.5,cash:1057
KOS-2026-005769,2026-06-28,19:09,normal_sale,active,Nitin Shaikh,Amul Gold Milk 500ml,2,piece,34.79,69.58,9.58,0,0,1057.94,1057,0,232.5,cash:1057
KOS-2026-005769,2026-06-28,19:09,normal_sale,active,Nitin Shaikh,Parachute Coconut Oil 200ml,1,piece,104.47,104.47,22.47,18,0,1057.94,1057,0,232.5,cash:1057
KOS-2026-005769,2026-06-28,19:09,normal_sale,active,Nitin Shaikh,Everest Turmeric 200g,2,piece,79.8,159.6,35.6,5,0,1057.94,1057,0,232.5,cash:1057
KOS-2026-005769,2026-06-28,19:09,normal_sale,active,Nitin Shaikh,Maggi Noodles 70g,1,piece,14.55,14.55,3.05,12,0,1057.94,1057,0,232.5,cash:1057
KOS-2026-005769,2026-06-28,19:09,normal_sale,active,Nitin Shaikh,Colgate Strong Teeth 200g,1,piece,113.64,113.64,21.64,18,0,1057.94,1057,0,232.5,cash:1057
KOS-2026-005768,2026-06-28,19:02,normal_sale,active,Walk-in,Bisleri Water 1L,1,piece,20,20,7,18,0,604.43,604,0,120,cash:604
KOS-2026-005768,2026-06-28,19:02,normal_sale,active,Walk-in,Amul Masti Dahi 400g,1,piece,40,40,8,5,0,604.43,604,0,120,cash:604
KOS-2026-005768,2026-06-28,19:02,normal_sale,active,Walk-in,Maggi Noodles 70g,3,piece,14.55,43.65,9.15,12,0,604.43,604,0,120,cash:604
KOS-2026-005768,2026-06-28,19:02,normal_sale,active,Walk-in,Ariel Detergent 1kg,3,piece,163.43,490.29,94.29,18,0,604.43,604,0,120,cash:604
KOS-2026-005768,2026-06-28,19:02,normal_sale,active,Walk-in,Frooti 200ml,1,piece,10.49,10.49,1.99,12,0,604.43,604,0,120,cash:604
KOS-2026-005767,2026-06-28,18:45,normal_sale,active,Walk-in,Amul Taaza Milk 500ml,1,piece,28,28,3,0,0,28,28,0,3,cash:28
KOS-2026-005766,2026-06-28,18:33,normal_sale,active,Walk-in,Sona Masoori Rice (loose),1,kg,58,58,12,0,0,115.68,115.68,0,27.68,cash:44|upi:71.68
KOS-2026-005766,2026-06-28,18:33,normal_sale,active,Walk-in,Classmate Notebook 172pg,1,piece,57.68,57.68,15.68,12,0,115.68,115.68,0,27.68,cash:44|upi:71.68
KOS-2026-005765,2026-06-28,18:28,normal_sale,active,Walk-in,Frooti 200ml,2,piece,10.49,20.98,3.98,12,0,220.98,220.98,0,39.78,cash:144|upi:76.98
KOS-2026-005765,2026-06-28,18:28,normal_sale,active,Walk-in,Amul Cheese Slices 200g,1,piece,140,140,18,12,0,220.98,220.98,0,39.78,cash:144|upi:76.98
KOS-2026-005765,2026-06-28,18:28,normal_sale,active,Walk-in,Farm Eggs,1,piece,8,8,1.8,0,0,220.98,220.98,0,39.78,cash:144|upi:76.98
KOS-2026-005765,2026-06-28,18:28,normal_sale,active,Walk-in,Potato,2,kg,26,52,16,0,0,220.98,220.98,0,39.78,cash:144|upi:76.98
KOS-2026-005764,2026-06-28,17:06,normal_sale,active,Walk-in,Everest Turmeric 200g,1,piece,79.8,79.8,17.8,5,0,377.97,377,0,81.4,cash:377
KOS-2026-005764,2026-06-28,17:06,normal_sale,active,Walk-in,Haldiram Bhujia 200g,3,piece,57.46,172.38,37.38,12,0,377.97,377,0,81.4,cash:377
KOS-2026-005764,2026-06-28,17:06,normal_sale,active,Walk-in,Britannia Good Day 100g,2,piece,31.73,63.46,13.46,18,0,377.97,377,0,81.4,cash:377
KOS-2026-005764,2026-06-28,17:06,normal_sale,active,Walk-in,Thums Up 750ml,1,piece,41.23,41.23,9.23,28,0,377.97,377,0,81.4,cash:377
KOS-2026-005764,2026-06-28,17:06,normal_sale,active,Walk-in,Parle-G Biscuit 100g,2,piece,10.55,21.1,4.5,18,0,377.97,377,0,81.4,cash:377
KOS-2026-005763,2026-06-28,17:02,normal_sale,active,Gurpreet Kulkarni,Lizol Floor Cleaner 500ml,1,piece,125,125,20,18,0,1612.72,1612.72,0,337.72,upi:1612.72
KOS-2026-005763,2026-06-28,17:02,normal_sale,active,Gurpreet Kulkarni,Horlicks 500g,4,piece,314.21,1256.84,276.84,18,0,1612.72,1612.72,0,337.72,upi:1612.72
KOS-2026-005763,2026-06-28,17:02,normal_sale,active,Gurpreet Kulkarni,Dairy Milk 50g,1,piece,40,40,6,18,0,1612.72,1612.72,0,337.72,upi:1612.72
KOS-2026-005763,2026-06-28,17:02,normal_sale,active,Gurpreet Kulkarni,MDH Garam Masala 100g,2,piece,95.44,190.88,34.88,5,0,1612.72,1612.72,0,337.72,upi:1612.72
KOS-2026-005762,2026-06-28,13:02,normal_sale,active,Walk-in,Potato,2,kg,26,52,16,0,0,237.22,237.22,0,51.22,upi:237.22
KOS-2026-005762,2026-06-28,13:02,normal_sale,active,Walk-in,Thums Up 750ml,1,piece,41.23,41.23,9.23,28,0,237.22,237.22,0,51.22,upi:237.22
KOS-2026-005762,2026-06-28,13:02,normal_sale,active,Walk-in,Surf Excel Easy Wash 1kg,1,piece,143.99,143.99,25.99,18,0,237.22,237.22,0,51.22,upi:237.22
KOS-2026-005761,2026-06-28,12:55,normal_sale,active,Walk-in,Bisleri Water 1L,2,piece,20,40,14,18,0,218.08,218,0,51,cash:218
KOS-2026-005761,2026-06-28,12:55,normal_sale,active,Walk-in,Red Label Tea 250g,1,piece,157.13,157.13,29.13,5,0,218.08,218,0,51,cash:218
KOS-2026-005761,2026-06-28,12:55,normal_sale,active,Walk-in,Tomato,0.5,kg,41.9,20.95,7.95,0,0,218.08,218,0,51,cash:218
KOS-2026-005760,2026-06-28,12:42,normal_sale,active,Walk-in,Maggi Noodles 8-pack,1,piece,112.52,112.52,20.52,12,0,268.54,268,0,66,cash:268
KOS-2026-005760,2026-06-28,12:42,normal_sale,active,Walk-in,Sprite 750ml,1,piece,40,40,8,28,0,268.54,268,0,66,cash:268
KOS-2026-005760,2026-06-28,12:42,normal_sale,active,Walk-in,Ginger,1,kg,116.02,116.02,38.02,0,0,268.54,268,0,66,cash:268
KOS-2026-005759,2026-06-28,12:18,normal_sale,active,Manisha Deshmukh,Coca-Cola 750ml,2,piece,42.7,85.4,21.4,28,0,133.02,133.02,0,32.02,bank:133.02
KOS-2026-005759,2026-06-28,12:18,normal_sale,active,Manisha Deshmukh,Chana Dal (loose),0.5,kg,95.24,47.62,10.62,0,0,133.02,133.02,0,32.02,bank:133.02
KOS-2026-005758,2026-06-28,12:02,normal_sale,active,Walk-in,Maggi Noodles 70g,1,piece,14.55,14.55,3.05,12,0,58.08,58.08,0,15.18,bank:58.08
KOS-2026-005758,2026-06-28,12:02,normal_sale,active,Walk-in,Wheat Atta (loose),0.5,kg,42,21,5,0,0,58.08,58.08,0,15.18,bank:58.08
KOS-2026-005758,2026-06-28,12:02,normal_sale,active,Walk-in,Lemon,2,piece,5.14,10.28,3.88,0,0,58.08,58.08,0,15.18,bank:58.08
KOS-2026-005758,2026-06-28,12:02,normal_sale,active,Walk-in,Rava / Sooji (loose),0.25,kg,48.98,12.25,3.25,5,0,58.08,58.08,0,15.18,bank:58.08
KOS-2026-005757,2026-06-28,11:46,normal_sale,active,Maria Khan,Lays Classic Salted 52g,1,piece,22.47,22.47,5.97,12,0,1565.11,1565.11,0,331.61,upi:1565.11
KOS-2026-005757,2026-06-28,11:46,normal_sale,active,Maria Khan,Onion,5,kg,36.44,182.2,62.2,0,0,1565.11,1565.11,0,331.61,upi:1565.11
KOS-2026-005757,2026-06-28,11:46,normal_sale,active,Maria Khan,Good Knight Refill 45ml,2,piece,91.97,183.94,39.94,18,0,1565.11,1565.11,0,331.61,upi:1565.11
KOS-2026-005757,2026-06-28,11:46,normal_sale,active,Maria Khan,Amul Taaza Milk 500ml,1,piece,28,28,3,0,0,1565.11,1565.11,0,331.61,upi:1565.11
KOS-2026-005757,2026-06-28,11:46,normal_sale,active,Maria Khan,Tata Salt 1kg,2,piece,33.4,66.8,18.8,0,0,1565.11,1565.11,0,331.61,upi:1565.11
KOS-2026-005757,2026-06-28,11:46,normal_sale,active,Maria Khan,Tata Tea Gold 500g,2,piece,323.95,647.9,117.9,5,0,1565.11,1565.11,0,331.61,upi:1565.11
KOS-2026-005757,2026-06-28,11:46,normal_sale,active,Maria Khan,Mother Dairy Paneer 200g,2,piece,105,210,34,5,0,1565.11,1565.11,0,331.61,upi:1565.11
KOS-2026-005757,2026-06-28,11:46,normal_sale,active,Maria Khan,Tomato,2,kg,41.9,83.8,31.8,0,0,1565.11,1565.11,0,331.61,upi:1565.11
KOS-2026-005757,2026-06-28,11:46,normal_sale,active,Maria Khan,Amul Cheese Slices 200g,1,piece,140,140,18,12,0,1565.11,1565.11,0,331.61,upi:1565.11
KOS-2026-005756,2026-06-28,11:17,normal_sale,active,Walk-in,Tata Tea Gold 500g,1,piece,323.95,323.95,58.95,5,0,323.95,323.95,0,58.95,upi:323.95
KOS-2026-005755,2026-06-28,11:15,normal_sale,active,Walk-in,Tata Salt 1kg,1,piece,33.4,33.4,9.4,0,0,73.4,73.4,0,15.4,upi:73.4
KOS-2026-005755,2026-06-28,11:15,normal_sale,active,Walk-in,Dairy Milk 50g,1,piece,40,40,6,18,0,73.4,73.4,0,15.4,upi:73.4
KOS-2026-005754,2026-06-28,11:10,normal_sale,active,Walk-in,Dairy Milk 50g,1,piece,40,40,6,18,0,123.41,123.41,0,25.41,bank:123.41
KOS-2026-005754,2026-06-28,11:10,normal_sale,active,Walk-in,Vim Dishwash Bar 200g,2,piece,21.09,42.18,10.18,18,0,123.41,123.41,0,25.41,bank:123.41
KOS-2026-005754,2026-06-28,11:10,normal_sale,active,Walk-in,Thums Up 750ml,1,piece,41.23,41.23,9.23,28,0,123.41,123.41,0,25.41,bank:123.41
KOS-2026-005753,2026-06-28,10:48,normal_sale,active,Walk-in,Vim Dishwash Bar 200g,1,piece,21.09,21.09,5.09,18,0,207.01,207.01,0,40.66,cash:96|upi:111.01
KOS-2026-005753,2026-06-28,10:48,normal_sale,active,Walk-in,Kurkure Masala Munch 70g,2,piece,20,40,7,12,0,207.01,207.01,0,40.66,cash:96|upi:111.01
KOS-2026-005753,2026-06-28,10:48,normal_sale,active,Walk-in,Kissan Tomato Ketchup 500g,1,piece,105,105,17,12,0,207.01,207.01,0,40.66,cash:96|upi:111.01
KOS-2026-005753,2026-06-28,10:48,normal_sale,active,Walk-in,Tata Salt 1kg,1,piece,33.4,33.4,9.4,0,0,207.01,207.01,0,40.66,cash:96|upi:111.01
KOS-2026-005753,2026-06-28,10:48,normal_sale,active,Walk-in,Center Fresh Gum (jar pc),1,piece,1.02,1.02,0.17,18,0,207.01,207.01,0,40.66,cash:96|upi:111.01
KOS-2026-005753,2026-06-28,10:48,normal_sale,active,Walk-in,Potato,0.25,kg,26,6.5,2,0,0,207.01,207.01,0,40.66,cash:96|upi:111.01
KOS-2026-005752,2026-06-28,10:29,normal_sale,active,Sneha Rane,Bisleri Water 1L,1,piece,20,20,7,18,10,10,10,0,-3,cash:10
KOS-2026-005751,2026-06-28,10:16,normal_sale,active,Imran Singh,Bisleri Water 1L,1,piece,20,20,7,18,0,694.1,694.1,0,179.6,upi:694.1
KOS-2026-005751,2026-06-28,10:16,normal_sale,active,Imran Singh,Lays Classic Salted 52g,2,piece,22.47,44.94,11.94,12,0,694.1,694.1,0,179.6,upi:694.1
KOS-2026-005751,2026-06-28,10:16,normal_sale,active,Imran Singh,Besan (loose),5,kg,105.06,525.3,135.3,5,0,694.1,694.1,0,179.6,upi:694.1
KOS-2026-005751,2026-06-28,10:16,normal_sale,active,Imran Singh,Sugar (loose),0.5,kg,49.91,24.96,4.46,5,0,694.1,694.1,0,179.6,upi:694.1
KOS-2026-005751,2026-06-28,10:16,normal_sale,active,Imran Singh,Onion,1,kg,36.44,36.44,12.44,0,0,694.1,694.1,0,179.6,upi:694.1
KOS-2026-005751,2026-06-28,10:16,normal_sale,active,Imran Singh,KitKat 4-finger,2,piece,21.23,42.46,8.46,18,0,694.1,694.1,0,179.6,upi:694.1
KOS-2026-005750,2026-06-28,10:11,normal_sale,active,Nitin Kadam,Candle Pack (6 pc),2,piece,42,84,20,12,0,131.62,131.62,0,30.62,upi:131.62
KOS-2026-005750,2026-06-28,10:11,normal_sale,active,Nitin Kadam,Chana Dal (loose),0.5,kg,95.24,47.62,10.62,0,0,131.62,131.62,0,30.62,upi:131.62
KOS-2026-005749,2026-06-28,09:50,normal_sale,active,Walk-in,Maggi Noodles 8-pack,1,piece,112.52,112.52,20.52,12,0,278.56,278.56,0,59.96,upi:278.56
KOS-2026-005749,2026-06-28,09:50,normal_sale,active,Walk-in,Bisleri Water 1L,1,piece,20,20,7,18,0,278.56,278.56,0,59.96,upi:278.56
KOS-2026-005749,2026-06-28,09:50,normal_sale,active,Walk-in,Sprite 750ml,2,piece,40,80,16,28,0,278.56,278.56,0,59.96,upi:278.56
KOS-2026-005749,2026-06-28,09:50,normal_sale,active,Walk-in,Lays Classic Salted 52g,2,piece,22.47,44.94,11.94,12,0,278.56,278.56,0,59.96,upi:278.56
KOS-2026-005749,2026-06-28,09:50,normal_sale,active,Walk-in,Parle-G Biscuit 100g,2,piece,10.55,21.1,4.5,18,0,278.56,278.56,0,59.96,upi:278.56
KOS-2026-005748,2026-06-28,09:09,normal_sale,active,Walk-in,Amul Gold Milk 500ml,1,piece,34.79,34.79,4.79,0,0,318.23,318.23,0,59.73,cash:318.23
KOS-2026-005748,2026-06-28,09:09,normal_sale,active,Walk-in,Gillette Guard Razor,2,piece,35.93,71.86,15.86,18,0,318.23,318.23,0,59.73,cash:318.23
KOS-2026-005748,2026-06-28,09:09,normal_sale,active,Walk-in,Close Up Red 150g,2,piece,95.79,191.58,35.58,18,0,318.23,318.23,0,59.73,cash:318.23
KOS-2026-005748,2026-06-28,09:09,normal_sale,active,Walk-in,Kurkure Masala Munch 70g,1,piece,20,20,3.5,12,0,318.23,318.23,0,59.73,cash:318.23
KOS-2026-005747,2026-06-28,09:01,normal_sale,active,Walk-in,Dairy Milk 50g,1,piece,40,40,6,18,0,165.41,165.41,0,32.91,upi:165.41
KOS-2026-005747,2026-06-28,09:01,normal_sale,active,Walk-in,Haldiram Bhujia 200g,2,piece,57.46,114.92,24.92,12,0,165.41,165.41,0,32.91,upi:165.41
KOS-2026-005747,2026-06-28,09:01,normal_sale,active,Walk-in,Frooti 200ml,1,piece,10.49,10.49,1.99,12,0,165.41,165.41,0,32.91,upi:165.41
KOS-2026-005746,2026-06-28,08:49,normal_sale,active,Mahesh Rane,Fortune Sunflower Oil 1L,1,piece,168.48,168.48,30.48,5,0,370.08,370.08,0,70.58,cash:370.08
KOS-2026-005746,2026-06-28,08:49,normal_sale,active,Mahesh Rane,Britannia Marie Gold 250g,1,piece,41.48,41.48,8.48,18,0,370.08,370.08,0,70.58,cash:370.08
KOS-2026-005746,2026-06-28,08:49,normal_sale,active,Mahesh Rane,Moong Dal (loose),0.25,kg,130.61,32.65,8.65,0,0,370.08,370.08,0,70.58,cash:370.08
KOS-2026-005746,2026-06-28,08:49,normal_sale,active,Mahesh Rane,Lays Classic Salted 52g,1,piece,22.47,22.47,5.97,12,0,370.08,370.08,0,70.58,cash:370.08
KOS-2026-005746,2026-06-28,08:49,normal_sale,active,Mahesh Rane,Mother Dairy Paneer 200g,1,piece,105,105,17,5,0,370.08,370.08,0,70.58,cash:370.08
KOS-2026-005745,2026-06-28,08:47,normal_sale,active,Vikram Chavan,Rajma (loose),0.5,kg,145.1,72.55,18.55,0,0,635.63,635.63,0,124.83,cash:635.63
KOS-2026-005745,2026-06-28,08:47,normal_sale,active,Vikram Chavan,Sugar (loose),0.5,kg,49.91,24.96,4.46,5,0,635.63,635.63,0,124.83,cash:635.63
KOS-2026-005745,2026-06-28,08:47,normal_sale,active,Vikram Chavan,Everest Turmeric 200g,1,piece,79.8,79.8,17.8,5,0,635.63,635.63,0,124.83,cash:635.63
KOS-2026-005745,2026-06-28,08:47,normal_sale,active,Vikram Chavan,Sona Masoori Rice (loose),0.25,kg,58,14.5,3,0,0,635.63,635.63,0,124.83,cash:635.63
KOS-2026-005745,2026-06-28,08:47,normal_sale,active,Vikram Chavan,Amul Taaza Milk 500ml,1,piece,28,28,3,0,0,635.63,635.63,0,124.83,cash:635.63
KOS-2026-005745,2026-06-28,08:47,normal_sale,active,Vikram Chavan,Potato,0.25,kg,26,6.5,2,0,0,635.63,635.63,0,124.83,cash:635.63
KOS-2026-005745,2026-06-28,08:47,normal_sale,active,Vikram Chavan,Parle-G Biscuit 100g,5,piece,10.55,52.75,11.25,18,0,635.63,635.63,0,124.83,cash:635.63
KOS-2026-005745,2026-06-28,08:47,normal_sale,active,Vikram Chavan,Match Box,3,piece,2.08,6.24,2.94,18,0,635.63,635.63,0,124.83,cash:635.63
KOS-2026-005745,2026-06-28,08:47,normal_sale,active,Vikram Chavan,Urad Dal (loose),0.5,kg,140.67,70.33,17.83,0,0,635.63,635.63,0,124.83,cash:635.63
KOS-2026-005745,2026-06-28,08:47,normal_sale,active,Vikram Chavan,Harpic Toilet Cleaner 500ml,2,piece,105,210,34,18,0,635.63,635.63,0,124.83,cash:635.63
KOS-2026-005745,2026-06-28,08:47,normal_sale,active,Vikram Chavan,Oreo Biscuit 120g,2,piece,35,70,10,18,0,635.63,635.63,0,124.83,cash:635.63
KOS-2026-005744,2026-06-28,08:46,normal_sale,active,Walk-in,Vim Liquid 500ml,1,piece,122.49,122.49,24.49,18,0,509.73,509.73,0,131.23,upi:509.73
KOS-2026-005744,2026-06-28,08:46,normal_sale,active,Walk-in,Vim Dishwash Bar 200g,3,piece,21.09,63.27,15.27,18,0,509.73,509.73,0,131.23,upi:509.73
KOS-2026-005744,2026-06-28,08:46,normal_sale,active,Walk-in,Garlic,2,kg,156.74,313.48,89.48,0,0,509.73,509.73,0,131.23,upi:509.73
KOS-2026-005744,2026-06-28,08:46,normal_sale,active,Walk-in,Frooti 200ml,1,piece,10.49,10.49,1.99,12,0,509.73,509.73,0,131.23,upi:509.73
KOS-2026-005743,2026-06-28,08:32,normal_sale,active,Walk-in,Lux Soap 100g,1,piece,40.33,40.33,10.33,18,0,530.1,530.1,0,122.6,upi:530.1
KOS-2026-005743,2026-06-28,08:32,normal_sale,active,Walk-in,Agarbatti Pack (20 sticks),2,piece,31.3,62.6,14.6,12,0,530.1,530.1,0,122.6,upi:530.1
KOS-2026-005743,2026-06-28,08:32,normal_sale,active,Walk-in,Amul Gold Milk 500ml,2,piece,34.79,69.58,9.58,0,0,530.1,530.1,0,122.6,upi:530.1
KOS-2026-005743,2026-06-28,08:32,normal_sale,active,Walk-in,Lifebuoy Soap 125g,2,piece,35.94,71.88,15.88,18,0,530.1,530.1,0,122.6,upi:530.1
KOS-2026-005743,2026-06-28,08:32,normal_sale,active,Walk-in,Amul Masti Dahi 400g,1,piece,40,40,8,5,0,530.1,530.1,0,122.6,upi:530.1
KOS-2026-005743,2026-06-28,08:32,normal_sale,active,Walk-in,Bingo Mad Angles 66g,1,piece,21.01,21.01,4.51,12,0,530.1,530.1,0,122.6,upi:530.1
KOS-2026-005743,2026-06-28,08:32,normal_sale,active,Walk-in,Lays Classic Salted 52g,10,piece,22.47,224.7,59.7,12,0,530.1,530.1,0,122.6,upi:530.1
KOS-2026-005742,2026-06-28,08:15,normal_sale,active,Walk-in,Britannia Good Day 100g,1,piece,31.73,31.73,6.73,18,0,73.41,73.41,0,14.41,upi:73.41
KOS-2026-005742,2026-06-28,08:15,normal_sale,active,Walk-in,Sunfeast Dark Fantasy 75g,1,piece,41.68,41.68,7.68,18,0,73.41,73.41,0,14.41,upi:73.41
KOS-2026-005741,2026-06-27,21:30,normal_sale,active,Sneha Jadhav,Rava / Sooji (loose),2,kg,48.98,97.96,25.96,5,0,97.96,97.96,0,25.96,upi:97.96
KOS-2026-005740,2026-06-27,21:10,normal_sale,active,Salim Rane,Coca-Cola 750ml,1,piece,42.7,42.7,10.7,28,0,74.43,74.43,0,17.43,upi:74.43
KOS-2026-005740,2026-06-27,21:10,normal_sale,active,Salim Rane,Britannia Good Day 100g,1,piece,31.73,31.73,6.73,18,0,74.43,74.43,0,17.43,upi:74.43
KOS-2026-005739,2026-06-27,21:01,normal_sale,active,Walk-in,Sona Masoori Rice (loose),0.25,kg,58,14.5,3,0,0,29.05,29,0,6,cash:29
KOS-2026-005739,2026-06-27,21:01,normal_sale,active,Walk-in,Maggi Noodles 70g,1,piece,14.55,14.55,3.05,12,0,29.05,29,0,6,cash:29
KOS-2026-005738,2026-06-27,20:30,normal_sale,active,Annapurna Mess & Canteen,Maggi Noodles 70g,10,piece,14.55,145.5,30.5,12,0,1120.01,0,1120.01,223.81,
KOS-2026-005738,2026-06-27,20:30,normal_sale,active,Annapurna Mess & Canteen,Gillette Guard Razor,2,piece,35.93,71.86,15.86,18,0,1120.01,0,1120.01,223.81,
KOS-2026-005738,2026-06-27,20:30,normal_sale,active,Annapurna Mess & Canteen,Center Fresh Gum (jar pc),2,piece,1.02,2.04,0.34,18,0,1120.01,0,1120.01,223.81,
KOS-2026-005738,2026-06-27,20:30,normal_sale,active,Annapurna Mess & Canteen,Urad Dal (loose),0.5,kg,140.67,70.33,17.83,0,0,1120.01,0,1120.01,223.81,
KOS-2026-005738,2026-06-27,20:30,normal_sale,active,Annapurna Mess & Canteen,Potato,1,kg,26,26,8,0,0,1120.01,0,1120.01,223.81,
KOS-2026-005738,2026-06-27,20:30,normal_sale,active,Annapurna Mess & Canteen,Sprite 750ml,2,piece,40,80,16,28,0,1120.01,0,1120.01,223.81,
KOS-2026-005738,2026-06-27,20:30,normal_sale,active,Annapurna Mess & Canteen,Lifebuoy Soap 125g,1,piece,35.94,35.94,7.94,18,0,1120.01,0,1120.01,223.81,
KOS-2026-005738,2026-06-27,20:30,normal_sale,active,Annapurna Mess & Canteen,Amul Taaza Milk 500ml,2,piece,28,56,6,0,0,1120.01,0,1120.01,223.81,
KOS-2026-005738,2026-06-27,20:30,normal_sale,active,Annapurna Mess & Canteen,Saffola Gold Oil 1L,2,piece,203.57,407.14,77.14,5,0,1120.01,0,1120.01,223.81,
KOS-2026-005738,2026-06-27,20:30,normal_sale,active,Annapurna Mess & Canteen,Dettol Antiseptic 250ml,1,piece,160.07,160.07,28.07,18,0,1120.01,0,1120.01,223.81,
KOS-2026-005738,2026-06-27,20:30,normal_sale,active,Annapurna Mess & Canteen,Britannia Good Day 100g,1,piece,31.73,31.73,6.73,18,0,1120.01,0,1120.01,223.81,
KOS-2026-005738,2026-06-27,20:30,normal_sale,active,Annapurna Mess & Canteen,Tata Salt 1kg,1,piece,33.4,33.4,9.4,0,0,1120.01,0,1120.01,223.81,
KOS-2026-005737,2026-06-27,19:42,normal_sale,active,Walk-in,Parle-G Biscuit 100g,10,piece,10.55,105.5,22.5,18,0,835.56,835,0,181,cash:835
KOS-2026-005737,2026-06-27,19:42,normal_sale,active,Walk-in,Wheat Atta (loose),0.25,kg,42,10.5,2.5,0,0,835.56,835,0,181,cash:835
KOS-2026-005737,2026-06-27,19:42,normal_sale,active,Walk-in,Thums Up 750ml,1,piece,41.23,41.23,9.23,28,0,835.56,835,0,181,cash:835
KOS-2026-005737,2026-06-27,19:42,normal_sale,active,Walk-in,Sugar (loose),1,kg,49.91,49.91,8.91,5,0,835.56,835,0,181,cash:835
KOS-2026-005737,2026-06-27,19:42,normal_sale,active,Walk-in,Horlicks 500g,2,piece,314.21,628.42,138.42,18,0,835.56,835,0,181,cash:835
KOS-2026-005736,2026-06-27,19:29,normal_sale,active,Walk-in,Good Knight Refill 45ml,1,piece,91.97,91.97,19.97,18,0,134.15,134.15,0,30.15,upi:134.15
KOS-2026-005736,2026-06-27,19:29,normal_sale,active,Walk-in,Vim Dishwash Bar 200g,2,piece,21.09,42.18,10.18,18,0,134.15,134.15,0,30.15,upi:134.15
KOS-2026-005735,2026-06-27,19:07,normal_sale,active,Nitin Kadam,Red Label Tea 250g,1,piece,157.13,157.13,29.13,5,0,179.6,64,115.6,35.1,upi:64
KOS-2026-005735,2026-06-27,19:07,normal_sale,active,Nitin Kadam,Lays Classic Salted 52g,1,piece,22.47,22.47,5.97,12,0,179.6,64,115.6,35.1,upi:64
KOS-2026-005734,2026-06-27,18:54,normal_sale,active,Rakesh Jadhav,Match Box,2,piece,2.08,4.16,1.96,18,0,33.16,16,17.16,7.96,cash:16
KOS-2026-005734,2026-06-27,18:54,normal_sale,active,Rakesh Jadhav,Sona Masoori Rice (loose),0.5,kg,58,29,6,0,0,33.16,16,17.16,7.96,cash:16
EST-2026-000063,2026-06-27,18:41,estimate,active,Walk-in,Sugar (loose),1,kg,49.91,49.91,8.91,5,0,235.21,235.21,0,53.21,upi:235.21
EST-2026-000063,2026-06-27,18:41,estimate,active,Walk-in,Parachute Coconut Oil 200ml,1,piece,104.47,104.47,22.47,18,0,235.21,235.21,0,53.21,upi:235.21
EST-2026-000063,2026-06-27,18:41,estimate,active,Walk-in,Toor Dal (loose),0.5,kg,161.66,80.83,21.83,0,0,235.21,235.21,0,53.21,upi:235.21
KOS-2026-005733,2026-06-27,18:40,normal_sale,active,Walk-in,Maggi Noodles 8-pack,1,piece,112.52,112.52,20.52,12,0,112.52,112.52,0,20.52,cash:112.52
KOS-2026-005732,2026-06-27,18:30,normal_sale,active,Rekha Rane,Oreo Biscuit 120g,1,piece,35,35,5,18,0,2174.89,2174.89,0,397.39,cash:2174.89
KOS-2026-005732,2026-06-27,18:30,normal_sale,active,Rekha Rane,Tata Tea Gold 500g,4,piece,323.95,1295.8,235.8,5,0,2174.89,2174.89,0,397.39,cash:2174.89
KOS-2026-005732,2026-06-27,18:30,normal_sale,active,Rekha Rane,Fortune Sunflower Oil 1L,3,piece,168.48,505.44,91.44,5,0,2174.89,2174.89,0,397.39,cash:2174.89
KOS-2026-005732,2026-06-27,18:30,normal_sale,active,Rekha Rane,5 Star 25g,1,piece,10,10,1.5,18,0,2174.89,2174.89,0,397.39,cash:2174.89
KOS-2026-005732,2026-06-27,18:30,normal_sale,active,Rekha Rane,Lifebuoy Soap 125g,2,piece,35.94,71.88,15.88,18,0,2174.89,2174.89,0,397.39,cash:2174.89
KOS-2026-005732,2026-06-27,18:30,normal_sale,active,Rekha Rane,Maggi Noodles 8-pack,2,piece,112.52,225.04,41.04,12,0,2174.89,2174.89,0,397.39,cash:2174.89
KOS-2026-005732,2026-06-27,18:30,normal_sale,active,Rekha Rane,Britannia Good Day 100g,1,piece,31.73,31.73,6.73,18,0,2174.89,2174.89,0,397.39,cash:2174.89
KOS-2026-005731,2026-06-27,18:28,normal_sale,active,Amit Salunkhe,Britannia Good Day 100g,3,piece,31.73,95.19,20.19,18,0,729.25,729.25,0,134.75,upi:729.25
KOS-2026-005731,2026-06-27,18:28,normal_sale,active,Amit Salunkhe,Besan (loose),1,kg,105.06,105.06,27.06,5,0,729.25,729.25,0,134.75,upi:729.25
KOS-2026-005731,2026-06-27,18:28,normal_sale,active,Amit Salunkhe,Garlic,0.5,kg,156.74,78.37,22.37,0,0,729.25,729.25,0,134.75,upi:729.25
KOS-2026-005731,2026-06-27,18:28,normal_sale,active,Amit Salunkhe,Amul Ghee 500ml,1,piece,369.67,369.67,54.67,12,0,729.25,729.25,0,134.75,upi:729.25
KOS-2026-005731,2026-06-27,18:28,normal_sale,active,Amit Salunkhe,Sugar (loose),0.5,kg,49.91,24.96,4.46,5,0,729.25,729.25,0,134.75,upi:729.25
KOS-2026-005731,2026-06-27,18:28,normal_sale,active,Amit Salunkhe,Amul Taaza Milk 500ml,2,piece,28,56,6,0,0,729.25,729.25,0,134.75,upi:729.25
KOS-2026-005730,2026-06-27,18:19,normal_sale,active,Walk-in,5 Star 25g,1,piece,10,10,1.5,18,0,90,90,0,17.5,cash:90
KOS-2026-005730,2026-06-27,18:19,normal_sale,active,Walk-in,Amul Masti Dahi 400g,2,piece,40,80,16,5,0,90,90,0,17.5,cash:90
KOS-2026-005729,2026-06-27,17:15,normal_sale,active,Rohit Dsouza,Good Knight Refill 45ml,1,piece,91.97,91.97,19.97,18,0,91.97,91.97,0,19.97,cash:91.97
KOS-2026-005728,2026-06-27,15:58,normal_sale,active,Smita Deshmukh,Thums Up 750ml,1,piece,41.23,41.23,9.23,28,0,77.17,77.17,0,17.17,upi:77.17
KOS-2026-005728,2026-06-27,15:58,normal_sale,active,Smita Deshmukh,Lifebuoy Soap 125g,1,piece,35.94,35.94,7.94,18,0,77.17,77.17,0,17.17,upi:77.17
KOS-2026-005727,2026-06-27,12:42,normal_sale,active,Deepak Pawar,Nirma Washing Powder 1kg,2,piece,75.46,150.92,34.92,18,0,250.55,250.55,0,55.55,upi:250.55
KOS-2026-005727,2026-06-27,12:42,normal_sale,active,Deepak Pawar,KitKat 4-finger,3,piece,21.23,63.69,12.69,18,0,250.55,250.55,0,55.55,upi:250.55
KOS-2026-005727,2026-06-27,12:42,normal_sale,active,Deepak Pawar,Lifebuoy Soap 125g,1,piece,35.94,35.94,7.94,18,0,250.55,250.55,0,55.55,upi:250.55
KOS-2026-005726,2026-06-27,12:38,normal_sale,active,Walk-in,Amul Masti Dahi 400g,3,piece,40,120,24,5,0,619.24,619,0,124,cash:619
KOS-2026-005726,2026-06-27,12:38,normal_sale,active,Walk-in,Haldiram Bhujia 200g,3,piece,57.46,172.38,37.38,12,0,619.24,619,0,124,cash:619
KOS-2026-005726,2026-06-27,12:38,normal_sale,active,Walk-in,Ariel Detergent 1kg,2,piece,163.43,326.86,62.86,18,0,619.24,619,0,124,cash:619
KOS-2026-005725,2026-06-27,11:54,normal_sale,active,Sai Snacks Corner,Garlic,0.25,kg,156.74,39.19,11.19,0,0,313.84,0,313.84,59.59,
KOS-2026-005725,2026-06-27,11:54,normal_sale,active,Sai Snacks Corner,KitKat 4-finger,3,piece,21.23,63.69,12.69,18,0,313.84,0,313.84,59.59,
KOS-2026-005725,2026-06-27,11:54,normal_sale,active,Sai Snacks Corner,Amul Taaza Milk 500ml,2,piece,28,56,6,0,0,313.84,0,313.84,59.59,
KOS-2026-005725,2026-06-27,11:54,normal_sale,active,Sai Snacks Corner,Bisleri Water 1L,1,piece,20,20,7,18,0,313.84,0,313.84,59.59,
KOS-2026-005725,2026-06-27,11:54,normal_sale,active,Sai Snacks Corner,Sugar (loose),0.25,kg,49.91,12.48,2.23,5,0,313.84,0,313.84,59.59,
KOS-2026-005725,2026-06-27,11:54,normal_sale,active,Sai Snacks Corner,Amul Gold Milk 500ml,2,piece,34.79,69.58,9.58,0,0,313.84,0,313.84,59.59,
KOS-2026-005725,2026-06-27,11:54,normal_sale,active,Sai Snacks Corner,Britannia Brown Bread,1,piece,52.9,52.9,10.9,0,0,313.84,0,313.84,59.59,
KOS-2026-005724,2026-06-27,11:34,normal_sale,active,Sneha Jadhav,Camphor 50g,1,piece,58.85,58.85,16.85,12,0,263.64,263.64,0,69.64,upi:263.64
KOS-2026-005724,2026-06-27,11:34,normal_sale,active,Sneha Jadhav,Amul Gold Milk 500ml,1,piece,34.79,34.79,4.79,0,0,263.64,263.64,0,69.64,upi:263.64
KOS-2026-005724,2026-06-27,11:34,normal_sale,active,Sneha Jadhav,Potato,5,kg,26,130,40,0,0,263.64,263.64,0,69.64,upi:263.64
KOS-2026-005724,2026-06-27,11:34,normal_sale,active,Sneha Jadhav,Sprite 750ml,1,piece,40,40,8,28,0,263.64,263.64,0,69.64,upi:263.64
KOS-2026-005723,2026-06-27,11:28,normal_sale,active,Priya Patil,Moong Dal (loose),1,kg,130.61,130.61,34.61,0,0,141.11,141.11,0,37.11,cash:141.11
KOS-2026-005723,2026-06-27,11:28,normal_sale,active,Priya Patil,Wheat Atta (loose),0.25,kg,42,10.5,2.5,0,0,141.11,141.11,0,37.11,cash:141.11
KOS-2026-005722,2026-06-27,11:23,normal_sale,active,Rakesh Salunkhe,Thums Up 750ml,1,piece,41.23,41.23,9.23,28,0,41.23,41.23,0,9.23,cash:41.23
KOS-2026-005721,2026-06-27,10:55,normal_sale,active,Walk-in,Tomato,2,kg,41.9,83.8,31.8,0,0,908.81,908.81,0,175.81,upi:908.81
KOS-2026-005721,2026-06-27,10:55,normal_sale,active,Walk-in,Bournvita 500g,2,piece,275.51,551.02,87.02,18,0,908.81,908.81,0,175.81,upi:908.81
KOS-2026-005721,2026-06-27,10:55,normal_sale,active,Walk-in,Wheat Atta (loose),1,kg,42,42,10,0,0,908.81,908.81,0,175.81,upi:908.81
KOS-2026-005721,2026-06-27,10:55,normal_sale,active,Walk-in,Parachute Coconut Oil 200ml,1,piece,104.47,104.47,22.47,18,0,908.81,908.81,0,175.81,upi:908.81
KOS-2026-005721,2026-06-27,10:55,normal_sale,active,Walk-in,Britannia Good Day 100g,1,piece,31.73,31.73,6.73,18,0,908.81,908.81,0,175.81,upi:908.81
KOS-2026-005721,2026-06-27,10:55,normal_sale,active,Walk-in,Close Up Red 150g,1,piece,95.79,95.79,17.79,18,0,908.81,908.81,0,175.81,upi:908.81
KOS-2026-005720,2026-06-27,10:54,normal_sale,active,Sachin Pawar,Saffola Gold Oil 1L,2,piece,203.57,407.14,77.14,5,0,947.36,947,0,180,cash:947
KOS-2026-005720,2026-06-27,10:54,normal_sale,active,Sachin Pawar,Sprite 750ml,2,piece,40,80,16,28,0,947.36,947,0,180,cash:947
KOS-2026-005720,2026-06-27,10:54,normal_sale,active,Sachin Pawar,Red Label Tea 250g,1,piece,157.13,157.13,29.13,5,0,947.36,947,0,180,cash:947
KOS-2026-005720,2026-06-27,10:54,normal_sale,active,Sachin Pawar,Aashirvaad Atta 5kg,1,piece,303.09,303.09,58.09,5,0,947.36,947,0,180,cash:947
KOS-2026-005719,2026-06-27,10:41,normal_sale,active,Salim Joshi,Kurkure Masala Munch 70g,1,piece,20,20,3.5,12,0,101.23,101.23,0,26.73,cash:101.23
KOS-2026-005719,2026-06-27,10:41,normal_sale,active,Salim Joshi,Bisleri Water 1L,2,piece,20,40,14,18,0,101.23,101.23,0,26.73,cash:101.23
KOS-2026-005719,2026-06-27,10:41,normal_sale,active,Salim Joshi,Thums Up 750ml,1,piece,41.23,41.23,9.23,28,0,101.23,101.23,0,26.73,cash:101.23
KOS-2026-005718,2026-06-27,10:37,normal_sale,active,Walk-in,Reynolds Pen,2,piece,10.92,21.84,7.84,12,0,582.22,582.22,0,142.12,cash:582.22
KOS-2026-005718,2026-06-27,10:37,normal_sale,active,Walk-in,Coca-Cola 750ml,1,piece,42.7,42.7,10.7,28,0,582.22,582.22,0,142.12,cash:582.22
KOS-2026-005718,2026-06-27,10:37,normal_sale,active,Walk-in,Parle-G Biscuit 100g,2,piece,10.55,21.1,4.5,18,0,582.22,582.22,0,142.12,cash:582.22
KOS-2026-005718,2026-06-27,10:37,normal_sale,active,Walk-in,Garlic,1,kg,156.74,156.74,44.74,0,0,582.22,582.22,0,142.12,cash:582.22
KOS-2026-005718,2026-06-27,10:37,normal_sale,active,Walk-in,Haldiram Bhujia 200g,3,piece,57.46,172.38,37.38,12,0,582.22,582.22,0,142.12,cash:582.22
KOS-2026-005718,2026-06-27,10:37,normal_sale,active,Walk-in,Amul Butter 100g,1,piece,63.31,63.31,9.31,12,0,582.22,582.22,0,142.12,cash:582.22
KOS-2026-005718,2026-06-27,10:37,normal_sale,active,Walk-in,Bisleri Water 1L,2,piece,20,40,14,18,0,582.22,582.22,0,142.12,cash:582.22
KOS-2026-005718,2026-06-27,10:37,normal_sale,active,Walk-in,Sunfeast Dark Fantasy 75g,1,piece,41.68,41.68,7.68,18,0,582.22,582.22,0,142.12,cash:582.22
KOS-2026-005718,2026-06-27,10:37,normal_sale,active,Walk-in,Lays Classic Salted 52g,1,piece,22.47,22.47,5.97,12,0,582.22,582.22,0,142.12,cash:582.22
KOS-2026-005717,2026-06-27,10:24,normal_sale,active,Kavita Shaikh,Amul Butter 100g,2,piece,63.31,126.62,18.62,12,0,337.12,0,337.12,58.12,
KOS-2026-005717,2026-06-27,10:24,normal_sale,active,Kavita Shaikh,Bingo Mad Angles 66g,2,piece,21.01,42.02,9.02,12,0,337.12,0,337.12,58.12,
KOS-2026-005717,2026-06-27,10:24,normal_sale,active,Kavita Shaikh,Fortune Sunflower Oil 1L,1,piece,168.48,168.48,30.48,5,0,337.12,0,337.12,58.12,
KOS-2026-005716,2026-06-27,09:51,normal_sale,active,Nilesh Salunkhe,Harpic Toilet Cleaner 500ml,2,piece,105,210,34,18,0,210,210,0,34,upi:210
KOS-2026-005715,2026-06-27,09:00,normal_sale,active,Walk-in,Frooti 200ml,2,piece,10.49,20.98,3.98,12,0,20.98,20.98,0,3.98,bank:20.98
KOS-2026-005714,2026-06-27,08:57,normal_sale,active,Rekha Bhosale,Moong Dal (loose),5,kg,130.61,653.05,173.05,0,0,653.05,653,0,173,cash:653
KOS-2026-005713,2026-06-27,08:39,normal_sale,active,Manisha Deshmukh,Clinic Plus Shampoo 175ml,4,piece,140,560,88,18,0,673.99,673,0,113.25,cash:673
KOS-2026-005713,2026-06-27,08:39,normal_sale,active,Manisha Deshmukh,Toor Dal (loose),0.25,kg,161.66,40.42,10.92,0,0,673.99,673,0,113.25,cash:673
KOS-2026-005713,2026-06-27,08:39,normal_sale,active,Manisha Deshmukh,Vim Dishwash Bar 200g,1,piece,21.09,21.09,5.09,18,0,673.99,673,0,113.25,cash:673
KOS-2026-005713,2026-06-27,08:39,normal_sale,active,Manisha Deshmukh,Sugar (loose),0.25,kg,49.91,12.48,2.23,5,0,673.99,673,0,113.25,cash:673
KOS-2026-005713,2026-06-27,08:39,normal_sale,active,Manisha Deshmukh,Sprite 750ml,1,piece,40,40,8,28,0,673.99,673,0,113.25,cash:673
KOS-2026-005712,2026-06-27,08:36,normal_sale,active,Yogesh Shinde,Tata Salt 1kg,2,piece,33.4,66.8,18.8,0,0,66.8,66,0,18,cash:66
KOS-2026-005711,2026-06-27,08:34,normal_sale,active,Walk-in,Center Fresh Gum (jar pc),1,piece,1.02,1.02,0.17,18,0,315.53,315.53,0,63.18,upi:315.53
KOS-2026-005711,2026-06-27,08:34,normal_sale,active,Walk-in,Chana Dal (loose),0.25,kg,95.24,23.81,5.31,0,0,315.53,315.53,0,63.18,upi:315.53
KOS-2026-005711,2026-06-27,08:34,normal_sale,active,Walk-in,Maggi Noodles 70g,2,piece,14.55,29.1,6.1,12,0,315.53,315.53,0,63.18,upi:315.53
KOS-2026-005711,2026-06-27,08:34,normal_sale,active,Walk-in,Red Label Tea 250g,1,piece,157.13,157.13,29.13,5,0,315.53,315.53,0,63.18,upi:315.53
KOS-2026-005711,2026-06-27,08:34,normal_sale,active,Walk-in,Parachute Coconut Oil 200ml,1,piece,104.47,104.47,22.47,18,0,315.53,315.53,0,63.18,upi:315.53
KOS-2026-005710,2026-06-27,08:14,normal_sale,active,Walk-in,Wheat Atta (loose),2,kg,42,84,20,0,0,252.37,252.37,0,51.87,upi:252.37
KOS-2026-005710,2026-06-27,08:14,normal_sale,active,Walk-in,Maggi Noodles 70g,1,piece,14.55,14.55,3.05,12,0,252.37,252.37,0,51.87,upi:252.37
KOS-2026-005710,2026-06-27,08:14,normal_sale,active,Walk-in,Potato,1,kg,26,26,8,0,0,252.37,252.37,0,51.87,upi:252.37
KOS-2026-005710,2026-06-27,08:14,normal_sale,active,Walk-in,Sugar (loose),2,kg,49.91,99.82,17.82,5,0,252.37,252.37,0,51.87,upi:252.37
KOS-2026-005710,2026-06-27,08:14,normal_sale,active,Walk-in,Amul Taaza Milk 500ml,1,piece,28,28,3,0,0,252.37,252.37,0,51.87,upi:252.37
KOS-2026-005709,2026-06-26,21:13,normal_sale,active,Walk-in,5 Star 25g,2,piece,10,20,3,18,0,81.33,81.33,0,18.33,upi:81.33
KOS-2026-005709,2026-06-26,21:13,normal_sale,active,Walk-in,Lux Soap 100g,1,piece,40.33,40.33,10.33,18,0,81.33,81.33,0,18.33,upi:81.33
KOS-2026-005709,2026-06-26,21:13,normal_sale,active,Walk-in,Wheat Atta (loose),0.5,kg,42,21,5,0,0,81.33,81.33,0,18.33,upi:81.33
KOS-2026-005708,2026-06-26,21:00,normal_sale,active,Walk-in,Thums Up 750ml,4,piece,41.23,164.92,36.92,28,0,506.02,506.02,0,99.72,upi:506.02
KOS-2026-005708,2026-06-26,21:00,normal_sale,active,Walk-in,Match Box,1,piece,2.08,2.08,0.98,18,0,506.02,506.02,0,99.72,upi:506.02
KOS-2026-005708,2026-06-26,21:00,normal_sale,active,Walk-in,Candle Pack (6 pc),1,piece,42,42,10,12,0,506.02,506.02,0,99.72,upi:506.02
KOS-2026-005708,2026-06-26,21:00,normal_sale,active,Walk-in,Dairy Milk 50g,2,piece,40,80,12,18,0,506.02,506.02,0,99.72,upi:506.02
KOS-2026-005708,2026-06-26,21:00,normal_sale,active,Walk-in,Lifebuoy Soap 125g,2,piece,35.94,71.88,15.88,18,0,506.02,506.02,0,99.72,upi:506.02
KOS-2026-005708,2026-06-26,21:00,normal_sale,active,Walk-in,Lemon,1,piece,5.14,5.14,1.94,0,0,506.02,506.02,0,99.72,upi:506.02
KOS-2026-005708,2026-06-26,21:00,normal_sale,active,Walk-in,Oreo Biscuit 120g,1,piece,35,35,5,18,0,506.02,506.02,0,99.72,upi:506.02
KOS-2026-005708,2026-06-26,21:00,normal_sale,active,Walk-in,Mother Dairy Paneer 200g,1,piece,105,105,17,5,0,506.02,506.02,0,99.72,upi:506.02
KOS-2026-005707,2026-06-26,20:20,normal_sale,active,Walk-in,Rava / Sooji (loose),0.25,kg,48.98,12.25,3.25,5,0,44.58,44.58,0,13.08,upi:44.58
KOS-2026-005707,2026-06-26,20:20,normal_sale,active,Walk-in,Reynolds Pen,2,piece,10.92,21.84,7.84,12,0,44.58,44.58,0,13.08,upi:44.58
KOS-2026-005707,2026-06-26,20:20,normal_sale,active,Walk-in,Frooti 200ml,1,piece,10.49,10.49,1.99,12,0,44.58,44.58,0,13.08,upi:44.58
KOS-2026-005706,2026-06-26,19:56,normal_sale,active,Farida Shaikh,Besan (loose),0.25,kg,105.06,26.27,6.77,5,0,71.29,71.29,0,17.59,bank:71.29
KOS-2026-005706,2026-06-26,19:56,normal_sale,active,Farida Shaikh,Farm Eggs,1,piece,8,8,1.8,0,0,71.29,71.29,0,17.59,bank:71.29
KOS-2026-005706,2026-06-26,19:56,normal_sale,active,Farida Shaikh,Lays Classic Salted 52g,1,piece,22.47,22.47,5.97,12,0,71.29,71.29,0,17.59,bank:71.29
KOS-2026-005706,2026-06-26,19:56,normal_sale,active,Farida Shaikh,Maggi Noodles 70g,1,piece,14.55,14.55,3.05,12,0,71.29,71.29,0,17.59,bank:71.29
KOS-2026-005705,2026-06-26,19:08,normal_sale,active,Walk-in,Coca-Cola 750ml,4,piece,42.7,170.8,42.8,28,0,915.76,915,0,196,cash:915
KOS-2026-005705,2026-06-26,19:08,normal_sale,active,Walk-in,Rava / Sooji (loose),1,kg,48.98,48.98,12.98,5,0,915.76,915,0,196,cash:915
KOS-2026-005705,2026-06-26,19:08,normal_sale,active,Walk-in,Maggi Noodles 70g,1,piece,14.55,14.55,3.05,12,0,915.76,915,0,196,cash:915
KOS-2026-005705,2026-06-26,19:08,normal_sale,active,Walk-in,Thums Up 750ml,1,piece,41.23,41.23,9.23,28,0,915.76,915,0,196,cash:915
KOS-2026-005705,2026-06-26,19:08,normal_sale,active,Walk-in,Aashirvaad Atta 5kg,1,piece,303.09,303.09,58.09,5,0,915.76,915,0,196,cash:915
KOS-2026-005705,2026-06-26,19:08,normal_sale,active,Walk-in,Classmate Notebook 172pg,2,piece,57.68,115.36,31.36,12,0,915.76,915,0,196,cash:915
KOS-2026-005705,2026-06-26,19:08,normal_sale,active,Walk-in,Parle-G Biscuit 100g,5,piece,10.55,52.75,11.25,18,0,915.76,915,0,196,cash:915
KOS-2026-005705,2026-06-26,19:08,normal_sale,active,Walk-in,Clinic Plus Shampoo 175ml,1,piece,140,140,22,18,0,915.76,915,0,196,cash:915
KOS-2026-005705,2026-06-26,19:08,normal_sale,active,Walk-in,Sona Masoori Rice (loose),0.5,kg,58,29,6,0,0,915.76,915,0,196,cash:915
KOS-2026-005704,2026-06-26,19:01,normal_sale,active,Salim Patil,Ginger,0.25,kg,116.02,29.01,9.51,0,0,658.39,658,0,133.4,cash:658
KOS-2026-005704,2026-06-26,19:01,normal_sale,active,Salim Patil,Britannia Brown Bread,2,piece,52.9,105.8,21.8,0,0,658.39,658,0,133.4,cash:658
KOS-2026-005704,2026-06-26,19:01,normal_sale,active,Salim Patil,Good Knight Refill 45ml,2,piece,91.97,183.94,39.94,18,0,658.39,658,0,133.4,cash:658
KOS-2026-005704,2026-06-26,19:01,normal_sale,active,Salim Patil,Maggi Noodles 8-pack,3,piece,112.52,337.56,61.56,12,0,658.39,658,0,133.4,cash:658
KOS-2026-005704,2026-06-26,19:01,normal_sale,active,Salim Patil,Match Box,1,piece,2.08,2.08,0.98,18,0,658.39,658,0,133.4,cash:658
KOS-2026-005703,2026-06-26,18:47,normal_sale,active,Nitin Sharma,Good Knight Refill 45ml,1,piece,91.97,91.97,19.97,18,0,566.13,566.13,0,153.83,upi:566.13
KOS-2026-005703,2026-06-26,18:47,normal_sale,active,Nitin Sharma,Amul Masti Dahi 400g,1,piece,40,40,8,5,0,566.13,566.13,0,153.83,upi:566.13
KOS-2026-005703,2026-06-26,18:47,normal_sale,active,Nitin Sharma,Catch Red Chilli Powder 100g,1,piece,63.05,63.05,15.05,5,0,566.13,566.13,0,153.83,upi:566.13
KOS-2026-005703,2026-06-26,18:47,normal_sale,active,Nitin Sharma,Urad Dal (loose),1,kg,140.67,140.67,35.67,0,0,566.13,566.13,0,153.83,upi:566.13
KOS-2026-005703,2026-06-26,18:47,normal_sale,active,Nitin Sharma,Onion,5,kg,36.44,182.2,62.2,0,0,566.13,566.13,0,153.83,upi:566.13
KOS-2026-005703,2026-06-26,18:47,normal_sale,active,Nitin Sharma,Match Box,3,piece,2.08,6.24,2.94,18,0,566.13,566.13,0,153.83,upi:566.13
KOS-2026-005703,2026-06-26,18:47,normal_sale,active,Nitin Sharma,Candle Pack (6 pc),1,piece,42,42,10,12,0,566.13,566.13,0,153.83,upi:566.13
KOS-2026-005702,2026-06-26,18:45,normal_sale,active,Simran Pawar,Chana Dal (loose),0.25,kg,95.24,23.81,5.31,0,0,120.8,120.8,0,25.3,upi:120.8
KOS-2026-005702,2026-06-26,18:45,normal_sale,active,Simran Pawar,Amul Masti Dahi 400g,2,piece,40,80,16,5,0,120.8,120.8,0,25.3,upi:120.8
KOS-2026-005702,2026-06-26,18:45,normal_sale,active,Simran Pawar,Frooti 200ml,1,piece,10.49,10.49,1.99,12,0,120.8,120.8,0,25.3,upi:120.8
KOS-2026-005702,2026-06-26,18:45,normal_sale,active,Simran Pawar,Potato,0.25,kg,26,6.5,2,0,0,120.8,120.8,0,25.3,upi:120.8
KOS-2026-005701,2026-06-26,18:38,normal_sale,active,Smita Patil,Dairy Milk 50g,1,piece,40,40,6,18,0,50,50,0,7.5,cash:16|upi:34
KOS-2026-005701,2026-06-26,18:38,normal_sale,active,Smita Patil,5 Star 25g,1,piece,10,10,1.5,18,0,50,50,0,7.5,cash:16|upi:34
KOS-2026-005700,2026-06-26,18:22,normal_sale,active,Walk-in,Frooti 200ml,1,piece,10.49,10.49,1.99,12,0,581.57,581.57,0,120.97,bank:581.57
KOS-2026-005700,2026-06-26,18:22,normal_sale,active,Walk-in,Parle-G Biscuit 100g,2,piece,10.55,21.1,4.5,18,0,581.57,581.57,0,120.97,bank:581.57
KOS-2026-005700,2026-06-26,18:22,normal_sale,active,Walk-in,Kissan Tomato Ketchup 500g,1,piece,105,105,17,12,0,581.57,581.57,0,120.97,bank:581.57
KOS-2026-005700,2026-06-26,18:22,normal_sale,active,Walk-in,Sunfeast Dark Fantasy 75g,1,piece,41.68,41.68,7.68,18,0,581.57,581.57,0,120.97,bank:581.57
KOS-2026-005700,2026-06-26,18:22,normal_sale,active,Walk-in,Sprite 750ml,1,piece,40,40,8,28,0,581.57,581.57,0,120.97,bank:581.57
KOS-2026-005700,2026-06-26,18:22,normal_sale,active,Walk-in,Tomato,0.5,kg,41.9,20.95,7.95,0,0,581.57,581.57,0,120.97,bank:581.57
KOS-2026-005700,2026-06-26,18:22,normal_sale,active,Walk-in,Haldiram Bhujia 200g,1,piece,57.46,57.46,12.46,12,0,581.57,581.57,0,120.97,bank:581.57
KOS-2026-005700,2026-06-26,18:22,normal_sale,active,Walk-in,Lays Classic Salted 52g,1,piece,22.47,22.47,5.97,12,0,581.57,581.57,0,120.97,bank:581.57
KOS-2026-005700,2026-06-26,18:22,normal_sale,active,Walk-in,Saffola Gold Oil 1L,1,piece,203.57,203.57,38.57,5,0,581.57,581.57,0,120.97,bank:581.57
KOS-2026-005700,2026-06-26,18:22,normal_sale,active,Walk-in,Camphor 50g,1,piece,58.85,58.85,16.85,12,0,581.57,581.57,0,120.97,bank:581.57
KOS-2026-005699,2026-06-26,18:11,normal_sale,active,Walk-in,MDH Garam Masala 100g,2,piece,95.44,190.88,34.88,5,0,264.28,264.28,0,52.28,cash:135|upi:129.28
KOS-2026-005699,2026-06-26,18:11,normal_sale,active,Walk-in,Amul Masti Dahi 400g,1,piece,40,40,8,5,0,264.28,264.28,0,52.28,cash:135|upi:129.28
KOS-2026-005699,2026-06-26,18:11,normal_sale,active,Walk-in,Tata Salt 1kg,1,piece,33.4,33.4,9.4,0,0,264.28,264.28,0,52.28,cash:135|upi:129.28
EST-2026-000062,2026-06-26,17:29,estimate,active,Hotel Green Leaf,Dairy Milk 50g,1,piece,40,40,6,18,0,1568.42,1568,0,277.5,cash:1568
EST-2026-000062,2026-06-26,17:29,estimate,active,Hotel Green Leaf,Tata Tea Gold 500g,2,piece,323.95,647.9,117.9,5,0,1568.42,1568,0,277.5,cash:1568
EST-2026-000062,2026-06-26,17:29,estimate,active,Hotel Green Leaf,Dettol Antiseptic 250ml,1,piece,160.07,160.07,28.07,18,0,1568.42,1568,0,277.5,cash:1568
EST-2026-000062,2026-06-26,17:29,estimate,active,Hotel Green Leaf,Parle-G Biscuit 100g,1,piece,10.55,10.55,2.25,18,0,1568.42,1568,0,277.5,cash:1568
EST-2026-000062,2026-06-26,17:29,estimate,active,Hotel Green Leaf,Yippee Noodles 70g,3,piece,14,42,9,12,0,1568.42,1568,0,277.5,cash:1568
EST-2026-000062,2026-06-26,17:29,estimate,active,Hotel Green Leaf,Groundnut / Peanut (loose),0.5,kg,123.75,61.88,17.88,5,0,1568.42,1568,0,277.5,cash:1568
EST-2026-000062,2026-06-26,17:29,estimate,active,Hotel Green Leaf,Amul Taaza Milk 500ml,2,piece,28,56,6,0,0,1568.42,1568,0,277.5,cash:1568
EST-2026-000062,2026-06-26,17:29,estimate,active,Hotel Green Leaf,Sugar (loose),0.5,kg,49.91,24.96,4.46,5,0,1568.42,1568,0,277.5,cash:1568
EST-2026-000062,2026-06-26,17:29,estimate,active,Hotel Green Leaf,Maggi Noodles 70g,1,piece,14.55,14.55,3.05,12,0,1568.42,1568,0,277.5,cash:1568
EST-2026-000062,2026-06-26,17:29,estimate,active,Hotel Green Leaf,Amul Butter 100g,1,piece,63.31,63.31,9.31,12,0,1568.42,1568,0,277.5,cash:1568
EST-2026-000062,2026-06-26,17:29,estimate,active,Hotel Green Leaf,Amul Gold Milk 500ml,4,piece,34.79,139.16,19.16,0,0,1568.42,1568,0,277.5,cash:1568
EST-2026-000062,2026-06-26,17:29,estimate,active,Hotel Green Leaf,Lemon,1,piece,5.14,5.14,1.94,0,0,1568.42,1568,0,277.5,cash:1568
EST-2026-000062,2026-06-26,17:29,estimate,active,Hotel Green Leaf,Amul Masti Dahi 400g,1,piece,40,40,8,5,0,1568.42,1568,0,277.5,cash:1568
EST-2026-000062,2026-06-26,17:29,estimate,active,Hotel Green Leaf,Britannia Brown Bread,1,piece,52.9,52.9,10.9,0,0,1568.42,1568,0,277.5,cash:1568
EST-2026-000062,2026-06-26,17:29,estimate,active,Hotel Green Leaf,Kissan Tomato Ketchup 500g,2,piece,105,210,34,12,0,1568.42,1568,0,277.5,cash:1568
KOS-2026-005698,2026-06-26,17:02,normal_sale,active,Shalini Khan,KitKat 4-finger,1,piece,21.23,21.23,4.23,18,0,790.94,790.94,0,189.94,upi:790.94
KOS-2026-005698,2026-06-26,17:02,normal_sale,active,Shalini Khan,Dettol Antiseptic 250ml,1,piece,160.07,160.07,28.07,18,0,790.94,790.94,0,189.94,upi:790.94
KOS-2026-005698,2026-06-26,17:02,normal_sale,active,Shalini Khan,Sona Masoori Rice (loose),2,kg,58,116,24,0,0,790.94,790.94,0,189.94,upi:790.94
KOS-2026-005698,2026-06-26,17:02,normal_sale,active,Shalini Khan,Ginger,2,kg,116.02,232.04,76.04,0,0,790.94,790.94,0,189.94,upi:790.94
KOS-2026-005698,2026-06-26,17:02,normal_sale,active,Shalini Khan,Onion,0.25,kg,36.44,9.11,3.11,0,0,790.94,790.94,0,189.94,upi:790.94
KOS-2026-005698,2026-06-26,17:02,normal_sale,active,Shalini Khan,Camphor 50g,1,piece,58.85,58.85,16.85,12,0,790.94,790.94,0,189.94,upi:790.94
KOS-2026-005698,2026-06-26,17:02,normal_sale,active,Shalini Khan,Amul Masti Dahi 400g,1,piece,40,40,8,5,0,790.94,790.94,0,189.94,upi:790.94
KOS-2026-005698,2026-06-26,17:02,normal_sale,active,Shalini Khan,Sprite 750ml,1,piece,40,40,8,28,0,790.94,790.94,0,189.94,upi:790.94
KOS-2026-005698,2026-06-26,17:02,normal_sale,active,Shalini Khan,Colgate Strong Teeth 200g,1,piece,113.64,113.64,21.64,18,0,790.94,790.94,0,189.94,upi:790.94
KOS-2026-005697,2026-06-26,17:01,normal_sale,active,Walk-in,KitKat 4-finger,1,piece,21.23,21.23,4.23,18,0,302.45,302,0,76,cash:302
KOS-2026-005697,2026-06-26,17:01,normal_sale,active,Walk-in,5 Star 25g,2,piece,10,20,3,18,0,302.45,302,0,76,cash:302
KOS-2026-005697,2026-06-26,17:01,normal_sale,active,Walk-in,Moong Dal (loose),2,kg,130.61,261.22,69.22,0,0,302.45,302,0,76,cash:302
KOS-2026-005696,2026-06-26,16:16,normal_sale,active,Lata Sharma,MDH Garam Masala 100g,1,piece,95.44,95.44,17.44,5,0,311.24,311.24,0,65.24,cash:311.24
KOS-2026-005696,2026-06-26,16:16,normal_sale,active,Lata Sharma,Coca-Cola 750ml,1,piece,42.7,42.7,10.7,28,0,311.24,311.24,0,65.24,cash:311.24
KOS-2026-005696,2026-06-26,16:16,normal_sale,active,Lata Sharma,Wheat Atta (loose),1,kg,42,42,10,0,0,311.24,311.24,0,65.24,cash:311.24
KOS-2026-005696,2026-06-26,16:16,normal_sale,active,Lata Sharma,Kissan Mixed Fruit Jam 200g,1,piece,82,82,14,12,0,311.24,311.24,0,65.24,cash:311.24
KOS-2026-005696,2026-06-26,16:16,normal_sale,active,Lata Sharma,Bisleri Water 1L,1,piece,20,20,7,18,0,311.24,311.24,0,65.24,cash:311.24
KOS-2026-005696,2026-06-26,16:16,normal_sale,active,Lata Sharma,Maggi Noodles 70g,2,piece,14.55,29.1,6.1,12,0,311.24,311.24,0,65.24,cash:311.24
KOS-2026-005695,2026-06-26,14:40,normal_sale,active,Walk-in,Red Label Tea 250g,2,piece,157.13,314.26,58.26,5,0,314.26,314.26,0,58.26,upi:314.26
KOS-2026-005694,2026-06-26,13:34,normal_sale,active,Yogesh Shinde,Colgate Strong Teeth 200g,1,piece,113.64,113.64,21.64,18,0,640.83,640,0,130.5,cash:640
KOS-2026-005694,2026-06-26,13:34,normal_sale,active,Yogesh Shinde,Lifebuoy Soap 125g,1,piece,35.94,35.94,7.94,18,0,640.83,640,0,130.5,cash:640
KOS-2026-005694,2026-06-26,13:34,normal_sale,active,Yogesh Shinde,Lays Classic Salted 52g,1,piece,22.47,22.47,5.97,12,0,640.83,640,0,130.5,cash:640
KOS-2026-005694,2026-06-26,13:34,normal_sale,active,Yogesh Shinde,Wheat Atta (loose),1,kg,42,42,10,0,0,640.83,640,0,130.5,cash:640
KOS-2026-005694,2026-06-26,13:34,normal_sale,active,Yogesh Shinde,Aashirvaad Atta 5kg,1,piece,303.09,303.09,58.09,5,0,640.83,640,0,130.5,cash:640
KOS-2026-005694,2026-06-26,13:34,normal_sale,active,Yogesh Shinde,Thums Up 750ml,3,piece,41.23,123.69,27.69,28,0,640.83,640,0,130.5,cash:640
KOS-2026-005693,2026-06-26,13:00,normal_sale,active,Walk-in,Onion,0.25,kg,36.44,9.11,3.11,0,0,416.16,416,0,89.5,cash:416
KOS-2026-005693,2026-06-26,13:00,normal_sale,active,Walk-in,Amul Taaza Milk 500ml,1,piece,28,28,3,0,0,416.16,416,0,89.5,cash:416
KOS-2026-005693,2026-06-26,13:00,normal_sale,active,Walk-in,Fortune Sunflower Oil 1L,1,piece,168.48,168.48,30.48,5,0,416.16,416,0,89.5,cash:416
KOS-2026-005693,2026-06-26,13:00,normal_sale,active,Walk-in,Maggi Noodles 70g,1,piece,14.55,14.55,3.05,12,0,416.16,416,0,89.5,cash:416
KOS-2026-005693,2026-06-26,13:00,normal_sale,active,Walk-in,Dairy Milk 50g,2,piece,40,80,12,18,0,416.16,416,0,89.5,cash:416
KOS-2026-005693,2026-06-26,13:00,normal_sale,active,Walk-in,Ginger,1,kg,116.02,116.02,38.02,0,0,416.16,416,0,89.5,cash:416
KOS-2026-005692,2026-06-26,12:54,normal_sale,active,Smita More,Vim Dishwash Bar 200g,1,piece,21.09,21.09,5.09,18,20.37,475.05,475.05,0,66.55,cash:475.05
KOS-2026-005692,2026-06-26,12:54,normal_sale,active,Smita More,Poha (loose),0.25,kg,56,14,3.5,5,20.37,475.05,475.05,0,66.55,cash:475.05
KOS-2026-005692,2026-06-26,12:54,normal_sale,active,Smita More,Lux Soap 100g,1,piece,40.33,40.33,10.33,18,20.37,475.05,475.05,0,66.55,cash:475.05
KOS-2026-005692,2026-06-26,12:54,normal_sale,active,Smita More,Mother Dairy Paneer 200g,4,piece,105,420,68,5,20.37,475.05,475.05,0,66.55,cash:475.05
KOS-2026-005691,2026-06-26,12:32,normal_sale,active,Ashwini Salunkhe,Center Fresh Gum (jar pc),1,piece,1.02,1.02,0.17,18,0,323.15,323.15,0,90.3,upi:323.15
KOS-2026-005691,2026-06-26,12:32,normal_sale,active,Ashwini Salunkhe,Thums Up 750ml,1,piece,41.23,41.23,9.23,28,0,323.15,323.15,0,90.3,upi:323.15
KOS-2026-005691,2026-06-26,12:32,normal_sale,active,Ashwini Salunkhe,Tata Salt 1kg,1,piece,33.4,33.4,9.4,0,0,323.15,323.15,0,90.3,upi:323.15
KOS-2026-005691,2026-06-26,12:32,normal_sale,active,Ashwini Salunkhe,Groundnut / Peanut (loose),2,kg,123.75,247.5,71.5,5,0,323.15,323.15,0,90.3,upi:323.15
KOS-2026-005690,2026-06-26,12:16,normal_sale,active,Walk-in,Ginger,1,kg,116.02,116.02,38.02,0,0,1276.94,1276,0,331,cash:1276
KOS-2026-005690,2026-06-26,12:16,normal_sale,active,Walk-in,Britannia Good Day 100g,2,piece,31.73,63.46,13.46,18,0,1276.94,1276,0,331,cash:1276
KOS-2026-005690,2026-06-26,12:16,normal_sale,active,Walk-in,Britannia Marie Gold 250g,4,piece,41.48,165.92,33.92,18,0,1276.94,1276,0,331,cash:1276
KOS-2026-005690,2026-06-26,12:16,normal_sale,active,Walk-in,Poha (loose),0.5,kg,56,28,7,5,0,1276.94,1276,0,331,cash:1276
KOS-2026-005690,2026-06-26,12:16,normal_sale,active,Walk-in,Chana Dal (loose),1,kg,95.24,95.24,21.24,0,0,1276.94,1276,0,331,cash:1276
KOS-2026-005690,2026-06-26,12:16,normal_sale,active,Walk-in,Toor Dal (loose),5,kg,161.66,808.3,218.3,0,0,1276.94,1276,0,331,cash:1276
KOS-2026-005689,2026-06-26,11:58,normal_sale,active,Sanjay Singh,Bisleri Water 1L,1,piece,20,20,7,18,0,20,20,0,7,upi:20
KOS-2026-005688,2026-06-26,11:45,normal_sale,active,Walk-in,Poha (loose),0.5,kg,56,28,7,5,0,1133.01,1133.01,0,224.16,cash:1133.01
KOS-2026-005688,2026-06-26,11:45,normal_sale,active,Walk-in,Aashirvaad Atta 5kg,3,piece,303.09,909.27,174.27,5,0,1133.01,1133.01,0,224.16,cash:1133.01
KOS-2026-005688,2026-06-26,11:45,normal_sale,active,Walk-in,Haldiram Bhujia 200g,2,piece,57.46,114.92,24.92,12,0,1133.01,1133.01,0,224.16,cash:1133.01
KOS-2026-005688,2026-06-26,11:45,normal_sale,active,Walk-in,Center Fresh Gum (jar pc),1,piece,1.02,1.02,0.17,18,0,1133.01,1133.01,0,224.16,cash:1133.01
KOS-2026-005688,2026-06-26,11:45,normal_sale,active,Walk-in,Everest Turmeric 200g,1,piece,79.8,79.8,17.8,5,0,1133.01,1133.01,0,224.16,cash:1133.01
KOS-2026-005687,2026-06-26,11:25,normal_sale,active,Walk-in,Ariel Detergent 1kg,1,piece,163.43,163.43,31.43,18,0,272.26,272.26,0,59.26,upi:272.26
KOS-2026-005687,2026-06-26,11:25,normal_sale,active,Walk-in,Toor Dal (loose),0.5,kg,161.66,80.83,21.83,0,0,272.26,272.26,0,59.26,upi:272.26
KOS-2026-005687,2026-06-26,11:25,normal_sale,active,Walk-in,Yippee Noodles 70g,2,piece,14,28,6,12,0,272.26,272.26,0,59.26,upi:272.26
KOS-2026-005686,2026-06-26,11:17,normal_sale,active,Walk-in,Everest Turmeric 200g,2,piece,79.8,159.6,35.6,5,0,182.6,182.6,0,41.1,upi:182.6
KOS-2026-005686,2026-06-26,11:17,normal_sale,active,Walk-in,5 Star 25g,1,piece,10,10,1.5,18,0,182.6,182.6,0,41.1,upi:182.6
KOS-2026-005686,2026-06-26,11:17,normal_sale,active,Walk-in,Potato,0.5,kg,26,13,4,0,0,182.6,182.6,0,41.1,upi:182.6
KOS-2026-005685,2026-06-26,10:58,normal_sale,active,Sai Snacks Corner,Urad Dal (loose),2,kg,140.67,281.34,71.34,0,0,281.34,0,281.34,71.34,
KOS-2026-005684,2026-06-26,10:56,normal_sale,active,Walk-in,Groundnut / Peanut (loose),0.25,kg,123.75,30.94,8.94,5,0,448.4,448.4,0,92.9,cash:448.4
KOS-2026-005684,2026-06-26,10:56,normal_sale,active,Walk-in,Kurkure Masala Munch 70g,1,piece,20,20,3.5,12,0,448.4,448.4,0,92.9,cash:448.4
KOS-2026-005684,2026-06-26,10:56,normal_sale,active,Walk-in,Basmati Rice Premium (loose),0.25,kg,126.71,31.68,8.68,0,0,448.4,448.4,0,92.9,cash:448.4
KOS-2026-005684,2026-06-26,10:56,normal_sale,active,Walk-in,Rava / Sooji (loose),1,kg,48.98,48.98,12.98,5,0,448.4,448.4,0,92.9,cash:448.4
KOS-2026-005684,2026-06-26,10:56,normal_sale,active,Walk-in,Tata Salt 1kg,2,piece,33.4,66.8,18.8,0,0,448.4,448.4,0,92.9,cash:448.4
KOS-2026-005684,2026-06-26,10:56,normal_sale,active,Walk-in,Lizol Floor Cleaner 500ml,2,piece,125,250,40,18,0,448.4,448.4,0,92.9,cash:448.4
KOS-2026-005683,2026-06-26,10:38,normal_sale,active,Nitin Bhosale,Sugar (loose),0.5,kg,49.91,24.96,4.46,5,0,66.96,66.96,0,14.46,cash:66.96
KOS-2026-005683,2026-06-26,10:38,normal_sale,active,Nitin Bhosale,Candle Pack (6 pc),1,piece,42,42,10,12,0,66.96,66.96,0,14.46,cash:66.96
KOS-2026-005682,2026-06-26,09:32,normal_sale,active,Meena Kadam,Lifebuoy Soap 125g,1,piece,35.94,35.94,7.94,18,0,396.53,396.53,0,74.53,cash:396.53
KOS-2026-005682,2026-06-26,09:32,normal_sale,active,Meena Kadam,Amul Butter 100g,2,piece,63.31,126.62,18.62,12,0,396.53,396.53,0,74.53,cash:396.53
KOS-2026-005682,2026-06-26,09:32,normal_sale,active,Meena Kadam,Sugar (loose),2,kg,49.91,99.82,17.82,5,0,396.53,396.53,0,74.53,cash:396.53
KOS-2026-005682,2026-06-26,09:32,normal_sale,active,Meena Kadam,Vim Dishwash Bar 200g,2,piece,21.09,42.18,10.18,18,0,396.53,396.53,0,74.53,cash:396.53
KOS-2026-005682,2026-06-26,09:32,normal_sale,active,Meena Kadam,Good Knight Refill 45ml,1,piece,91.97,91.97,19.97,18,0,396.53,396.53,0,74.53,cash:396.53
KOS-2026-005681,2026-06-26,09:12,normal_sale,active,Rakesh Shaikh,Amul Butter 100g,1,piece,63.31,63.31,9.31,12,0,1741.58,1741,0,307.5,cash:1741
KOS-2026-005681,2026-06-26,09:12,normal_sale,active,Rakesh Shaikh,Frooti 200ml,1,piece,10.49,10.49,1.99,12,0,1741.58,1741,0,307.5,cash:1741
KOS-2026-005681,2026-06-26,09:12,normal_sale,active,Rakesh Shaikh,Tata Tea Gold 500g,4,piece,323.95,1295.8,235.8,5,0,1741.58,1741,0,307.5,cash:1741
KOS-2026-005681,2026-06-26,09:12,normal_sale,active,Rakesh Shaikh,Surf Excel Easy Wash 1kg,2,piece,143.99,287.98,51.98,18,0,1741.58,1741,0,307.5,cash:1741
KOS-2026-005681,2026-06-26,09:12,normal_sale,active,Rakesh Shaikh,Amul Taaza Milk 500ml,3,piece,28,84,9,0,0,1741.58,1741,0,307.5,cash:1741
KOS-2026-005680,2026-06-26,08:08,normal_sale,active,Imran Gupta,Frooti 200ml,1,piece,10.49,10.49,1.99,12,0,190.5,190.5,0,44.5,cash:190.5
KOS-2026-005680,2026-06-26,08:08,normal_sale,active,Imran Gupta,Maggi Noodles 70g,1,piece,14.55,14.55,3.05,12,0,190.5,190.5,0,44.5,cash:190.5
KOS-2026-005680,2026-06-26,08:08,normal_sale,active,Imran Gupta,Britannia Brown Bread,1,piece,52.9,52.9,10.9,0,0,190.5,190.5,0,44.5,cash:190.5
KOS-2026-005680,2026-06-26,08:08,normal_sale,active,Imran Gupta,Toor Dal (loose),0.5,kg,161.66,80.83,21.83,0,0,190.5,190.5,0,44.5,cash:190.5
KOS-2026-005680,2026-06-26,08:08,normal_sale,active,Imran Gupta,Britannia Good Day 100g,1,piece,31.73,31.73,6.73,18,0,190.5,190.5,0,44.5,cash:190.5
KOS-2026-005679,2026-06-25,20:12,normal_sale,active,Walk-in,Sona Masoori Rice (loose),1,kg,58,58,12,0,0,458.87,458,0,88.5,cash:458
KOS-2026-005679,2026-06-25,20:12,normal_sale,active,Walk-in,Lays Classic Salted 52g,1,piece,22.47,22.47,5.97,12,0,458.87,458,0,88.5,cash:458
KOS-2026-005679,2026-06-25,20:12,normal_sale,active,Walk-in,Bingo Mad Angles 66g,3,piece,21.01,63.03,13.53,12,0,458.87,458,0,88.5,cash:458
KOS-2026-005679,2026-06-25,20:12,normal_sale,active,Walk-in,Dhara Mustard Oil 1L,1,piece,181.11,181.11,29.11,5,0,458.87,458,0,88.5,cash:458
KOS-2026-005679,2026-06-25,20:12,normal_sale,active,Walk-in,Amul Taaza Milk 500ml,1,piece,28,28,3,0,0,458.87,458,0,88.5,cash:458
KOS-2026-005679,2026-06-25,20:12,normal_sale,active,Walk-in,Gillette Guard Razor,1,piece,35.93,35.93,7.93,18,0,458.87,458,0,88.5,cash:458
KOS-2026-005679,2026-06-25,20:12,normal_sale,active,Walk-in,Urad Dal (loose),0.5,kg,140.67,70.33,17.83,0,0,458.87,458,0,88.5,cash:458
KOS-2026-005678,2026-06-25,19:35,normal_sale,active,Walk-in,Lemon,2,piece,5.14,10.28,3.88,0,0,60.19,60,0,12.6,cash:60
KOS-2026-005678,2026-06-25,19:35,normal_sale,active,Walk-in,Sugar (loose),1,kg,49.91,49.91,8.91,5,0,60.19,60,0,12.6,cash:60
KOS-2026-005677,2026-06-25,19:20,normal_sale,active,Walk-in,Center Fresh Gum (jar pc),1,piece,1.02,1.02,0.17,18,0,211.3,211.3,0,38.95,upi:211.3
KOS-2026-005677,2026-06-25,19:20,normal_sale,active,Walk-in,Kissan Mixed Fruit Jam 200g,2,piece,82,164,28,12,0,211.3,211.3,0,38.95,upi:211.3
KOS-2026-005677,2026-06-25,19:20,normal_sale,active,Walk-in,5 Star 25g,1,piece,10,10,1.5,18,0,211.3,211.3,0,38.95,upi:211.3
KOS-2026-005677,2026-06-25,19:20,normal_sale,active,Walk-in,Rajma (loose),0.25,kg,145.1,36.28,9.28,0,0,211.3,211.3,0,38.95,upi:211.3
KOS-2026-005676,2026-06-25,18:56,normal_sale,active,Rakesh Kadam,Tata Salt 1kg,1,piece,33.4,33.4,9.4,0,0,33.4,33.4,0,9.4,upi:33.4
KOS-2026-005675,2026-06-25,18:35,normal_sale,active,Maria Shinde,Sunfeast Dark Fantasy 75g,1,piece,41.68,41.68,7.68,18,0,70.69,70.69,0,17.19,upi:70.69
KOS-2026-005675,2026-06-25,18:35,normal_sale,active,Maria Shinde,Ginger,0.25,kg,116.02,29.01,9.51,0,0,70.69,70.69,0,17.19,upi:70.69
KOS-2026-005674,2026-06-25,17:56,normal_sale,active,Walk-in,Britannia Good Day 100g,1,piece,31.73,31.73,6.73,18,0,31.73,31,0,6,cash:31
KOS-2026-005673,2026-06-25,17:49,normal_sale,active,Simran Pawar,Wheat Atta (loose),0.5,kg,42,21,5,0,0,292.46,292.46,0,53.96,upi:292.46
KOS-2026-005673,2026-06-25,17:49,normal_sale,active,Simran Pawar,Surf Excel Easy Wash 1kg,1,piece,143.99,143.99,25.99,18,0,292.46,292.46,0,53.96,upi:292.46
KOS-2026-005673,2026-06-25,17:49,normal_sale,active,Simran Pawar,Mother Dairy Paneer 200g,1,piece,105,105,17,5,0,292.46,292.46,0,53.96,upi:292.46
KOS-2026-005673,2026-06-25,17:49,normal_sale,active,Simran Pawar,Lays Classic Salted 52g,1,piece,22.47,22.47,5.97,12,0,292.46,292.46,0,53.96,upi:292.46
KOS-2026-005672,2026-06-25,17:40,normal_sale,active,Walk-in,Aashirvaad Atta 5kg,1,piece,303.09,303.09,58.09,5,0,303.09,303.09,0,58.09,cash:303.09
KOS-2026-005671,2026-06-25,17:40,normal_sale,active,Walk-in,Sprite 750ml,1,piece,40,40,8,28,0,60,60,0,15,upi:60
KOS-2026-005671,2026-06-25,17:40,normal_sale,active,Walk-in,Bisleri Water 1L,1,piece,20,20,7,18,0,60,60,0,15,upi:60
KOS-2026-005670,2026-06-25,17:29,normal_sale,active,Simran Singh,5 Star 25g,1,piece,10,10,1.5,18,0,314.86,0,314.86,63.11,
KOS-2026-005670,2026-06-25,17:29,normal_sale,active,Simran Singh,Surf Excel Easy Wash 1kg,1,piece,143.99,143.99,25.99,18,0,314.86,0,314.86,63.11,
KOS-2026-005670,2026-06-25,17:29,normal_sale,active,Simran Singh,Urad Dal (loose),0.25,kg,140.67,35.17,8.92,0,0,314.86,0,314.86,63.11,
KOS-2026-005670,2026-06-25,17:29,normal_sale,active,Simran Singh,KitKat 4-finger,1,piece,21.23,21.23,4.23,18,0,314.86,0,314.86,63.11,
KOS-2026-005670,2026-06-25,17:29,normal_sale,active,Simran Singh,Parachute Coconut Oil 200ml,1,piece,104.47,104.47,22.47,18,0,314.86,0,314.86,63.11,
KOS-2026-005669,2026-06-25,17:18,normal_sale,active,Rekha Rane,Vim Dishwash Bar 200g,1,piece,21.09,21.09,5.09,18,0,21.09,21.09,0,5.09,bank:21.09
KOS-2026-005668,2026-06-25,16:52,normal_sale,active,Walk-in,Lifebuoy Soap 125g,1,piece,35.94,35.94,7.94,18,0,290.76,290.76,0,67.26,upi:290.76
KOS-2026-005668,2026-06-25,16:52,normal_sale,active,Walk-in,Ginger,0.25,kg,116.02,29.01,9.51,0,0,290.76,290.76,0,67.26,upi:290.76
KOS-2026-005668,2026-06-25,16:52,normal_sale,active,Walk-in,Catch Red Chilli Powder 100g,1,piece,63.05,63.05,15.05,5,0,290.76,290.76,0,67.26,upi:290.76
KOS-2026-005668,2026-06-25,16:52,normal_sale,active,Walk-in,Everest Turmeric 200g,1,piece,79.8,79.8,17.8,5,0,290.76,290.76,0,67.26,upi:290.76
KOS-2026-005668,2026-06-25,16:52,normal_sale,active,Walk-in,Britannia Marie Gold 250g,2,piece,41.48,82.96,16.96,18,0,290.76,290.76,0,67.26,upi:290.76
KOS-2026-005667,2026-06-25,15:53,normal_sale,active,Sneha Jadhav,Chana Dal (loose),2,kg,95.24,190.48,42.48,0,0,211.58,211,0,46.4,cash:211
KOS-2026-005667,2026-06-25,15:53,normal_sale,active,Sneha Jadhav,Parle-G Biscuit 100g,2,piece,10.55,21.1,4.5,18,0,211.58,211,0,46.4,cash:211
KOS-2026-005666,2026-06-25,13:29,normal_sale,active,Walk-in,Lux Soap 100g,2,piece,40.33,80.66,20.66,18,0,237.44,237,0,51.5,cash:237
KOS-2026-005666,2026-06-25,13:29,normal_sale,active,Walk-in,Lays Classic Salted 52g,1,piece,22.47,22.47,5.97,12,0,237.44,237,0,51.5,cash:237
KOS-2026-005666,2026-06-25,13:29,normal_sale,active,Walk-in,Candle Pack (6 pc),1,piece,42,42,10,12,0,237.44,237,0,51.5,cash:237
KOS-2026-005666,2026-06-25,13:29,normal_sale,active,Walk-in,Amul Butter 100g,1,piece,63.31,63.31,9.31,12,0,237.44,237,0,51.5,cash:237
KOS-2026-005666,2026-06-25,13:29,normal_sale,active,Walk-in,Sona Masoori Rice (loose),0.5,kg,58,29,6,0,0,237.44,237,0,51.5,cash:237
KOS-2026-005665,2026-06-25,11:55,normal_sale,active,Harshada Khan,Tomato,1,kg,41.9,41.9,15.9,0,0,41.9,19,22.9,15.9,upi:19
KOS-2026-005664,2026-06-25,11:32,normal_sale,active,Pooja Patil,Aashirvaad Atta 5kg,1,piece,303.09,303.09,58.09,5,0,490.6,117,373.6,96.6,upi:117
KOS-2026-005664,2026-06-25,11:32,normal_sale,active,Pooja Patil,Tomato,0.25,kg,41.9,10.48,3.98,0,0,490.6,117,373.6,96.6,upi:117
KOS-2026-005664,2026-06-25,11:32,normal_sale,active,Pooja Patil,Britannia Brown Bread,1,piece,52.9,52.9,10.9,0,0,490.6,117,373.6,96.6,upi:117
KOS-2026-005664,2026-06-25,11:32,normal_sale,active,Pooja Patil,Colgate Strong Teeth 200g,1,piece,113.64,113.64,21.64,18,0,490.6,117,373.6,96.6,upi:117
KOS-2026-005664,2026-06-25,11:32,normal_sale,active,Pooja Patil,Frooti 200ml,1,piece,10.49,10.49,1.99,12,0,490.6,117,373.6,96.6,upi:117
KOS-2026-005663,2026-06-25,11:08,normal_sale,active,Walk-in,Sugar (loose),1,kg,49.91,49.91,8.91,5,0,540.41,540,0,110,cash:540
KOS-2026-005663,2026-06-25,11:08,normal_sale,active,Walk-in,Basmati Rice Premium (loose),0.5,kg,126.71,63.36,17.36,0,0,540.41,540,0,110,cash:540
KOS-2026-005663,2026-06-25,11:08,normal_sale,active,Walk-in,Saffola Gold Oil 1L,2,piece,203.57,407.14,77.14,5,0,540.41,540,0,110,cash:540
KOS-2026-005663,2026-06-25,11:08,normal_sale,active,Walk-in,Bisleri Water 1L,1,piece,20,20,7,18,0,540.41,540,0,110,cash:540
KOS-2026-005662,2026-06-25,10:51,normal_sale,active,Hotel Green Leaf,Vim Dishwash Bar 200g,2,piece,21.09,42.18,10.18,18,0,42.18,23,19.18,10.18,upi:23
KOS-2026-005661,2026-06-25,10:09,normal_sale,active,Sai Snacks Corner,Tata Salt 1kg,1,piece,33.4,33.4,9.4,0,23.4,10,10,0,-14,cash:10
KOS-2026-005660,2026-06-25,09:37,normal_sale,active,Walk-in,Agarbatti Pack (20 sticks),1,piece,31.3,31.3,7.3,12,0,31.3,31.3,0,7.3,upi:31.3
KOS-2026-005659,2026-06-25,09:27,normal_sale,active,Anita More,Amul Masti Dahi 400g,3,piece,40,120,24,5,0,310.95,310.95,0,60.45,cash:310.95
KOS-2026-005659,2026-06-25,09:27,normal_sale,active,Anita More,Lays Classic Salted 52g,1,piece,22.47,22.47,5.97,12,0,310.95,310.95,0,60.45,cash:310.95
KOS-2026-005659,2026-06-25,09:27,normal_sale,active,Anita More,Fortune Sunflower Oil 1L,1,piece,168.48,168.48,30.48,5,0,310.95,310.95,0,60.45,cash:310.95
KOS-2026-005658,2026-06-25,09:12,normal_sale,active,Walk-in,Dettol Antiseptic 250ml,1,piece,160.07,160.07,28.07,18,0,322.54,322.54,0,52.04,bank:322.54
KOS-2026-005658,2026-06-25,09:12,normal_sale,active,Walk-in,Amul Cheese Slices 200g,1,piece,140,140,18,12,0,322.54,322.54,0,52.04,bank:322.54
KOS-2026-005658,2026-06-25,09:12,normal_sale,active,Walk-in,Lays Classic Salted 52g,1,piece,22.47,22.47,5.97,12,0,322.54,322.54,0,52.04,bank:322.54
KOS-2026-005657,2026-06-25,09:09,normal_sale,active,Walk-in,Amul Masti Dahi 400g,1,piece,40,40,8,5,0,40,40,0,8,cash:40
KOS-2026-005656,2026-06-25,09:04,normal_sale,active,Walk-in,Clinic Plus Shampoo 175ml,1,piece,140,140,22,18,0,363.54,363.54,0,73.34,upi:363.54
KOS-2026-005656,2026-06-25,09:04,normal_sale,active,Walk-in,Lemon,1,piece,5.14,5.14,1.94,0,0,363.54,363.54,0,73.34,upi:363.54
KOS-2026-005656,2026-06-25,09:04,normal_sale,active,Walk-in,Coca-Cola 750ml,2,piece,42.7,85.4,21.4,28,0,363.54,363.54,0,73.34,upi:363.54
KOS-2026-005656,2026-06-25,09:04,normal_sale,active,Walk-in,Sprite 750ml,3,piece,40,120,24,28,0,363.54,363.54,0,73.34,upi:363.54
KOS-2026-005656,2026-06-25,09:04,normal_sale,active,Walk-in,Potato,0.5,kg,26,13,4,0,0,363.54,363.54,0,73.34,upi:363.54
KOS-2026-005655,2026-06-25,08:12,normal_sale,active,Jyoti Patil,Aashirvaad Atta 5kg,1,piece,303.09,303.09,58.09,5,0,388.42,388,0,74.5,cash:388
KOS-2026-005655,2026-06-25,08:12,normal_sale,active,Jyoti Patil,Sunfeast Dark Fantasy 75g,1,piece,41.68,41.68,7.68,18,0,388.42,388,0,74.5,cash:388
KOS-2026-005655,2026-06-25,08:12,normal_sale,active,Jyoti Patil,Maggi Noodles 70g,3,piece,14.55,43.65,9.15,12,0,388.42,388,0,74.5,cash:388
KOS-2026-005654,2026-06-25,08:00,normal_sale,active,Walk-in,Bournvita 500g,2,piece,275.51,551.02,87.02,18,0,875.78,875,0,157.7,cash:875
KOS-2026-005654,2026-06-25,08:00,normal_sale,active,Walk-in,Parle-G Biscuit 100g,1,piece,10.55,10.55,2.25,18,0,875.78,875,0,157.7,cash:875
KOS-2026-005654,2026-06-25,08:00,normal_sale,active,Walk-in,Horlicks 500g,1,piece,314.21,314.21,69.21,18,0,875.78,875,0,157.7,cash:875
KOS-2026-005653,2026-06-24,21:58,normal_sale,active,Walk-in,Gillette Guard Razor,1,piece,35.93,35.93,7.93,18,0,99.93,99.93,0,18.93,cash:99.93
KOS-2026-005653,2026-06-24,21:58,normal_sale,active,Walk-in,Amul Taaza Milk 500ml,1,piece,28,28,3,0,0,99.93,99.93,0,18.93,cash:99.93
KOS-2026-005653,2026-06-24,21:58,normal_sale,active,Walk-in,AA Battery (2 pc),1,piece,36,36,8,18,0,99.93,99.93,0,18.93,cash:99.93
KOS-2026-005652,2026-06-24,21:55,normal_sale,active,Ganesh Shaikh,Poha (loose),0.25,kg,56,14,3.5,5,0,14,14,0,3.5,upi:14
KOS-2026-005651,2026-06-24,21:55,normal_sale,active,Lata Sharma,Frooti 200ml,2,piece,10.49,20.98,3.98,12,0,865.06,865.06,0,156.06,cash:865.06
KOS-2026-005651,2026-06-24,21:55,normal_sale,active,Lata Sharma,Red Label Tea 250g,3,piece,157.13,471.39,87.39,5,0,865.06,865.06,0,156.06,cash:865.06
KOS-2026-005651,2026-06-24,21:55,normal_sale,active,Lata Sharma,Close Up Red 150g,2,piece,95.79,191.58,35.58,18,0,865.06,865.06,0,156.06,cash:865.06
KOS-2026-005651,2026-06-24,21:55,normal_sale,active,Lata Sharma,Dhara Mustard Oil 1L,1,piece,181.11,181.11,29.11,5,0,865.06,865.06,0,156.06,cash:865.06
KOS-2026-005650,2026-06-24,21:52,normal_sale,active,Walk-in,Parachute Coconut Oil 200ml,1,piece,104.47,104.47,22.47,18,0,264.16,264.16,0,62.16,cash:264.16
KOS-2026-005650,2026-06-24,21:52,normal_sale,active,Walk-in,Vim Dishwash Bar 200g,1,piece,21.09,21.09,5.09,18,0,264.16,264.16,0,62.16,cash:264.16
KOS-2026-005650,2026-06-24,21:52,normal_sale,active,Walk-in,Coca-Cola 750ml,3,piece,42.7,128.1,32.1,28,0,264.16,264.16,0,62.16,cash:264.16
KOS-2026-005650,2026-06-24,21:52,normal_sale,active,Walk-in,Wheat Atta (loose),0.25,kg,42,10.5,2.5,0,0,264.16,264.16,0,62.16,cash:264.16
KOS-2026-005649,2026-06-24,21:42,normal_sale,active,Vaishali Verma,Frooti 200ml,1,piece,10.49,10.49,1.99,12,44.59,193.39,193,0,8,cash:193
KOS-2026-005649,2026-06-24,21:42,normal_sale,active,Vaishali Verma,Ginger,0.25,kg,116.02,29.01,9.51,0,44.59,193.39,193,0,8,cash:193
KOS-2026-005649,2026-06-24,21:42,normal_sale,active,Vaishali Verma,Britannia Marie Gold 250g,1,piece,41.48,41.48,8.48,18,44.59,193.39,193,0,8,cash:193
KOS-2026-005649,2026-06-24,21:42,normal_sale,active,Vaishali Verma,Potato,2,kg,26,52,16,0,44.59,193.39,193,0,8,cash:193
KOS-2026-005649,2026-06-24,21:42,normal_sale,active,Vaishali Verma,Harpic Toilet Cleaner 500ml,1,piece,105,105,17,18,44.59,193.39,193,0,8,cash:193
KOS-2026-005648,2026-06-24,21:11,normal_sale,active,Smita Patil,Gillette Guard Razor,1,piece,35.93,35.93,7.93,18,0,35.93,35,0,7,cash:35
KOS-2026-005647,2026-06-24,20:55,normal_sale,active,Walk-in,Bisleri Water 1L,1,piece,20,20,7,18,0,94.81,94.81,0,22.96,cash:60|upi:34.81
KOS-2026-005647,2026-06-24,20:55,normal_sale,active,Walk-in,Thums Up 750ml,1,piece,41.23,41.23,9.23,28,0,94.81,94.81,0,22.96,cash:60|upi:34.81
KOS-2026-005647,2026-06-24,20:55,normal_sale,active,Walk-in,Parle-G Biscuit 100g,2,piece,10.55,21.1,4.5,18,0,94.81,94.81,0,22.96,cash:60|upi:34.81
KOS-2026-005647,2026-06-24,20:55,normal_sale,active,Walk-in,Sugar (loose),0.25,kg,49.91,12.48,2.23,5,0,94.81,94.81,0,22.96,cash:60|upi:34.81
KOS-2026-005646,2026-06-24,20:40,normal_sale,active,Ashok Dsouza,Poha (loose),0.25,kg,56,14,3.5,5,15.83,19.4,19.4,0,-8.1,cash:19.4
KOS-2026-005646,2026-06-24,20:40,normal_sale,active,Ashok Dsouza,KitKat 4-finger,1,piece,21.23,21.23,4.23,18,15.83,19.4,19.4,0,-8.1,cash:19.4
KOS-2026-005645,2026-06-24,20:11,normal_sale,active,Walk-in,Tata Tea Gold 500g,1,piece,323.95,323.95,58.95,5,0,667.17,667.17,0,155.17,cash:309|upi:358.17
KOS-2026-005645,2026-06-24,20:11,normal_sale,active,Walk-in,Lizol Floor Cleaner 500ml,1,piece,125,125,20,18,0,667.17,667.17,0,155.17,cash:309|upi:358.17
KOS-2026-005645,2026-06-24,20:11,normal_sale,active,Walk-in,Onion,0.5,kg,36.44,18.22,6.22,0,0,667.17,667.17,0,155.17,cash:309|upi:358.17
KOS-2026-005645,2026-06-24,20:11,normal_sale,active,Walk-in,Bisleri Water 1L,10,piece,20,200,70,18,0,667.17,667.17,0,155.17,cash:309|upi:358.17
KOS-2026-005644,2026-06-24,19:51,normal_sale,active,Imran Dsouza,Bingo Mad Angles 66g,3,piece,21.01,63.03,13.53,12,0,1218.83,1218.83,0,231.33,cash:1218.83
KOS-2026-005644,2026-06-24,19:51,normal_sale,active,Imran Dsouza,Amul Gold Milk 500ml,2,piece,34.79,69.58,9.58,0,0,1218.83,1218.83,0,231.33,cash:1218.83
KOS-2026-005644,2026-06-24,19:51,normal_sale,active,Imran Dsouza,Garlic,2,kg,156.74,313.48,89.48,0,0,1218.83,1218.83,0,231.33,cash:1218.83
KOS-2026-005644,2026-06-24,19:51,normal_sale,active,Imran Dsouza,Amul Ghee 500ml,2,piece,369.67,739.34,109.34,12,0,1218.83,1218.83,0,231.33,cash:1218.83
KOS-2026-005644,2026-06-24,19:51,normal_sale,active,Imran Dsouza,Tata Salt 1kg,1,piece,33.4,33.4,9.4,0,0,1218.83,1218.83,0,231.33,cash:1218.83
KOS-2026-005643,2026-06-24,19:49,normal_sale,active,Walk-in,Good Knight Refill 45ml,3,piece,91.97,275.91,59.91,18,0,1264.24,1264.24,0,253.89,upi:1264.24
KOS-2026-005643,2026-06-24,19:49,normal_sale,active,Walk-in,MDH Garam Masala 100g,3,piece,95.44,286.32,52.32,5,0,1264.24,1264.24,0,253.89,upi:1264.24
KOS-2026-005643,2026-06-24,19:49,normal_sale,active,Walk-in,Ginger,1,kg,116.02,116.02,38.02,0,0,1264.24,1264.24,0,253.89,upi:1264.24
KOS-2026-005643,2026-06-24,19:49,normal_sale,active,Walk-in,Kurkure Masala Munch 70g,3,piece,20,60,10.5,12,0,1264.24,1264.24,0,253.89,upi:1264.24
KOS-2026-005643,2026-06-24,19:49,normal_sale,active,Walk-in,Center Fresh Gum (jar pc),1,piece,1.02,1.02,0.17,18,0,1264.24,1264.24,0,253.89,upi:1264.24
KOS-2026-005643,2026-06-24,19:49,normal_sale,active,Walk-in,Amul Gold Milk 500ml,1,piece,34.79,34.79,4.79,0,0,1264.24,1264.24,0,253.89,upi:1264.24
KOS-2026-005643,2026-06-24,19:49,normal_sale,active,Walk-in,Tata Tea Gold 500g,1,piece,323.95,323.95,58.95,5,0,1264.24,1264.24,0,253.89,upi:1264.24
KOS-2026-005643,2026-06-24,19:49,normal_sale,active,Walk-in,Thums Up 750ml,1,piece,41.23,41.23,9.23,28,0,1264.24,1264.24,0,253.89,upi:1264.24
KOS-2026-005643,2026-06-24,19:49,normal_sale,active,Walk-in,Lizol Floor Cleaner 500ml,1,piece,125,125,20,18,0,1264.24,1264.24,0,253.89,upi:1264.24
KOS-2026-005642,2026-06-24,19:45,normal_sale,active,Amit Salunkhe,Rava / Sooji (loose),0.5,kg,48.98,24.49,6.49,5,0,382.34,382,0,82.25,cash:382
KOS-2026-005642,2026-06-24,19:45,normal_sale,active,Amit Salunkhe,Ariel Detergent 1kg,1,piece,163.43,163.43,31.43,18,0,382.34,382,0,82.25,cash:382
KOS-2026-005642,2026-06-24,19:45,normal_sale,active,Amit Salunkhe,Maggi Noodles 70g,1,piece,14.55,14.55,3.05,12,0,382.34,382,0,82.25,cash:382
KOS-2026-005642,2026-06-24,19:45,normal_sale,active,Amit Salunkhe,Sugar (loose),0.25,kg,49.91,12.48,2.23,5,0,382.34,382,0,82.25,cash:382
KOS-2026-005642,2026-06-24,19:45,normal_sale,active,Amit Salunkhe,Mustard Oil (loose),1,l,167.39,167.39,39.39,5,0,382.34,382,0,82.25,cash:382
KOS-2026-005641,2026-06-24,19:24,normal_sale,active,Sneha Jadhav,Fortune Sunflower Oil 1L,2,piece,168.48,336.96,60.96,5,0,612.47,612,0,104,cash:612
KOS-2026-005641,2026-06-24,19:24,normal_sale,active,Sneha Jadhav,Bournvita 500g,1,piece,275.51,275.51,43.51,18,0,612.47,612,0,104,cash:612
KOS-2026-005640,2026-06-24,18:12,normal_sale,active,Walk-in,Bisleri Water 1L,2,piece,20,40,14,18,0,98.01,98.01,0,33.01,upi:98.01
KOS-2026-005640,2026-06-24,18:12,normal_sale,active,Walk-in,Ginger,0.5,kg,116.02,58.01,19.01,0,0,98.01,98.01,0,33.01,upi:98.01
KOS-2026-005639,2026-06-24,17:45,normal_sale,active,Walk-in,Poha (loose),0.5,kg,56,28,7,5,0,152.69,152.69,0,28.99,upi:152.69
KOS-2026-005639,2026-06-24,17:45,normal_sale,active,Walk-in,Lemon,1,piece,5.14,5.14,1.94,0,0,152.69,152.69,0,28.99,upi:152.69
KOS-2026-005639,2026-06-24,17:45,normal_sale,active,Walk-in,Kissan Tomato Ketchup 500g,1,piece,105,105,17,12,0,152.69,152.69,0,28.99,upi:152.69
KOS-2026-005639,2026-06-24,17:45,normal_sale,active,Walk-in,Maggi Noodles 70g,1,piece,14.55,14.55,3.05,12,0,152.69,152.69,0,28.99,upi:152.69
KOS-2026-005638,2026-06-24,17:22,normal_sale,active,Annapurna Mess & Canteen,Fortune Sunflower Oil 1L,2,piece,168.48,336.96,60.96,5,0,476.96,0,476.96,78.96,
KOS-2026-005638,2026-06-24,17:22,normal_sale,active,Annapurna Mess & Canteen,Amul Cheese Slices 200g,1,piece,140,140,18,12,0,476.96,0,476.96,78.96,
KOS-2026-005637,2026-06-24,17:14,normal_sale,active,Manisha Deshmukh,Mother Dairy Paneer 200g,3,piece,105,315,51,5,0,444.91,444.91,0,80.41,bank:444.91
KOS-2026-005637,2026-06-24,17:14,normal_sale,active,Manisha Deshmukh,Britannia Good Day 100g,3,piece,31.73,95.19,20.19,18,0,444.91,444.91,0,80.41,bank:444.91
KOS-2026-005637,2026-06-24,17:14,normal_sale,active,Manisha Deshmukh,Lays Classic Salted 52g,1,piece,22.47,22.47,5.97,12,0,444.91,444.91,0,80.41,bank:444.91
KOS-2026-005637,2026-06-24,17:14,normal_sale,active,Manisha Deshmukh,Rava / Sooji (loose),0.25,kg,48.98,12.25,3.25,5,0,444.91,444.91,0,80.41,bank:444.91
KOS-2026-005636,2026-06-24,15:14,normal_sale,active,Rekha Rane,Amul Masti Dahi 400g,1,piece,40,40,8,5,0,117.01,117.01,0,26.51,upi:117.01
KOS-2026-005636,2026-06-24,15:14,normal_sale,active,Rekha Rane,Maggi Noodles 70g,1,piece,14.55,14.55,3.05,12,0,117.01,117.01,0,26.51,upi:117.01
KOS-2026-005636,2026-06-24,15:14,normal_sale,active,Rekha Rane,Bisleri Water 1L,1,piece,20,20,7,18,0,117.01,117.01,0,26.51,upi:117.01
KOS-2026-005636,2026-06-24,15:14,normal_sale,active,Rekha Rane,KitKat 4-finger,2,piece,21.23,42.46,8.46,18,0,117.01,117.01,0,26.51,upi:117.01
KOS-2026-005635,2026-06-24,14:09,normal_sale,active,Walk-in,Amul Taaza Milk 500ml,3,piece,28,84,9,0,0,455.35,455,0,98.5,cash:455
KOS-2026-005635,2026-06-24,14:09,normal_sale,active,Walk-in,Sona Masoori Rice (loose),0.5,kg,58,29,6,0,0,455.35,455,0,98.5,cash:455
KOS-2026-005635,2026-06-24,14:09,normal_sale,active,Walk-in,Urad Dal (loose),2,kg,140.67,281.34,71.34,0,0,455.35,455,0,98.5,cash:455
KOS-2026-005635,2026-06-24,14:09,normal_sale,active,Walk-in,Sprite 750ml,1,piece,40,40,8,28,0,455.35,455,0,98.5,cash:455
KOS-2026-005635,2026-06-24,14:09,normal_sale,active,Walk-in,Bingo Mad Angles 66g,1,piece,21.01,21.01,4.51,12,0,455.35,455,0,98.5,cash:455
KOS-2026-005634,2026-06-24,13:22,normal_sale,active,Ashwini Pawar,Catch Red Chilli Powder 100g,2,piece,63.05,126.1,30.1,5,0,201.56,201.56,0,47.56,cash:201.56
KOS-2026-005634,2026-06-24,13:22,normal_sale,active,Ashwini Pawar,Nirma Washing Powder 1kg,1,piece,75.46,75.46,17.46,18,0,201.56,201.56,0,47.56,cash:201.56
KOS-2026-005633,2026-06-24,12:12,normal_sale,active,Jyoti Patil,Onion,2,kg,36.44,72.88,24.88,0,0,352.88,352.88,0,60.88,cash:352.88
KOS-2026-005633,2026-06-24,12:12,normal_sale,active,Jyoti Patil,Amul Cheese Slices 200g,2,piece,140,280,36,12,0,352.88,352.88,0,60.88,cash:352.88
KOS-2026-005632,2026-06-24,12:04,normal_sale,active,Walk-in,Amul Gold Milk 500ml,1,piece,34.79,34.79,4.79,0,0,34.79,34.79,0,4.79,upi:34.79
KOS-2026-005631,2026-06-24,11:52,normal_sale,active,Balaji Khan,Tomato,1,kg,41.9,41.9,15.9,0,0,232.38,232.38,0,58.38,upi:232.38
KOS-2026-005631,2026-06-24,11:52,normal_sale,active,Balaji Khan,Chana Dal (loose),2,kg,95.24,190.48,42.48,0,0,232.38,232.38,0,58.38,upi:232.38
KOS-2026-005630,2026-06-24,10:25,normal_sale,active,Walk-in,Kissan Tomato Ketchup 500g,1,piece,105,105,17,12,0,556.13,556,0,105,cash:556
KOS-2026-005630,2026-06-24,10:25,normal_sale,active,Walk-in,Dettol Antiseptic 250ml,1,piece,160.07,160.07,28.07,18,0,556.13,556,0,105,cash:556
KOS-2026-005630,2026-06-24,10:25,normal_sale,active,Walk-in,Bisleri Water 1L,1,piece,20,20,7,18,0,556.13,556,0,105,cash:556
KOS-2026-005630,2026-06-24,10:25,normal_sale,active,Walk-in,Amul Masti Dahi 400g,2,piece,40,80,16,5,0,556.13,556,0,105,cash:556
KOS-2026-005630,2026-06-24,10:25,normal_sale,active,Walk-in,Sugar (loose),1,kg,49.91,49.91,8.91,5,0,556.13,556,0,105,cash:556
KOS-2026-005630,2026-06-24,10:25,normal_sale,active,Walk-in,Colgate Strong Teeth 200g,1,piece,113.64,113.64,21.64,18,0,556.13,556,0,105,cash:556
KOS-2026-005630,2026-06-24,10:25,normal_sale,active,Walk-in,Bingo Mad Angles 66g,1,piece,21.01,21.01,4.51,12,0,556.13,556,0,105,cash:556
KOS-2026-005630,2026-06-24,10:25,normal_sale,active,Walk-in,Potato,0.25,kg,26,6.5,2,0,0,556.13,556,0,105,cash:556
KOS-2026-005629,2026-06-24,10:10,normal_sale,active,Walk-in,Potato,0.5,kg,26,13,4,0,0,50.02,50.02,0,13.02,upi:50.02
KOS-2026-005629,2026-06-24,10:10,normal_sale,active,Walk-in,Maggi Noodles 70g,1,piece,14.55,14.55,3.05,12,0,50.02,50.02,0,13.02,upi:50.02
KOS-2026-005629,2026-06-24,10:10,normal_sale,active,Walk-in,Lays Classic Salted 52g,1,piece,22.47,22.47,5.97,12,0,50.02,50.02,0,13.02,upi:50.02
KOS-2026-005628,2026-06-24,10:06,normal_sale,active,Rekha Bhosale,Amul Gold Milk 500ml,1,piece,34.79,34.79,4.79,0,0,255.85,255.85,0,48.85,upi:255.85
KOS-2026-005628,2026-06-24,10:06,normal_sale,active,Rekha Bhosale,KitKat 4-finger,1,piece,21.23,21.23,4.23,18,0,255.85,255.85,0,48.85,upi:255.85
KOS-2026-005628,2026-06-24,10:06,normal_sale,active,Rekha Bhosale,Red Label Tea 250g,1,piece,157.13,157.13,29.13,5,0,255.85,255.85,0,48.85,upi:255.85
KOS-2026-005628,2026-06-24,10:06,normal_sale,active,Rekha Bhosale,Coca-Cola 750ml,1,piece,42.7,42.7,10.7,28,0,255.85,255.85,0,48.85,upi:255.85
KOS-2026-005627,2026-06-24,09:10,normal_sale,active,Walk-in,AA Battery (2 pc),2,piece,36,72,16,18,0,264.81,264.81,0,57.21,upi:264.81
KOS-2026-005627,2026-06-24,09:10,normal_sale,active,Walk-in,Lemon,3,piece,5.14,15.42,5.82,0,0,264.81,264.81,0,57.21,upi:264.81
KOS-2026-005627,2026-06-24,09:10,normal_sale,active,Walk-in,Tata Salt 1kg,1,piece,33.4,33.4,9.4,0,0,264.81,264.81,0,57.21,upi:264.81
KOS-2026-005627,2026-06-24,09:10,normal_sale,active,Walk-in,Surf Excel Easy Wash 1kg,1,piece,143.99,143.99,25.99,18,0,264.81,264.81,0,57.21,upi:264.81
KOS-2026-005626,2026-06-24,08:55,normal_sale,active,Nitin Patil,Parle-G Biscuit 100g,1,piece,10.55,10.55,2.25,18,27.24,117.24,117,0,2.7,cash:117
KOS-2026-005626,2026-06-24,08:55,normal_sale,active,Nitin Patil,KitKat 4-finger,1,piece,21.23,21.23,4.23,18,27.24,117.24,117,0,2.7,cash:117
KOS-2026-005626,2026-06-24,08:55,normal_sale,active,Nitin Patil,Candle Pack (6 pc),1,piece,42,42,10,12,27.24,117.24,117,0,2.7,cash:117
KOS-2026-005626,2026-06-24,08:55,normal_sale,active,Nitin Patil,Coca-Cola 750ml,1,piece,42.7,42.7,10.7,28,27.24,117.24,117,0,2.7,cash:117
KOS-2026-005626,2026-06-24,08:55,normal_sale,active,Nitin Patil,Amul Taaza Milk 500ml,1,piece,28,28,3,0,27.24,117.24,117,0,2.7,cash:117
KOS-2026-005625,2026-06-24,08:41,normal_sale,active,Priya Dsouza,Kurkure Masala Munch 70g,1,piece,20,20,3.5,12,0,104.06,104,0,23,cash:104
KOS-2026-005625,2026-06-24,08:41,normal_sale,active,Priya Dsouza,Catch Red Chilli Powder 100g,1,piece,63.05,63.05,15.05,5,0,104.06,104,0,23,cash:104
KOS-2026-005625,2026-06-24,08:41,normal_sale,active,Priya Dsouza,Bingo Mad Angles 66g,1,piece,21.01,21.01,4.51,12,0,104.06,104,0,23,cash:104
KOS-2026-005624,2026-06-24,08:02,normal_sale,active,Meena Rane,Sugar (loose),0.5,kg,49.91,24.96,4.46,5,0,24.96,24,0,3.5,cash:24
KOS-2026-005623,2026-06-23,21:56,normal_sale,active,Mahesh Rane,Britannia Brown Bread,1,piece,52.9,52.9,10.9,0,24.05,1065.3,1065.3,0,178.35,cash:1065.3
KOS-2026-005623,2026-06-23,21:56,normal_sale,active,Mahesh Rane,Amul Cheese Slices 200g,1,piece,140,140,18,12,24.05,1065.3,1065.3,0,178.35,cash:1065.3
KOS-2026-005623,2026-06-23,21:56,normal_sale,active,Mahesh Rane,Thums Up 750ml,2,piece,41.23,82.46,18.46,28,24.05,1065.3,1065.3,0,178.35,cash:1065.3
KOS-2026-005623,2026-06-23,21:56,normal_sale,active,Mahesh Rane,Moong Dal (loose),0.25,kg,130.61,32.65,8.65,0,24.05,1065.3,1065.3,0,178.35,cash:1065.3
KOS-2026-005623,2026-06-23,21:56,normal_sale,active,Mahesh Rane,Frooti 200ml,1,piece,10.49,10.49,1.99,12,24.05,1065.3,1065.3,0,178.35,cash:1065.3
KOS-2026-005623,2026-06-23,21:56,normal_sale,active,Mahesh Rane,Aashirvaad Atta 5kg,2,piece,303.09,606.18,116.18,5,24.05,1065.3,1065.3,0,178.35,cash:1065.3
KOS-2026-005623,2026-06-23,21:56,normal_sale,active,Mahesh Rane,Sugar (loose),0.25,kg,49.91,12.48,2.23,5,24.05,1065.3,1065.3,0,178.35,cash:1065.3
KOS-2026-005623,2026-06-23,21:56,normal_sale,active,Mahesh Rane,Lemon,1,piece,5.14,5.14,1.94,0,24.05,1065.3,1065.3,0,178.35,cash:1065.3
KOS-2026-005623,2026-06-23,21:56,normal_sale,active,Mahesh Rane,Catch Red Chilli Powder 100g,1,piece,63.05,63.05,15.05,5,24.05,1065.3,1065.3,0,178.35,cash:1065.3
KOS-2026-005623,2026-06-23,21:56,normal_sale,active,Mahesh Rane,Amul Taaza Milk 500ml,3,piece,28,84,9,0,24.05,1065.3,1065.3,0,178.35,cash:1065.3
KOS-2026-005622,2026-06-23,21:08,normal_sale,active,Priya Sharma,Britannia Good Day 100g,1,piece,31.73,31.73,6.73,18,0,606.71,606,0,125.25,cash:606
KOS-2026-005622,2026-06-23,21:08,normal_sale,active,Priya Sharma,Frooti 200ml,1,piece,10.49,10.49,1.99,12,0,606.71,606,0,125.25,cash:606
KOS-2026-005622,2026-06-23,21:08,normal_sale,active,Priya Sharma,Mustard Oil (loose),0.25,l,167.39,41.85,9.85,5,0,606.71,606,0,125.25,cash:606
KOS-2026-005622,2026-06-23,21:08,normal_sale,active,Priya Sharma,Red Label Tea 250g,1,piece,157.13,157.13,29.13,5,0,606.71,606,0,125.25,cash:606
KOS-2026-005622,2026-06-23,21:08,normal_sale,active,Priya Sharma,Sugar (loose),0.25,kg,49.91,12.48,2.23,5,0,606.71,606,0,125.25,cash:606
KOS-2026-005622,2026-06-23,21:08,normal_sale,active,Priya Sharma,Catch Red Chilli Powder 100g,1,piece,63.05,63.05,15.05,5,0,606.71,606,0,125.25,cash:606
KOS-2026-005622,2026-06-23,21:08,normal_sale,active,Priya Sharma,Colgate Strong Teeth 200g,2,piece,113.64,227.28,43.28,18,0,606.71,606,0,125.25,cash:606
KOS-2026-005622,2026-06-23,21:08,normal_sale,active,Priya Sharma,Bisleri Water 1L,1,piece,20,20,7,18,0,606.71,606,0,125.25,cash:606
KOS-2026-005622,2026-06-23,21:08,normal_sale,active,Priya Sharma,Coca-Cola 750ml,1,piece,42.7,42.7,10.7,28,0,606.71,606,0,125.25,cash:606
KOS-2026-005621,2026-06-23,21:06,normal_sale,active,Jyoti Shaikh,Kissan Mixed Fruit Jam 200g,1,piece,82,82,14,12,0,147.9,147.9,0,28.9,cash:147.9
KOS-2026-005621,2026-06-23,21:06,normal_sale,active,Jyoti Shaikh,Potato,0.5,kg,26,13,4,0,0,147.9,147.9,0,28.9,cash:147.9
KOS-2026-005621,2026-06-23,21:06,normal_sale,active,Jyoti Shaikh,Britannia Brown Bread,1,piece,52.9,52.9,10.9,0,0,147.9,147.9,0,28.9,cash:147.9
KOS-2026-005620,2026-06-23,20:57,normal_sale,active,Walk-in,Tomato,0.25,kg,41.9,10.48,3.98,0,0,218.38,218,0,53.3,cash:218
KOS-2026-005620,2026-06-23,20:57,normal_sale,active,Walk-in,Nirma Washing Powder 1kg,2,piece,75.46,150.92,34.92,18,0,218.38,218,0,53.3,cash:218
KOS-2026-005620,2026-06-23,20:57,normal_sale,active,Walk-in,Farm Eggs,1,piece,8,8,1.8,0,0,218.38,218,0,53.3,cash:218
KOS-2026-005620,2026-06-23,20:57,normal_sale,active,Walk-in,Rava / Sooji (loose),1,kg,48.98,48.98,12.98,5,0,218.38,218,0,53.3,cash:218
KOS-2026-005619,2026-06-23,20:47,normal_sale,active,Walk-in,AA Battery (2 pc),1,piece,36,36,8,18,0,78.7,78,0,18,cash:78
KOS-2026-005619,2026-06-23,20:47,normal_sale,active,Walk-in,Coca-Cola 750ml,1,piece,42.7,42.7,10.7,28,0,78.7,78,0,18,cash:78
KOS-2026-005618,2026-06-23,20:13,normal_sale,active,Walk-in,Saffola Gold Oil 1L,1,piece,203.57,203.57,38.57,5,0,642.3,642.3,0,134.3,cash:642.3
KOS-2026-005618,2026-06-23,20:13,normal_sale,active,Walk-in,Good Knight Refill 45ml,2,piece,91.97,183.94,39.94,18,0,642.3,642.3,0,134.3,cash:642.3
KOS-2026-005618,2026-06-23,20:13,normal_sale,active,Walk-in,Britannia Good Day 100g,3,piece,31.73,95.19,20.19,18,0,642.3,642.3,0,134.3,cash:642.3
KOS-2026-005618,2026-06-23,20:13,normal_sale,active,Walk-in,Everest Turmeric 200g,2,piece,79.8,159.6,35.6,5,0,642.3,642.3,0,134.3,cash:642.3
KOS-2026-005617,2026-06-23,19:34,normal_sale,active,Annapurna Mess & Canteen,Ariel Detergent 1kg,1,piece,163.43,163.43,31.43,18,0,588.76,0,588.76,106.76,
KOS-2026-005617,2026-06-23,19:34,normal_sale,active,Annapurna Mess & Canteen,Good Knight Refill 45ml,1,piece,91.97,91.97,19.97,18,0,588.76,0,588.76,106.76,
KOS-2026-005617,2026-06-23,19:34,normal_sale,active,Annapurna Mess & Canteen,Sunfeast Dark Fantasy 75g,2,piece,41.68,83.36,15.36,18,0,588.76,0,588.76,106.76,
KOS-2026-005617,2026-06-23,19:34,normal_sale,active,Annapurna Mess & Canteen,Lizol Floor Cleaner 500ml,2,piece,125,250,40,18,0,588.76,0,588.76,106.76,
KOS-2026-005616,2026-06-23,19:17,normal_sale,active,Walk-in,Britannia Good Day 100g,1,piece,31.73,31.73,6.73,18,0,66.83,66.83,0,13.53,cash:66.83
KOS-2026-005616,2026-06-23,19:17,normal_sale,active,Walk-in,5 Star 25g,1,piece,10,10,1.5,18,0,66.83,66.83,0,13.53,cash:66.83
KOS-2026-005616,2026-06-23,19:17,normal_sale,active,Walk-in,Maggi Noodles 70g,1,piece,14.55,14.55,3.05,12,0,66.83,66.83,0,13.53,cash:66.83
KOS-2026-005616,2026-06-23,19:17,normal_sale,active,Walk-in,Parle-G Biscuit 100g,1,piece,10.55,10.55,2.25,18,0,66.83,66.83,0,13.53,cash:66.83
KOS-2026-005615,2026-06-23,18:54,normal_sale,active,Suresh Verma,Potato,1,kg,26,26,8,0,0,110,110,0,17,cash:110
KOS-2026-005615,2026-06-23,18:54,normal_sale,active,Suresh Verma,Amul Taaza Milk 500ml,3,piece,28,84,9,0,0,110,110,0,17,cash:110
KOS-2026-005614,2026-06-23,18:54,normal_sale,active,Nasreen Kulkarni,Lifebuoy Soap 125g,1,piece,35.94,35.94,7.94,18,0,35.94,11,24.94,7.94,cash:11
KOS-2026-005613,2026-06-23,18:39,normal_sale,active,Jyoti Shaikh,Toor Dal (loose),1,kg,161.66,161.66,43.66,0,0,731.29,731.29,0,180.79,cash:398|upi:333.29
KOS-2026-005613,2026-06-23,18:39,normal_sale,active,Jyoti Shaikh,Sugar (loose),0.5,kg,49.91,24.96,4.46,5,0,731.29,731.29,0,180.79,cash:398|upi:333.29
KOS-2026-005613,2026-06-23,18:39,normal_sale,active,Jyoti Shaikh,Fortune Sunflower Oil 1L,1,piece,168.48,168.48,30.48,5,0,731.29,731.29,0,180.79,cash:398|upi:333.29
KOS-2026-005613,2026-06-23,18:39,normal_sale,active,Jyoti Shaikh,Britannia Marie Gold 250g,1,piece,41.48,41.48,8.48,18,0,731.29,731.29,0,180.79,cash:398|upi:333.29
KOS-2026-005613,2026-06-23,18:39,normal_sale,active,Jyoti Shaikh,Garlic,2,kg,156.74,313.48,89.48,0,0,731.29,731.29,0,180.79,cash:398|upi:333.29
KOS-2026-005613,2026-06-23,18:39,normal_sale,active,Jyoti Shaikh,KitKat 4-finger,1,piece,21.23,21.23,4.23,18,0,731.29,731.29,0,180.79,cash:398|upi:333.29
KOS-2026-005612,2026-06-23,18:20,normal_sale,active,Walk-in,Amul Masti Dahi 400g,1,piece,40,40,8,5,0,208.48,208.48,0,38.48,bank:208.48
KOS-2026-005612,2026-06-23,18:20,normal_sale,active,Walk-in,Fortune Sunflower Oil 1L,1,piece,168.48,168.48,30.48,5,0,208.48,208.48,0,38.48,bank:208.48
KOS-2026-005611,2026-06-23,17:11,normal_sale,active,Kavita Kulkarni,Thums Up 750ml,1,piece,41.23,41.23,9.23,28,0,643.56,643.56,0,128.56,upi:643.56
KOS-2026-005611,2026-06-23,17:11,normal_sale,active,Kavita Kulkarni,Tomato,1,kg,41.9,41.9,15.9,0,0,643.56,643.56,0,128.56,upi:643.56
KOS-2026-005611,2026-06-23,17:11,normal_sale,active,Kavita Kulkarni,Amul Masti Dahi 400g,1,piece,40,40,8,5,0,643.56,643.56,0,128.56,upi:643.56
KOS-2026-005611,2026-06-23,17:11,normal_sale,active,Kavita Kulkarni,Fortune Sunflower Oil 1L,1,piece,168.48,168.48,30.48,5,0,643.56,643.56,0,128.56,upi:643.56
KOS-2026-005611,2026-06-23,17:11,normal_sale,active,Kavita Kulkarni,Yippee Noodles 70g,2,piece,14,28,6,12,0,643.56,643.56,0,128.56,upi:643.56
KOS-2026-005611,2026-06-23,17:11,normal_sale,active,Kavita Kulkarni,Tata Tea Gold 500g,1,piece,323.95,323.95,58.95,5,0,643.56,643.56,0,128.56,upi:643.56
KOS-2026-005610,2026-06-23,17:08,normal_sale,active,Simran Shaikh,Tata Tea Gold 500g,1,piece,323.95,323.95,58.95,5,0,513.09,513.09,0,102.09,upi:513.09
KOS-2026-005610,2026-06-23,17:08,normal_sale,active,Simran Shaikh,Agarbatti Pack (20 sticks),3,piece,31.3,93.9,21.9,12,0,513.09,513.09,0,102.09,upi:513.09
KOS-2026-005610,2026-06-23,17:08,normal_sale,active,Simran Shaikh,Chana Dal (loose),1,kg,95.24,95.24,21.24,0,0,513.09,513.09,0,102.09,upi:513.09
KOS-2026-005609,2026-06-23,17:06,normal_sale,active,Walk-in,Amul Butter 100g,1,piece,63.31,63.31,9.31,12,0,96.8,96,0,15.25,cash:96
KOS-2026-005609,2026-06-23,17:06,normal_sale,active,Walk-in,Bingo Mad Angles 66g,1,piece,21.01,21.01,4.51,12,0,96.8,96,0,15.25,cash:96
KOS-2026-005609,2026-06-23,17:06,normal_sale,active,Walk-in,Sugar (loose),0.25,kg,49.91,12.48,2.23,5,0,96.8,96,0,15.25,cash:96
KOS-2026-005608,2026-06-23,17:04,normal_sale,active,Walk-in,Amul Masti Dahi 400g,2,piece,40,80,16,5,0,283.53,283.53,0,58.53,upi:283.53
KOS-2026-005608,2026-06-23,17:04,normal_sale,active,Walk-in,Kissan Tomato Ketchup 500g,1,piece,105,105,17,12,0,283.53,283.53,0,58.53,upi:283.53
KOS-2026-005608,2026-06-23,17:04,normal_sale,active,Walk-in,Tata Salt 1kg,2,piece,33.4,66.8,18.8,0,0,283.53,283.53,0,58.53,upi:283.53
KOS-2026-005608,2026-06-23,17:04,normal_sale,active,Walk-in,Britannia Good Day 100g,1,piece,31.73,31.73,6.73,18,0,283.53,283.53,0,58.53,upi:283.53
KOS-2026-005607,2026-06-23,15:02,normal_sale,active,Rekha Bhosale,Everest Turmeric 200g,1,piece,79.8,79.8,17.8,5,0,578.33,578.33,0,134.33,upi:578.33
KOS-2026-005607,2026-06-23,15:02,normal_sale,active,Rekha Bhosale,Parachute Coconut Oil 200ml,1,piece,104.47,104.47,22.47,18,0,578.33,578.33,0,134.33,upi:578.33
KOS-2026-005607,2026-06-23,15:02,normal_sale,active,Rekha Bhosale,Besan (loose),2,kg,105.06,210.12,54.12,5,0,578.33,578.33,0,134.33,upi:578.33
KOS-2026-005607,2026-06-23,15:02,normal_sale,active,Rekha Bhosale,Good Knight Refill 45ml,2,piece,91.97,183.94,39.94,18,0,578.33,578.33,0,134.33,upi:578.33
KOS-2026-005606,2026-06-23,15:01,normal_sale,active,Walk-in,Lemon,1,piece,5.14,5.14,1.94,0,15.14,10,10,0,-9.7,cash:10
KOS-2026-005606,2026-06-23,15:01,normal_sale,active,Walk-in,Kurkure Masala Munch 70g,1,piece,20,20,3.5,12,15.14,10,10,0,-9.7,cash:10
KOS-2026-005605,2026-06-23,14:28,normal_sale,active,Pooja Bhosale,Onion,0.5,kg,36.44,18.22,6.22,0,0,18.22,18.22,0,6.22,upi:18.22
KOS-2026-005604,2026-06-23,14:27,normal_sale,active,Rakesh Shaikh,Poha (loose),2,kg,56,112,28,5,0,154.7,0,154.7,38.7,
KOS-2026-005604,2026-06-23,14:27,normal_sale,active,Rakesh Shaikh,Coca-Cola 750ml,1,piece,42.7,42.7,10.7,28,0,154.7,0,154.7,38.7,
KOS-2026-005603,2026-06-23,12:42,normal_sale,active,Walk-in,Amul Ghee 500ml,1,piece,369.67,369.67,54.67,12,0,369.67,369,0,54,cash:369
KOS-2026-005602,2026-06-23,12:40,normal_sale,active,Walk-in,Kurkure Masala Munch 70g,2,piece,20,40,7,12,0,842.5,842.5,0,186.5,cash:842.5
KOS-2026-005602,2026-06-23,12:40,normal_sale,active,Walk-in,Haldiram Bhujia 200g,1,piece,57.46,57.46,12.46,12,0,842.5,842.5,0,186.5,cash:842.5
KOS-2026-005602,2026-06-23,12:40,normal_sale,active,Walk-in,Lux Soap 100g,3,piece,40.33,120.99,30.99,18,0,842.5,842.5,0,186.5,cash:842.5
KOS-2026-005602,2026-06-23,12:40,normal_sale,active,Walk-in,Vim Liquid 500ml,1,piece,122.49,122.49,24.49,18,0,842.5,842.5,0,186.5,cash:842.5
KOS-2026-005602,2026-06-23,12:40,normal_sale,active,Walk-in,Odonil Air Freshener 50g,2,piece,82.19,164.38,40.38,18,0,842.5,842.5,0,186.5,cash:842.5
KOS-2026-005602,2026-06-23,12:40,normal_sale,active,Walk-in,5 Star 25g,2,piece,10,20,3,18,0,842.5,842.5,0,186.5,cash:842.5
KOS-2026-005602,2026-06-23,12:40,normal_sale,active,Walk-in,Potato,0.5,kg,26,13,4,0,0,842.5,842.5,0,186.5,cash:842.5
KOS-2026-005602,2026-06-23,12:40,normal_sale,active,Walk-in,Onion,1,kg,36.44,36.44,12.44,0,0,842.5,842.5,0,186.5,cash:842.5
KOS-2026-005602,2026-06-23,12:40,normal_sale,active,Walk-in,Coca-Cola 750ml,1,piece,42.7,42.7,10.7,28,0,842.5,842.5,0,186.5,cash:842.5
KOS-2026-005602,2026-06-23,12:40,normal_sale,active,Walk-in,Maggi Noodles 8-pack,2,piece,112.52,225.04,41.04,12,0,842.5,842.5,0,186.5,cash:842.5
KOS-2026-005601,2026-06-23,12:23,normal_sale,active,Vaishali Verma,Mother Dairy Paneer 200g,1,piece,105,105,17,5,0,105,0,105,17,
KOS-2026-005600,2026-06-23,11:35,normal_sale,active,Walk-in,Potato,1,kg,26,26,8,0,0,97.71,97.71,0,28.21,upi:97.71
KOS-2026-005600,2026-06-23,11:35,normal_sale,active,Walk-in,Ginger,0.25,kg,116.02,29.01,9.51,0,0,97.71,97.71,0,28.21,upi:97.71
KOS-2026-005600,2026-06-23,11:35,normal_sale,active,Walk-in,Coca-Cola 750ml,1,piece,42.7,42.7,10.7,28,0,97.71,97.71,0,28.21,upi:97.71
KOS-2026-005599,2026-06-23,11:29,normal_sale,active,Walk-in,Catch Red Chilli Powder 100g,2,piece,63.05,126.1,30.1,5,0,313.86,313.86,0,67.86,upi:313.86
KOS-2026-005599,2026-06-23,11:29,normal_sale,active,Walk-in,Close Up Red 150g,1,piece,95.79,95.79,17.79,18,0,313.86,313.86,0,67.86,upi:313.86
KOS-2026-005599,2026-06-23,11:29,normal_sale,active,Walk-in,Good Knight Refill 45ml,1,piece,91.97,91.97,19.97,18,0,313.86,313.86,0,67.86,upi:313.86
KOS-2026-005598,2026-06-23,10:39,normal_sale,active,Maria Sharma,Kurkure Masala Munch 70g,9,piece,20,180,31.5,12,0,180,180,0,31.5,upi:180
KOS-2026-005597,2026-06-23,09:51,normal_sale,active,Shalini Sharma,Reynolds Pen,6,piece,10.92,65.52,23.52,12,0,281.78,281.78,0,62.78,cash:281.78
KOS-2026-005597,2026-06-23,09:51,normal_sale,active,Shalini Sharma,Maggi Noodles 70g,1,piece,14.55,14.55,3.05,12,0,281.78,281.78,0,62.78,cash:281.78
KOS-2026-005597,2026-06-23,09:51,normal_sale,active,Shalini Sharma,Lizol Floor Cleaner 500ml,1,piece,125,125,20,18,0,281.78,281.78,0,62.78,cash:281.78
KOS-2026-005597,2026-06-23,09:51,normal_sale,active,Shalini Sharma,Britannia Brown Bread,1,piece,52.9,52.9,10.9,0,0,281.78,281.78,0,62.78,cash:281.78
KOS-2026-005597,2026-06-23,09:51,normal_sale,active,Shalini Sharma,Chana Dal (loose),0.25,kg,95.24,23.81,5.31,0,0,281.78,281.78,0,62.78,cash:281.78
KOS-2026-005596,2026-06-23,08:14,normal_sale,active,Rakesh Kulkarni,Mustard Oil (loose),0.25,l,167.39,41.85,9.85,5,0,501.73,501,0,120.75,cash:501
KOS-2026-005596,2026-06-23,08:14,normal_sale,active,Rakesh Kulkarni,Bisleri Water 1L,2,piece,20,40,14,18,0,501.73,501,0,120.75,cash:501
KOS-2026-005596,2026-06-23,08:14,normal_sale,active,Rakesh Kulkarni,Kissan Mixed Fruit Jam 200g,2,piece,82,164,28,12,0,501.73,501,0,120.75,cash:501
KOS-2026-005596,2026-06-23,08:14,normal_sale,active,Rakesh Kulkarni,Everest Turmeric 200g,2,piece,79.8,159.6,35.6,5,0,501.73,501,0,120.75,cash:501
KOS-2026-005596,2026-06-23,08:14,normal_sale,active,Rakesh Kulkarni,Tomato,2,kg,41.9,83.8,31.8,0,0,501.73,501,0,120.75,cash:501
KOS-2026-005596,2026-06-23,08:14,normal_sale,active,Rakesh Kulkarni,Sugar (loose),0.25,kg,49.91,12.48,2.23,5,0,501.73,501,0,120.75,cash:501
KOS-2026-005595,2026-06-22,21:17,normal_sale,active,Annapurna Mess & Canteen,Thums Up 750ml,1,piece,41.23,41.23,9.23,28,0,51.73,51.73,0,11.73,upi:51.73
KOS-2026-005595,2026-06-22,21:17,normal_sale,active,Annapurna Mess & Canteen,Wheat Atta (loose),0.25,kg,42,10.5,2.5,0,0,51.73,51.73,0,11.73,upi:51.73
KOS-2026-005594,2026-06-22,20:12,normal_sale,active,Walk-in,Gillette Guard Razor,3,piece,35.93,107.79,23.79,18,15.56,177,177,0,32.9,upi:177
KOS-2026-005594,2026-06-22,20:12,normal_sale,active,Walk-in,Lemon,8,piece,5.14,41.12,15.52,0,15.56,177,177,0,32.9,upi:177
KOS-2026-005594,2026-06-22,20:12,normal_sale,active,Walk-in,Maggi Noodles 70g,3,piece,14.55,43.65,9.15,12,15.56,177,177,0,32.9,upi:177
KOS-2026-005593,2026-06-22,20:11,normal_sale,active,Suresh Kulkarni,Wheat Atta (loose),0.25,kg,42,10.5,2.5,0,0,10.5,0,10.5,2.5,
KOS-2026-005592,2026-06-22,19:36,normal_sale,active,Imran Kadam,Britannia Good Day 100g,2,piece,31.73,63.46,13.46,18,0,273.37,273.37,0,54.37,cash:273.37
KOS-2026-005592,2026-06-22,19:36,normal_sale,active,Imran Kadam,Sprite 750ml,4,piece,40,160,32,28,0,273.37,273.37,0,54.37,cash:273.37
KOS-2026-005592,2026-06-22,19:36,normal_sale,active,Imran Kadam,Sugar (loose),1,kg,49.91,49.91,8.91,5,0,273.37,273.37,0,54.37,cash:273.37
KOS-2026-005591,2026-06-22,19:35,normal_sale,active,Walk-in,5 Star 25g,1,piece,10,10,1.5,18,0,51.23,51,0,10.5,cash:51
KOS-2026-005591,2026-06-22,19:35,normal_sale,active,Walk-in,Thums Up 750ml,1,piece,41.23,41.23,9.23,28,0,51.23,51,0,10.5,cash:51
KOS-2026-005590,2026-06-22,19:25,normal_sale,active,Walk-in,Dairy Milk 50g,1,piece,40,40,6,18,0,764.44,764.44,0,122.44,upi:764.44
KOS-2026-005590,2026-06-22,19:25,normal_sale,active,Walk-in,Dhara Mustard Oil 1L,4,piece,181.11,724.44,116.44,5,0,764.44,764.44,0,122.44,upi:764.44
KOS-2026-005589,2026-06-22,19:01,normal_sale,active,Trupti Rane,Parle-G Biscuit 100g,1,piece,10.55,10.55,2.25,18,43.76,767.34,767.34,0,116.54,cash:767.34
KOS-2026-005589,2026-06-22,19:01,normal_sale,active,Trupti Rane,Classmate Notebook 172pg,1,piece,57.68,57.68,15.68,12,43.76,767.34,767.34,0,116.54,cash:767.34
KOS-2026-005589,2026-06-22,19:01,normal_sale,active,Trupti Rane,5 Star 25g,3,piece,10,30,4.5,18,43.76,767.34,767.34,0,116.54,cash:767.34
KOS-2026-005589,2026-06-22,19:01,normal_sale,active,Trupti Rane,Surf Excel Easy Wash 1kg,2,piece,143.99,287.98,51.98,18,43.76,767.34,767.34,0,116.54,cash:767.34
KOS-2026-005589,2026-06-22,19:01,normal_sale,active,Trupti Rane,Amul Butter 100g,1,piece,63.31,63.31,9.31,12,43.76,767.34,767.34,0,116.54,cash:767.34
KOS-2026-005589,2026-06-22,19:01,normal_sale,active,Trupti Rane,Sona Masoori Rice (loose),0.25,kg,58,14.5,3,0,43.76,767.34,767.34,0,116.54,cash:767.34
KOS-2026-005589,2026-06-22,19:01,normal_sale,active,Trupti Rane,Fortune Sunflower Oil 1L,1,piece,168.48,168.48,30.48,5,43.76,767.34,767.34,0,116.54,cash:767.34
KOS-2026-005589,2026-06-22,19:01,normal_sale,active,Trupti Rane,Garlic,0.25,kg,156.74,39.19,11.19,0,43.76,767.34,767.34,0,116.54,cash:767.34
KOS-2026-005589,2026-06-22,19:01,normal_sale,active,Trupti Rane,Nirma Washing Powder 1kg,1,piece,75.46,75.46,17.46,18,43.76,767.34,767.34,0,116.54,cash:767.34
KOS-2026-005589,2026-06-22,19:01,normal_sale,active,Trupti Rane,Lays Classic Salted 52g,1,piece,22.47,22.47,5.97,12,43.76,767.34,767.34,0,116.54,cash:767.34
KOS-2026-005589,2026-06-22,19:01,normal_sale,active,Trupti Rane,Britannia Marie Gold 250g,1,piece,41.48,41.48,8.48,18,43.76,767.34,767.34,0,116.54,cash:767.34
KOS-2026-005588,2026-06-22,18:54,normal_sale,active,Priya Shinde,Potato,2,kg,26,52,16,0,0,125.3,125,0,33,cash:125
KOS-2026-005588,2026-06-22,18:54,normal_sale,active,Priya Shinde,Candle Pack (6 pc),1,piece,42,42,10,12,0,125.3,125,0,33,cash:125
KOS-2026-005588,2026-06-22,18:54,normal_sale,active,Priya Shinde,Agarbatti Pack (20 sticks),1,piece,31.3,31.3,7.3,12,0,125.3,125,0,33,cash:125
KOS-2026-005587,2026-06-22,18:12,normal_sale,active,Walk-in,Mother Dairy Paneer 200g,1,piece,105,105,17,5,0,106.02,106.02,0,17.17,cash:106.02
KOS-2026-005587,2026-06-22,18:12,normal_sale,active,Walk-in,Center Fresh Gum (jar pc),1,piece,1.02,1.02,0.17,18,0,106.02,106.02,0,17.17,cash:106.02
KOS-2026-005586,2026-06-22,17:50,normal_sale,active,Walk-in,Agarbatti Pack (20 sticks),1,piece,31.3,31.3,7.3,12,0,66.47,66.47,0,16.22,upi:66.47
KOS-2026-005586,2026-06-22,17:50,normal_sale,active,Walk-in,Urad Dal (loose),0.25,kg,140.67,35.17,8.92,0,0,66.47,66.47,0,16.22,upi:66.47
KOS-2026-005585,2026-06-22,17:41,normal_sale,active,Walk-in,MDH Garam Masala 100g,1,piece,95.44,95.44,17.44,5,0,222.93,222,0,49.5,cash:222
KOS-2026-005585,2026-06-22,17:41,normal_sale,active,Walk-in,Potato,0.25,kg,26,6.5,2,0,0,222.93,222,0,49.5,cash:222
KOS-2026-005585,2026-06-22,17:41,normal_sale,active,Walk-in,Lux Soap 100g,3,piece,40.33,120.99,30.99,18,0,222.93,222,0,49.5,cash:222
KOS-2026-005584,2026-06-22,17:05,normal_sale,active,Rekha Bhosale,Dettol Antiseptic 250ml,2,piece,160.07,320.14,56.14,18,15.75,885.79,885,0,166,cash:885
KOS-2026-005584,2026-06-22,17:05,normal_sale,active,Rekha Bhosale,Potato,5,kg,26,130,40,0,15.75,885.79,885,0,166,cash:885
KOS-2026-005584,2026-06-22,17:05,normal_sale,active,Rekha Bhosale,Haldiram Bhujia 200g,1,piece,57.46,57.46,12.46,12,15.75,885.79,885,0,166,cash:885
KOS-2026-005584,2026-06-22,17:05,normal_sale,active,Rekha Bhosale,Kissan Tomato Ketchup 500g,2,piece,105,210,34,12,15.75,885.79,885,0,166,cash:885
KOS-2026-005584,2026-06-22,17:05,normal_sale,active,Rekha Bhosale,Good Knight Refill 45ml,2,piece,91.97,183.94,39.94,18,15.75,885.79,885,0,166,cash:885
KOS-2026-005583,2026-06-22,13:22,normal_sale,active,Suresh Rane,Surf Excel Easy Wash 1kg,1,piece,143.99,143.99,25.99,18,0,345.7,345,0,67.5,cash:345
KOS-2026-005583,2026-06-22,13:22,normal_sale,active,Suresh Rane,Bingo Mad Angles 66g,1,piece,21.01,21.01,4.51,12,0,345.7,345,0,67.5,cash:345
KOS-2026-005583,2026-06-22,13:22,normal_sale,active,Suresh Rane,Mustard Oil (loose),0.5,l,167.39,83.7,19.7,5,0,345.7,345,0,67.5,cash:345
KOS-2026-005583,2026-06-22,13:22,normal_sale,active,Suresh Rane,Yippee Noodles 70g,2,piece,14,28,6,12,0,345.7,345,0,67.5,cash:345
KOS-2026-005583,2026-06-22,13:22,normal_sale,active,Suresh Rane,Dairy Milk 50g,1,piece,40,40,6,18,0,345.7,345,0,67.5,cash:345
KOS-2026-005583,2026-06-22,13:22,normal_sale,active,Suresh Rane,Sona Masoori Rice (loose),0.5,kg,58,29,6,0,0,345.7,345,0,67.5,cash:345
KOS-2026-005582,2026-06-22,12:55,normal_sale,active,Dattatray Shinde,Toor Dal (loose),2,kg,161.66,323.32,87.32,0,0,507.26,507.26,0,125.96,upi:507.26
KOS-2026-005582,2026-06-22,12:55,normal_sale,active,Dattatray Shinde,Amul Masti Dahi 400g,2,piece,40,80,16,5,0,507.26,507.26,0,125.96,upi:507.26
KOS-2026-005582,2026-06-22,12:55,normal_sale,active,Dattatray Shinde,Parle-G Biscuit 100g,1,piece,10.55,10.55,2.25,18,0,507.26,507.26,0,125.96,upi:507.26
KOS-2026-005582,2026-06-22,12:55,normal_sale,active,Dattatray Shinde,Haldiram Bhujia 200g,1,piece,57.46,57.46,12.46,12,0,507.26,507.26,0,125.96,upi:507.26
KOS-2026-005582,2026-06-22,12:55,normal_sale,active,Dattatray Shinde,Gillette Guard Razor,1,piece,35.93,35.93,7.93,18,0,507.26,507.26,0,125.96,upi:507.26
KOS-2026-005581,2026-06-22,12:45,normal_sale,active,Smita More,Maggi Noodles 8-pack,1,piece,112.52,112.52,20.52,12,0,480.42,480.42,0,124.42,cash:480.42
KOS-2026-005581,2026-06-22,12:45,normal_sale,active,Smita More,Britannia Marie Gold 250g,2,piece,41.48,82.96,16.96,18,0,480.42,480.42,0,124.42,cash:480.42
KOS-2026-005581,2026-06-22,12:45,normal_sale,active,Smita More,Ginger,2,kg,116.02,232.04,76.04,0,0,480.42,480.42,0,124.42,cash:480.42
KOS-2026-005581,2026-06-22,12:45,normal_sale,active,Smita More,Britannia Brown Bread,1,piece,52.9,52.9,10.9,0,0,480.42,480.42,0,124.42,cash:480.42
KOS-2026-005580,2026-06-22,12:14,normal_sale,active,Walk-in,Tomato,0.25,kg,41.9,10.48,3.98,0,0,575.42,575,0,129.5,cash:575
KOS-2026-005580,2026-06-22,12:14,normal_sale,active,Walk-in,Coca-Cola 750ml,1,piece,42.7,42.7,10.7,28,0,575.42,575,0,129.5,cash:575
KOS-2026-005580,2026-06-22,12:14,normal_sale,active,Walk-in,Vim Dishwash Bar 200g,11,piece,21.09,231.99,55.99,18,0,575.42,575,0,129.5,cash:575
KOS-2026-005580,2026-06-22,12:14,normal_sale,active,Walk-in,Chana Dal (loose),1,kg,95.24,95.24,21.24,0,0,575.42,575,0,129.5,cash:575
KOS-2026-005580,2026-06-22,12:14,normal_sale,active,Walk-in,Sugar (loose),2,kg,49.91,99.82,17.82,5,0,575.42,575,0,129.5,cash:575
KOS-2026-005580,2026-06-22,12:14,normal_sale,active,Walk-in,Britannia Good Day 100g,3,piece,31.73,95.19,20.19,18,0,575.42,575,0,129.5,cash:575
KOS-2026-005579,2026-06-22,12:05,normal_sale,active,Salim Rane,Maggi Noodles 70g,1,piece,14.55,14.55,3.05,12,0,690.97,690,0,144.3,cash:690
KOS-2026-005579,2026-06-22,12:05,normal_sale,active,Salim Rane,Center Fresh Gum (jar pc),2,piece,1.02,2.04,0.34,18,0,690.97,690,0,144.3,cash:690
KOS-2026-005579,2026-06-22,12:05,normal_sale,active,Salim Rane,Kissan Tomato Ketchup 500g,1,piece,105,105,17,12,0,690.97,690,0,144.3,cash:690
KOS-2026-005579,2026-06-22,12:05,normal_sale,active,Salim Rane,Onion,5,kg,36.44,182.2,62.2,0,0,690.97,690,0,144.3,cash:690
KOS-2026-005579,2026-06-22,12:05,normal_sale,active,Salim Rane,Sugar (loose),0.5,kg,49.91,24.96,4.46,5,0,690.97,690,0,144.3,cash:690
KOS-2026-005579,2026-06-22,12:05,normal_sale,active,Salim Rane,Dhara Mustard Oil 1L,2,piece,181.11,362.22,58.22,5,0,690.97,690,0,144.3,cash:690
KOS-2026-005578,2026-06-22,11:58,normal_sale,active,Rekha Bhosale,Britannia Good Day 100g,1,piece,31.73,31.73,6.73,18,0,72.96,72.96,0,15.96,cash:72.96
KOS-2026-005578,2026-06-22,11:58,normal_sale,active,Rekha Bhosale,Thums Up 750ml,1,piece,41.23,41.23,9.23,28,0,72.96,72.96,0,15.96,cash:72.96
KOS-2026-005577,2026-06-22,11:33,normal_sale,active,Walk-in,Kissan Tomato Ketchup 500g,1,piece,105,105,17,12,0,146.23,146.23,0,26.23,cash:146.23
KOS-2026-005577,2026-06-22,11:33,normal_sale,active,Walk-in,Thums Up 750ml,1,piece,41.23,41.23,9.23,28,0,146.23,146.23,0,26.23,cash:146.23
KOS-2026-005576,2026-06-22,10:25,normal_sale,active,Kavita Kulkarni,Good Knight Refill 45ml,3,piece,91.97,275.91,59.91,18,0,508.64,508.64,0,96.64,upi:508.64
KOS-2026-005576,2026-06-22,10:25,normal_sale,active,Kavita Kulkarni,Vim Liquid 500ml,2,piece,122.49,232.73,36.73,18,0,508.64,508.64,0,96.64,upi:508.64
KOS-2026-005575,2026-06-22,10:02,normal_sale,active,Walk-in,Candle Pack (6 pc),2,piece,42,84,20,12,0,125.1,125.1,0,28,upi:125.1
KOS-2026-005575,2026-06-22,10:02,normal_sale,active,Walk-in,Parle-G Biscuit 100g,2,piece,10.55,21.1,4.5,18,0,125.1,125.1,0,28,upi:125.1
KOS-2026-005575,2026-06-22,10:02,normal_sale,active,Walk-in,Kurkure Masala Munch 70g,1,piece,20,20,3.5,12,0,125.1,125.1,0,28,upi:125.1
KOS-2026-005574,2026-06-22,09:54,normal_sale,active,Walk-in,Classmate Notebook 172pg,1,piece,57.68,57.68,15.68,12,0,301.75,301.75,0,63.75,cash:301.75
KOS-2026-005574,2026-06-22,09:54,normal_sale,active,Walk-in,Candle Pack (6 pc),2,piece,42,84,20,12,0,301.75,301.75,0,63.75,cash:301.75
KOS-2026-005574,2026-06-22,09:54,normal_sale,active,Walk-in,Dettol Antiseptic 250ml,1,piece,160.07,160.07,28.07,18,0,301.75,301.75,0,63.75,cash:301.75
KOS-2026-005573,2026-06-22,09:31,normal_sale,active,Walk-in,Toor Dal (loose),0.25,kg,161.66,40.42,10.92,0,0,460.25,460.25,0,102.75,cash:140|upi:320.25
KOS-2026-005573,2026-06-22,09:31,normal_sale,active,Walk-in,Onion,1,kg,36.44,36.44,12.44,0,0,460.25,460.25,0,102.75,cash:140|upi:320.25
KOS-2026-005573,2026-06-22,09:31,normal_sale,active,Walk-in,Surf Excel Easy Wash 1kg,1,piece,143.99,143.99,25.99,18,0,460.25,460.25,0,102.75,cash:140|upi:320.25
KOS-2026-005573,2026-06-22,09:31,normal_sale,active,Walk-in,Everest Turmeric 200g,3,piece,79.8,239.4,53.4,5,0,460.25,460.25,0,102.75,cash:140|upi:320.25
KOS-2026-005572,2026-06-22,09:20,normal_sale,active,Walk-in,Ariel Detergent 1kg,1,piece,163.43,163.43,31.43,18,0,252.15,252.15,0,45.95,cash:160|upi:92.15
KOS-2026-005572,2026-06-22,09:20,normal_sale,active,Walk-in,Amul Gold Milk 500ml,2,piece,34.79,69.58,9.58,0,0,252.15,252.15,0,45.95,cash:160|upi:92.15
KOS-2026-005572,2026-06-22,09:20,normal_sale,active,Walk-in,Lemon,1,piece,5.14,5.14,1.94,0,0,252.15,252.15,0,45.95,cash:160|upi:92.15
KOS-2026-005572,2026-06-22,09:20,normal_sale,active,Walk-in,Yippee Noodles 70g,1,piece,14,14,3,12,0,252.15,252.15,0,45.95,cash:160|upi:92.15
KOS-2026-005571,2026-06-22,09:09,normal_sale,active,Smita Patil,Lemon,3,piece,5.14,15.42,5.82,0,0,68.32,68.32,0,16.72,upi:68.32
KOS-2026-005571,2026-06-22,09:09,normal_sale,active,Smita Patil,Britannia Brown Bread,1,piece,52.9,52.9,10.9,0,0,68.32,68.32,0,16.72,upi:68.32
KOS-2026-005570,2026-06-22,09:03,normal_sale,active,Walk-in,Lizol Floor Cleaner 500ml,1,piece,125,125,20,18,0,206.23,206.23,0,36.23,upi:206.23
KOS-2026-005570,2026-06-22,09:03,normal_sale,active,Walk-in,Thums Up 750ml,1,piece,41.23,41.23,9.23,28,0,206.23,206.23,0,36.23,upi:206.23
KOS-2026-005570,2026-06-22,09:03,normal_sale,active,Walk-in,Kurkure Masala Munch 70g,2,piece,20,40,7,12,0,206.23,206.23,0,36.23,upi:206.23
KOS-2026-005569,2026-06-22,08:56,normal_sale,active,Nitin Sharma,Yippee Noodles 70g,1,piece,14,14,3,12,26.22,688.62,688.62,0,124.12,upi:688.62
KOS-2026-005569,2026-06-22,08:56,normal_sale,active,Nitin Sharma,Lays Classic Salted 52g,1,piece,22.47,22.47,5.97,12,26.22,688.62,688.62,0,124.12,upi:688.62
KOS-2026-005569,2026-06-22,08:56,normal_sale,active,Nitin Sharma,Moong Dal (loose),0.5,kg,130.61,65.31,17.31,0,26.22,688.62,688.62,0,124.12,upi:688.62
KOS-2026-005569,2026-06-22,08:56,normal_sale,active,Nitin Sharma,Dettol Antiseptic 250ml,2,piece,160.07,320.14,56.14,18,26.22,688.62,688.62,0,124.12,upi:688.62
KOS-2026-005569,2026-06-22,08:56,normal_sale,active,Nitin Sharma,Classmate Notebook 172pg,1,piece,57.68,57.68,15.68,12,26.22,688.62,688.62,0,124.12,upi:688.62
KOS-2026-005569,2026-06-22,08:56,normal_sale,active,Nitin Sharma,Nirma Washing Powder 1kg,1,piece,75.46,75.46,17.46,18,26.22,688.62,688.62,0,124.12,upi:688.62
KOS-2026-005569,2026-06-22,08:56,normal_sale,active,Nitin Sharma,Poha (loose),0.25,kg,56,14,3.5,5,26.22,688.62,688.62,0,124.12,upi:688.62
KOS-2026-005569,2026-06-22,08:56,normal_sale,active,Nitin Sharma,Close Up Red 150g,1,piece,95.79,95.79,17.79,18,26.22,688.62,688.62,0,124.12,upi:688.62
KOS-2026-005569,2026-06-22,08:56,normal_sale,active,Nitin Sharma,Frooti 200ml,2,piece,10.49,20.98,3.98,12,26.22,688.62,688.62,0,124.12,upi:688.62
KOS-2026-005569,2026-06-22,08:56,normal_sale,active,Nitin Sharma,Ginger,0.25,kg,116.02,29.01,9.51,0,26.22,688.62,688.62,0,124.12,upi:688.62
KOS-2026-005568,2026-06-22,08:20,normal_sale,active,Nitin Kadam,Lays Classic Salted 52g,1,piece,22.47,22.47,5.97,12,0,1478.32,1478,0,287.15,cash:1478
KOS-2026-005568,2026-06-22,08:20,normal_sale,active,Nitin Kadam,Center Fresh Gum (jar pc),11,piece,1.02,11.22,1.87,18,0,1478.32,1478,0,287.15,cash:1478
KOS-2026-005568,2026-06-22,08:20,normal_sale,active,Nitin Kadam,Horlicks 500g,3,piece,314.21,942.63,207.63,18,0,1478.32,1478,0,287.15,cash:1478
KOS-2026-005568,2026-06-22,08:20,normal_sale,active,Nitin Kadam,Sprite 750ml,1,piece,40,40,8,28,0,1478.32,1478,0,287.15,cash:1478
KOS-2026-005568,2026-06-22,08:20,normal_sale,active,Nitin Kadam,Candle Pack (6 pc),1,piece,42,42,10,12,0,1478.32,1478,0,287.15,cash:1478
KOS-2026-005568,2026-06-22,08:20,normal_sale,active,Nitin Kadam,Amul Cheese Slices 200g,3,piece,140,420,54,12,0,1478.32,1478,0,287.15,cash:1478
KOS-2026-005567,2026-06-22,08:18,normal_sale,active,Walk-in,Lizol Floor Cleaner 500ml,3,piece,125,356.25,41.25,18,0,392.69,392.69,0,53.69,upi:392.69
KOS-2026-005567,2026-06-22,08:18,normal_sale,active,Walk-in,Onion,1,kg,36.44,36.44,12.44,0,0,392.69,392.69,0,53.69,upi:392.69
KOS-2026-005566,2026-06-21,21:48,normal_sale,active,Walk-in,Odonil Air Freshener 50g,2,piece,82.19,164.38,40.38,18,0,1592.41,1592.41,0,307.61,upi:1592.41
KOS-2026-005566,2026-06-21,21:48,normal_sale,active,Walk-in,Lizol Floor Cleaner 500ml,4,piece,125,500,80,18,0,1592.41,1592.41,0,307.61,upi:1592.41
KOS-2026-005566,2026-06-21,21:48,normal_sale,active,Walk-in,Tomato,0.5,kg,41.9,20.95,7.95,0,0,1592.41,1592.41,0,307.61,upi:1592.41
KOS-2026-005566,2026-06-21,21:48,normal_sale,active,Walk-in,Tata Tea Gold 500g,2,piece,323.95,647.9,117.9,5,0,1592.41,1592.41,0,307.61,upi:1592.41
KOS-2026-005566,2026-06-21,21:48,normal_sale,active,Walk-in,Lays Classic Salted 52g,4,piece,22.47,89.88,23.88,12,0,1592.41,1592.41,0,307.61,upi:1592.41
KOS-2026-005566,2026-06-21,21:48,normal_sale,active,Walk-in,Lemon,1,piece,5.14,5.14,1.94,0,0,1592.41,1592.41,0,307.61,upi:1592.41
KOS-2026-005566,2026-06-21,21:48,normal_sale,active,Walk-in,Bingo Mad Angles 66g,2,piece,21.01,42.02,9.02,12,0,1592.41,1592.41,0,307.61,upi:1592.41
KOS-2026-005566,2026-06-21,21:48,normal_sale,active,Walk-in,Lifebuoy Soap 125g,1,piece,35.94,35.94,7.94,18,0,1592.41,1592.41,0,307.61,upi:1592.41
KOS-2026-005566,2026-06-21,21:48,normal_sale,active,Walk-in,Parle-G Biscuit 100g,2,piece,10.55,21.1,4.5,18,0,1592.41,1592.41,0,307.61,upi:1592.41
KOS-2026-005566,2026-06-21,21:48,normal_sale,active,Walk-in,AA Battery (2 pc),1,piece,36,36,8,18,0,1592.41,1592.41,0,307.61,upi:1592.41
KOS-2026-005566,2026-06-21,21:48,normal_sale,active,Walk-in,Maggi Noodles 70g,2,piece,14.55,29.1,6.1,12,0,1592.41,1592.41,0,307.61,upi:1592.41
KOS-2026-005565,2026-06-21,21:26,normal_sale,active,Walk-in,Good Knight Refill 45ml,2,piece,91.97,183.94,39.94,18,0,408.07,408.07,0,92.87,cash:282|upi:126.07
KOS-2026-005565,2026-06-21,21:26,normal_sale,active,Walk-in,Amul Masti Dahi 400g,3,piece,40,120,24,5,0,408.07,408.07,0,92.87,cash:282|upi:126.07
KOS-2026-005565,2026-06-21,21:26,normal_sale,active,Walk-in,Lays Classic Salted 52g,4,piece,22.47,89.88,23.88,12,0,408.07,408.07,0,92.87,cash:282|upi:126.07
KOS-2026-005565,2026-06-21,21:26,normal_sale,active,Walk-in,Lemon,1,piece,5.14,5.14,1.94,0,0,408.07,408.07,0,92.87,cash:282|upi:126.07
KOS-2026-005565,2026-06-21,21:26,normal_sale,active,Walk-in,Onion,0.25,kg,36.44,9.11,3.11,0,0,408.07,408.07,0,92.87,cash:282|upi:126.07
KOS-2026-005564,2026-06-21,21:20,normal_sale,active,Walk-in,Coca-Cola 750ml,1,piece,42.7,42.7,10.7,28,0,276.14,276.14,0,60.74,cash:114|upi:162.14
KOS-2026-005564,2026-06-21,21:20,normal_sale,active,Walk-in,Lizol Floor Cleaner 500ml,1,piece,125,125,20,18,0,276.14,276.14,0,60.74,cash:114|upi:162.14
KOS-2026-005564,2026-06-21,21:20,normal_sale,active,Walk-in,Farm Eggs,2,piece,8,16,3.6,0,0,276.14,276.14,0,60.74,cash:114|upi:162.14
KOS-2026-005564,2026-06-21,21:20,normal_sale,active,Walk-in,Onion,1,kg,36.44,36.44,12.44,0,0,276.14,276.14,0,60.74,cash:114|upi:162.14
KOS-2026-005564,2026-06-21,21:20,normal_sale,active,Walk-in,Poha (loose),1,kg,56,56,14,5,0,276.14,276.14,0,60.74,cash:114|upi:162.14
KOS-2026-005563,2026-06-21,20:54,normal_sale,active,Suresh Kulkarni,Oreo Biscuit 120g,1,piece,35,35,5,18,0,414.02,0,414.02,79.22,
KOS-2026-005563,2026-06-21,20:54,normal_sale,active,Suresh Kulkarni,Parle-G Biscuit 100g,1,piece,10.55,10.55,2.25,18,0,414.02,0,414.02,79.22,
KOS-2026-005563,2026-06-21,20:54,normal_sale,active,Suresh Kulkarni,Fortune Sunflower Oil 1L,1,piece,168.48,168.48,30.48,5,0,414.02,0,414.02,79.22,
KOS-2026-005563,2026-06-21,20:54,normal_sale,active,Suresh Kulkarni,Coca-Cola 750ml,1,piece,42.7,42.7,10.7,28,0,414.02,0,414.02,79.22,
KOS-2026-005563,2026-06-21,20:54,normal_sale,active,Suresh Kulkarni,Maggi Noodles 70g,3,piece,14.55,43.65,9.15,12,0,414.02,0,414.02,79.22,
KOS-2026-005563,2026-06-21,20:54,normal_sale,active,Suresh Kulkarni,Colgate Strong Teeth 200g,1,piece,113.64,113.64,21.64,18,0,414.02,0,414.02,79.22,
KOS-2026-005562,2026-06-21,20:13,normal_sale,active,Walk-in,Lux Soap 100g,2,piece,40.33,80.66,20.66,18,0,429.34,429.34,0,97.54,bank:429.34
KOS-2026-005562,2026-06-21,20:13,normal_sale,active,Walk-in,Potato,0.25,kg,26,6.5,2,0,0,429.34,429.34,0,97.54,bank:429.34
KOS-2026-005562,2026-06-21,20:13,normal_sale,active,Walk-in,Match Box,1,piece,2.08,2.08,0.98,18,0,429.34,429.34,0,97.54,bank:429.34
KOS-2026-005562,2026-06-21,20:13,normal_sale,active,Walk-in,Bingo Mad Angles 66g,1,piece,21.01,21.01,4.51,12,0,429.34,429.34,0,97.54,bank:429.34
KOS-2026-005562,2026-06-21,20:13,normal_sale,active,Walk-in,Poha (loose),0.25,kg,56,14,3.5,5,0,429.34,429.34,0,97.54,bank:429.34
KOS-2026-005562,2026-06-21,20:13,normal_sale,active,Walk-in,Lemon,1,piece,5.14,5.14,1.94,0,0,429.34,429.34,0,97.54,bank:429.34
KOS-2026-005562,2026-06-21,20:13,normal_sale,active,Walk-in,Vim Dishwash Bar 200g,6,piece,21.09,126.54,30.54,18,0,429.34,429.34,0,97.54,bank:429.34
KOS-2026-005562,2026-06-21,20:13,normal_sale,active,Walk-in,Frooti 200ml,1,piece,10.49,10.49,1.99,12,0,429.34,429.34,0,97.54,bank:429.34
KOS-2026-005562,2026-06-21,20:13,normal_sale,active,Walk-in,Kurkure Masala Munch 70g,1,piece,20,20,3.5,12,0,429.34,429.34,0,97.54,bank:429.34
KOS-2026-005562,2026-06-21,20:13,normal_sale,active,Walk-in,Amul Taaza Milk 500ml,1,piece,28,28,3,0,0,429.34,429.34,0,97.54,bank:429.34
KOS-2026-005562,2026-06-21,20:13,normal_sale,active,Walk-in,Haldiram Bhujia 200g,2,piece,57.46,114.92,24.92,12,0,429.34,429.34,0,97.54,bank:429.34
KOS-2026-005561,2026-06-21,20:02,normal_sale,active,Walk-in,Nirma Washing Powder 1kg,1,piece,75.46,75.46,17.46,18,0,226.79,226.79,0,52.59,cash:226.79
KOS-2026-005561,2026-06-21,20:02,normal_sale,active,Walk-in,Coca-Cola 750ml,1,piece,42.7,42.7,10.7,28,0,226.79,226.79,0,52.59,cash:226.79
KOS-2026-005561,2026-06-21,20:02,normal_sale,active,Walk-in,Match Box,2,piece,2.08,4.16,1.96,18,0,226.79,226.79,0,52.59,cash:226.79
KOS-2026-005561,2026-06-21,20:02,normal_sale,active,Walk-in,Parachute Coconut Oil 200ml,1,piece,104.47,104.47,22.47,18,0,226.79,226.79,0,52.59,cash:226.79
KOS-2026-005560,2026-06-21,19:31,normal_sale,active,Walk-in,Bisleri Water 1L,1,piece,20,20,7,18,0,20,20,0,7,upi:20
KOS-2026-005559,2026-06-21,19:27,normal_sale,active,Walk-in,Onion,0.5,kg,36.44,18.22,6.22,0,0,18.22,18.22,0,6.22,cash:18.22
KOS-2026-005558,2026-06-21,19:15,normal_sale,active,Walk-in,Sprite 750ml,1,piece,40,40,8,28,0,428.74,428,0,77.15,cash:428
KOS-2026-005558,2026-06-21,19:15,normal_sale,active,Walk-in,Thums Up 750ml,1,piece,41.23,41.23,9.23,28,0,428.74,428,0,77.15,cash:428
KOS-2026-005558,2026-06-21,19:15,normal_sale,active,Walk-in,Rava / Sooji (loose),0.5,kg,48.98,24.49,6.49,5,0,428.74,428,0,77.15,cash:428
KOS-2026-005558,2026-06-21,19:15,normal_sale,active,Walk-in,Candle Pack (6 pc),1,piece,42,42,10,12,0,428.74,428,0,77.15,cash:428
KOS-2026-005558,2026-06-21,19:15,normal_sale,active,Walk-in,Center Fresh Gum (jar pc),1,piece,1.02,1.02,0.17,18,0,428.74,428,0,77.15,cash:428
KOS-2026-005558,2026-06-21,19:15,normal_sale,active,Walk-in,Clinic Plus Shampoo 175ml,2,piece,140,280,44,18,0,428.74,428,0,77.15,cash:428
KOS-2026-005557,2026-06-21,18:40,normal_sale,active,Walk-in,Wheat Atta (loose),0.25,kg,42,10.5,2.5,0,0,10.5,10.5,0,2.5,upi:10.5
KOS-2026-005556,2026-06-21,18:40,normal_sale,active,Walk-in,Thums Up 750ml,2,piece,41.23,82.46,18.46,28,0,140.14,140,0,34,cash:140
KOS-2026-005556,2026-06-21,18:40,normal_sale,active,Walk-in,Classmate Notebook 172pg,1,piece,57.68,57.68,15.68,12,0,140.14,140,0,34,cash:140
KOS-2026-005555,2026-06-21,18:16,normal_sale,active,Ganesh Jadhav,Thums Up 750ml,4,piece,41.23,164.92,36.92,28,0,1013.16,1013.16,0,217.66,upi:1013.16
KOS-2026-005555,2026-06-21,18:16,normal_sale,active,Ganesh Jadhav,Gillette Guard Razor,1,piece,35.93,35.93,7.93,18,0,1013.16,1013.16,0,217.66,upi:1013.16
KOS-2026-005555,2026-06-21,18:16,normal_sale,active,Ganesh Jadhav,Amul Masti Dahi 400g,1,piece,40,40,8,5,0,1013.16,1013.16,0,217.66,upi:1013.16
KOS-2026-005555,2026-06-21,18:16,normal_sale,active,Ganesh Jadhav,Maggi Noodles 70g,1,piece,14.55,14.55,3.05,12,0,1013.16,1013.16,0,217.66,upi:1013.16
KOS-2026-005555,2026-06-21,18:16,normal_sale,active,Ganesh Jadhav,Britannia Good Day 100g,2,piece,31.73,63.46,13.46,18,0,1013.16,1013.16,0,217.66,upi:1013.16
KOS-2026-005555,2026-06-21,18:16,normal_sale,active,Ganesh Jadhav,Moong Dal (loose),2,kg,130.61,261.22,69.22,0,0,1013.16,1013.16,0,217.66,upi:1013.16
KOS-2026-005555,2026-06-21,18:16,normal_sale,active,Ganesh Jadhav,Lizol Floor Cleaner 500ml,2,piece,125,237.5,27.5,18,0,1013.16,1013.16,0,217.66,upi:1013.16
KOS-2026-005555,2026-06-21,18:16,normal_sale,active,Ganesh Jadhav,Tomato,0.25,kg,41.9,10.48,3.98,0,0,1013.16,1013.16,0,217.66,upi:1013.16
KOS-2026-005555,2026-06-21,18:16,normal_sale,active,Ganesh Jadhav,Bisleri Water 1L,1,piece,20,20,7,18,0,1013.16,1013.16,0,217.66,upi:1013.16
KOS-2026-005555,2026-06-21,18:16,normal_sale,active,Ganesh Jadhav,Kurkure Masala Munch 70g,1,piece,20,20,3.5,12,0,1013.16,1013.16,0,217.66,upi:1013.16
KOS-2026-005555,2026-06-21,18:16,normal_sale,active,Ganesh Jadhav,Rajma (loose),1,kg,145.1,145.1,37.1,0,0,1013.16,1013.16,0,217.66,upi:1013.16
KOS-2026-005554,2026-06-21,18:13,normal_sale,active,Smita Patil,Agarbatti Pack (20 sticks),1,piece,31.3,31.3,7.3,12,0,1008.3,1008.3,0,236.8,cash:1008.3
KOS-2026-005554,2026-06-21,18:13,normal_sale,active,Smita Patil,Red Label Tea 250g,1,piece,157.13,157.13,29.13,5,0,1008.3,1008.3,0,236.8,cash:1008.3
KOS-2026-005554,2026-06-21,18:13,normal_sale,active,Smita Patil,Britannia Brown Bread,1,piece,52.9,52.9,10.9,0,0,1008.3,1008.3,0,236.8,cash:1008.3
KOS-2026-005554,2026-06-21,18:13,normal_sale,active,Smita Patil,Frooti 200ml,1,piece,10.49,10.49,1.99,12,0,1008.3,1008.3,0,236.8,cash:1008.3
KOS-2026-005554,2026-06-21,18:13,normal_sale,active,Smita Patil,Toor Dal (loose),0.5,kg,161.66,80.83,21.83,0,0,1008.3,1008.3,0,236.8,cash:1008.3
KOS-2026-005554,2026-06-21,18:13,normal_sale,active,Smita Patil,Bisleri Water 1L,2,piece,20,40,14,18,0,1008.3,1008.3,0,236.8,cash:1008.3
KOS-2026-005554,2026-06-21,18:13,normal_sale,active,Smita Patil,Tomato,1,kg,41.9,41.9,15.9,0,0,1008.3,1008.3,0,236.8,cash:1008.3
KOS-2026-005554,2026-06-21,18:13,normal_sale,active,Smita Patil,Vim Dishwash Bar 200g,1,piece,21.09,21.09,5.09,18,0,1008.3,1008.3,0,236.8,cash:1008.3
KOS-2026-005554,2026-06-21,18:13,normal_sale,active,Smita Patil,Nirma Washing Powder 1kg,1,piece,75.46,75.46,17.46,18,0,1008.3,1008.3,0,236.8,cash:1008.3
KOS-2026-005554,2026-06-21,18:13,normal_sale,active,Smita Patil,Onion,5,kg,36.44,182.2,62.2,0,0,1008.3,1008.3,0,236.8,cash:1008.3
KOS-2026-005554,2026-06-21,18:13,normal_sale,active,Smita Patil,Kissan Tomato Ketchup 500g,3,piece,105,315,51,12,0,1008.3,1008.3,0,236.8,cash:1008.3
KOS-2026-005553,2026-06-21,18:07,normal_sale,active,Walk-in,Poha (loose),5,kg,56,280,70,5,0,280,280,0,70,cash:140|upi:140
KOS-2026-005552,2026-06-21,18:02,normal_sale,active,Meena Kadam,Bisleri Water 1L,2,piece,20,40,14,18,38.97,410,410,0,53,cash:195|upi:215
KOS-2026-005552,2026-06-21,18:02,normal_sale,active,Meena Kadam,Reynolds Pen,1,piece,10.92,10.92,3.92,12,38.97,410,410,0,53,cash:195|upi:215
KOS-2026-005552,2026-06-21,18:02,normal_sale,active,Meena Kadam,Amul Masti Dahi 400g,1,piece,40,40,8,5,38.97,410,410,0,53,cash:195|upi:215
KOS-2026-005552,2026-06-21,18:02,normal_sale,active,Meena Kadam,Vim Dishwash Bar 200g,1,piece,21.09,21.09,5.09,18,38.97,410,410,0,53,cash:195|upi:215
KOS-2026-005552,2026-06-21,18:02,normal_sale,active,Meena Kadam,Fortune Sunflower Oil 1L,2,piece,168.48,336.96,60.96,5,38.97,410,410,0,53,cash:195|upi:215
KOS-2026-005551,2026-06-21,17:57,normal_sale,active,Walk-in,Britannia Good Day 100g,2,piece,31.73,63.46,13.46,18,0,674.96,674.96,0,126.46,upi:674.96
KOS-2026-005551,2026-06-21,17:57,normal_sale,active,Walk-in,Fortune Sunflower Oil 1L,3,piece,168.48,505.44,91.44,5,0,674.96,674.96,0,126.46,upi:674.96
KOS-2026-005551,2026-06-21,17:57,normal_sale,active,Walk-in,Potato,1,kg,26,26,8,0,0,674.96,674.96,0,126.46,upi:674.96
KOS-2026-005551,2026-06-21,17:57,normal_sale,active,Walk-in,Amul Gold Milk 500ml,2,piece,34.79,69.58,9.58,0,0,674.96,674.96,0,126.46,upi:674.96
KOS-2026-005551,2026-06-21,17:57,normal_sale,active,Walk-in,Tomato,0.25,kg,41.9,10.48,3.98,0,0,674.96,674.96,0,126.46,upi:674.96
KOS-2026-005550,2026-06-21,17:44,normal_sale,active,Walk-in,Poha (loose),1,kg,56,56,14,5,0,66.55,66.55,0,16.25,upi:66.55
KOS-2026-005550,2026-06-21,17:44,normal_sale,active,Walk-in,Parle-G Biscuit 100g,1,piece,10.55,10.55,2.25,18,0,66.55,66.55,0,16.25,upi:66.55
KOS-2026-005549,2026-06-21,17:09,normal_sale,active,Walk-in,Wheat Atta (loose),0.5,kg,42,21,5,0,0,93.75,93.75,0,20.25,upi:93.75
KOS-2026-005549,2026-06-21,17:09,normal_sale,active,Walk-in,Maggi Noodles 70g,5,piece,14.55,72.75,15.25,12,0,93.75,93.75,0,20.25,upi:93.75
KOS-2026-005548,2026-06-21,16:14,normal_sale,active,Vaishali Salunkhe,Sprite 750ml,1,piece,40,40,8,28,0,582.61,582,0,136.1,cash:582
KOS-2026-005548,2026-06-21,16:14,normal_sale,active,Vaishali Salunkhe,Farm Eggs,2,piece,8,16,3.6,0,0,582.61,582,0,136.1,cash:582
KOS-2026-005548,2026-06-21,16:14,normal_sale,active,Vaishali Salunkhe,Thums Up 750ml,1,piece,41.23,41.23,9.23,28,0,582.61,582,0,136.1,cash:582
KOS-2026-005548,2026-06-21,16:14,normal_sale,active,Vaishali Salunkhe,Potato,1,kg,26,26,8,0,0,582.61,582,0,136.1,cash:582
KOS-2026-005548,2026-06-21,16:14,normal_sale,active,Vaishali Salunkhe,Wheat Atta (loose),2,kg,42,84,20,0,0,582.61,582,0,136.1,cash:582
KOS-2026-005548,2026-06-21,16:14,normal_sale,active,Vaishali Salunkhe,Classmate Notebook 172pg,3,piece,57.68,173.04,47.04,12,0,582.61,582,0,136.1,cash:582
KOS-2026-005548,2026-06-21,16:14,normal_sale,active,Vaishali Salunkhe,Frooti 200ml,1,piece,10.49,10.49,1.99,12,0,582.61,582,0,136.1,cash:582
KOS-2026-005548,2026-06-21,16:14,normal_sale,active,Vaishali Salunkhe,Amul Taaza Milk 500ml,1,piece,28,28,3,0,0,582.61,582,0,136.1,cash:582
KOS-2026-005548,2026-06-21,16:14,normal_sale,active,Vaishali Salunkhe,Lifebuoy Soap 125g,2,piece,35.94,71.88,15.88,18,0,582.61,582,0,136.1,cash:582
KOS-2026-005548,2026-06-21,16:14,normal_sale,active,Vaishali Salunkhe,Good Knight Refill 45ml,1,piece,91.97,91.97,19.97,18,0,582.61,582,0,136.1,cash:582
KOS-2026-005547,2026-06-21,12:57,normal_sale,active,Walk-in,Center Fresh Gum (jar pc),1,piece,1.02,1.02,0.17,18,0,184.59,184.59,0,43.74,upi:184.59
KOS-2026-005547,2026-06-21,12:57,normal_sale,active,Walk-in,Nirma Washing Powder 1kg,2,piece,75.46,150.92,34.92,18,0,184.59,184.59,0,43.74,upi:184.59
KOS-2026-005547,2026-06-21,12:57,normal_sale,active,Walk-in,Moong Dal (loose),0.25,kg,130.61,32.65,8.65,0,0,184.59,184.59,0,43.74,upi:184.59
KOS-2026-005546,2026-06-21,12:53,normal_sale,active,Walk-in,Parle-G Biscuit 100g,2,piece,10.55,21.1,4.5,18,0,931.98,931,0,148.4,cash:931
KOS-2026-005546,2026-06-21,12:53,normal_sale,active,Walk-in,Tata Tea Gold 500g,2,piece,323.95,622.9,92.9,5,0,931.98,931,0,148.4,cash:931
KOS-2026-005546,2026-06-21,12:53,normal_sale,active,Walk-in,Surf Excel Easy Wash 1kg,2,piece,143.99,287.98,51.98,18,0,931.98,931,0,148.4,cash:931
KOS-2026-005545,2026-06-21,12:50,normal_sale,active,Shalini Sharma,Harpic Toilet Cleaner 500ml,2,piece,105,210,34,18,0,271.9,271,0,56,cash:271
KOS-2026-005545,2026-06-21,12:50,normal_sale,active,Shalini Sharma,Bisleri Water 1L,1,piece,20,20,7,18,0,271.9,271,0,56,cash:271
KOS-2026-005545,2026-06-21,12:50,normal_sale,active,Shalini Sharma,Tomato,1,kg,41.9,41.9,15.9,0,0,271.9,271,0,56,cash:271
KOS-2026-005544,2026-06-21,12:37,normal_sale,active,Walk-in,Chana Dal (loose),0.5,kg,95.24,47.62,10.62,0,0,94.61,94,0,24.7,cash:94
KOS-2026-005544,2026-06-21,12:37,normal_sale,active,Walk-in,Onion,1,kg,36.44,36.44,12.44,0,0,94.61,94,0,24.7,cash:94
KOS-2026-005544,2026-06-21,12:37,normal_sale,active,Walk-in,Parle-G Biscuit 100g,1,piece,10.55,10.55,2.25,18,0,94.61,94,0,24.7,cash:94
KOS-2026-005543,2026-06-21,12:11,normal_sale,active,Sneha Kadam,Britannia Marie Gold 250g,2,piece,41.48,82.96,16.96,18,0,182.96,182.96,0,39.96,cash:182.96
KOS-2026-005543,2026-06-21,12:11,normal_sale,active,Sneha Kadam,Bisleri Water 1L,1,piece,20,20,7,18,0,182.96,182.96,0,39.96,cash:182.96
KOS-2026-005543,2026-06-21,12:11,normal_sale,active,Sneha Kadam,Sprite 750ml,2,piece,40,80,16,28,0,182.96,182.96,0,39.96,cash:182.96
KOS-2026-005542,2026-06-21,11:51,normal_sale,active,Walk-in,Wheat Atta (loose),1,kg,42,42,10,0,0,42,42,0,10,cash:42
KOS-2026-005541,2026-06-21,11:46,normal_sale,active,Walk-in,Chana Dal (loose),0.5,kg,95.24,47.62,10.62,0,0,892.66,892.66,0,162.66,cash:892.66
KOS-2026-005541,2026-06-21,11:46,normal_sale,active,Walk-in,Amul Masti Dahi 400g,1,piece,40,40,8,5,0,892.66,892.66,0,162.66,cash:892.66
KOS-2026-005541,2026-06-21,11:46,normal_sale,active,Walk-in,Vim Liquid 500ml,1,piece,122.49,122.49,24.49,18,0,892.66,892.66,0,162.66,cash:892.66
KOS-2026-005541,2026-06-21,11:46,normal_sale,active,Walk-in,Colgate Strong Teeth 200g,2,piece,113.64,227.28,43.28,18,0,892.66,892.66,0,162.66,cash:892.66
KOS-2026-005541,2026-06-21,11:46,normal_sale,active,Walk-in,Harpic Toilet Cleaner 500ml,1,piece,105,105,17,18,0,892.66,892.66,0,162.66,cash:892.66
KOS-2026-005541,2026-06-21,11:46,normal_sale,active,Walk-in,Maggi Noodles 8-pack,2,piece,112.52,225.04,41.04,12,0,892.66,892.66,0,162.66,cash:892.66
KOS-2026-005541,2026-06-21,11:46,normal_sale,active,Walk-in,Amul Taaza Milk 500ml,3,piece,28,84,9,0,0,892.66,892.66,0,162.66,cash:892.66
KOS-2026-005541,2026-06-21,11:46,normal_sale,active,Walk-in,Thums Up 750ml,1,piece,41.23,41.23,9.23,28,0,892.66,892.66,0,162.66,cash:892.66
KOS-2026-005540,2026-06-21,11:12,normal_sale,active,Walk-in,Onion,1,kg,36.44,36.44,12.44,0,0,516.65,516.65,0,96.65,bank:516.65
KOS-2026-005540,2026-06-21,11:12,normal_sale,active,Walk-in,Dettol Antiseptic 250ml,3,piece,160.07,480.21,84.21,18,0,516.65,516.65,0,96.65,bank:516.65
KOS-2026-005539,2026-06-21,11:03,normal_sale,active,Walk-in,Britannia Brown Bread,3,piece,52.9,158.7,32.7,0,0,482.65,482.65,0,91.65,cash:482.65
KOS-2026-005539,2026-06-21,11:03,normal_sale,active,Walk-in,Tata Tea Gold 500g,1,piece,323.95,323.95,58.95,5,0,482.65,482.65,0,91.65,cash:482.65
KOS-2026-005538,2026-06-21,11:01,normal_sale,active,Walk-in,Thums Up 750ml,1,piece,41.23,41.23,9.23,28,0,41.23,41.23,0,9.23,cash:41.23
KOS-2026-005537,2026-06-21,10:56,normal_sale,active,Walk-in,Agarbatti Pack (20 sticks),2,piece,31.3,62.6,14.6,12,0,62.6,62,0,14,cash:62
KOS-2026-005536,2026-06-21,10:55,normal_sale,active,Walk-in,Surf Excel Easy Wash 1kg,1,piece,143.99,143.99,25.99,18,0,484.91,484.91,0,90.91,upi:484.91
KOS-2026-005536,2026-06-21,10:55,normal_sale,active,Walk-in,Colgate Strong Teeth 200g,3,piece,113.64,340.92,64.92,18,0,484.91,484.91,0,90.91,upi:484.91
KOS-2026-005535,2026-06-21,10:33,normal_sale,active,Rakesh Kulkarni,Amul Masti Dahi 400g,1,piece,40,40,8,5,0,40,40,0,8,cash:40
KOS-2026-005534,2026-06-21,09:55,normal_sale,active,Walk-in,Wheat Atta (loose),0.25,kg,42,10.5,2.5,0,0,10.5,10.5,0,2.5,cash:10.5
KOS-2026-005533,2026-06-21,09:24,normal_sale,active,Ashok Dsouza,Sunfeast Dark Fantasy 75g,1,piece,41.68,41.68,7.68,18,0,104.15,104.15,0,21.65,upi:104.15
KOS-2026-005533,2026-06-21,09:24,normal_sale,active,Ashok Dsouza,Lays Classic Salted 52g,1,piece,22.47,22.47,5.97,12,0,104.15,104.15,0,21.65,upi:104.15
KOS-2026-005533,2026-06-21,09:24,normal_sale,active,Ashok Dsouza,Amul Masti Dahi 400g,1,piece,40,40,8,5,0,104.15,104.15,0,21.65,upi:104.15
KOS-2026-005532,2026-06-21,08:51,normal_sale,active,Arun Shaikh,Coca-Cola 750ml,1,piece,42.7,42.7,10.7,28,0,242.31,242.31,0,65.16,upi:242.31
KOS-2026-005532,2026-06-21,08:51,normal_sale,active,Arun Shaikh,Agarbatti Pack (20 sticks),1,piece,31.3,31.3,7.3,12,0,242.31,242.31,0,65.16,upi:242.31
KOS-2026-005532,2026-06-21,08:51,normal_sale,active,Arun Shaikh,Parle-G Biscuit 100g,1,piece,10.55,10.55,2.25,18,0,242.31,242.31,0,65.16,upi:242.31
KOS-2026-005532,2026-06-21,08:51,normal_sale,active,Arun Shaikh,Center Fresh Gum (jar pc),1,piece,1.02,1.02,0.17,18,0,242.31,242.31,0,65.16,upi:242.31
KOS-2026-005532,2026-06-21,08:51,normal_sale,active,Arun Shaikh,Garlic,1,kg,156.74,156.74,44.74,0,0,242.31,242.31,0,65.16,upi:242.31
KOS-2026-005531,2026-06-21,08:44,normal_sale,active,Rakesh Kadam,Amul Gold Milk 500ml,1,piece,34.79,34.79,4.79,0,0,235.62,235.62,0,49.62,cash:235.62
KOS-2026-005531,2026-06-21,08:44,normal_sale,active,Rakesh Kadam,Everest Turmeric 200g,2,piece,79.8,159.6,35.6,5,0,235.62,235.62,0,49.62,cash:235.62
KOS-2026-005531,2026-06-21,08:44,normal_sale,active,Rakesh Kadam,Thums Up 750ml,1,piece,41.23,41.23,9.23,28,0,235.62,235.62,0,49.62,cash:235.62
KOS-2026-005530,2026-06-21,08:42,normal_sale,active,Walk-in,Britannia Marie Gold 250g,1,piece,41.48,41.48,8.48,18,0,274.58,274.58,0,57.28,upi:274.58
KOS-2026-005530,2026-06-21,08:42,normal_sale,active,Walk-in,Sugar (loose),0.25,kg,49.91,12.48,2.23,5,0,274.58,274.58,0,57.28,upi:274.58
KOS-2026-005530,2026-06-21,08:42,normal_sale,active,Walk-in,Lemon,1,piece,5.14,5.14,1.94,0,0,274.58,274.58,0,57.28,upi:274.58
KOS-2026-005530,2026-06-21,08:42,normal_sale,active,Walk-in,Center Fresh Gum (jar pc),1,piece,1.02,1.02,0.17,18,0,274.58,274.58,0,57.28,upi:274.58
KOS-2026-005530,2026-06-21,08:42,normal_sale,active,Walk-in,Good Knight Refill 45ml,1,piece,91.97,91.97,19.97,18,0,274.58,274.58,0,57.28,upi:274.58
KOS-2026-005530,2026-06-21,08:42,normal_sale,active,Walk-in,Vim Liquid 500ml,1,piece,122.49,122.49,24.49,18,0,274.58,274.58,0,57.28,upi:274.58
KOS-2026-005529,2026-06-21,08:33,normal_sale,active,Walk-in,Parle-G Biscuit 100g,1,piece,10.55,10.55,2.25,18,0,10.55,10.55,0,2.25,cash:10.55
KOS-2026-005528,2026-06-21,08:29,normal_sale,active,Imran Kadam,Kissan Mixed Fruit Jam 200g,2,piece,82,164,28,12,0,298.43,298.43,0,56.93,upi:298.43
KOS-2026-005528,2026-06-21,08:29,normal_sale,active,Imran Kadam,Britannia Marie Gold 250g,1,piece,41.48,41.48,8.48,18,0,298.43,298.43,0,56.93,upi:298.43
KOS-2026-005528,2026-06-21,08:29,normal_sale,active,Imran Kadam,Thums Up 750ml,2,piece,41.23,82.46,18.46,28,0,298.43,298.43,0,56.93,upi:298.43
KOS-2026-005528,2026-06-21,08:29,normal_sale,active,Imran Kadam,Frooti 200ml,1,piece,10.49,10.49,1.99,12,0,298.43,298.43,0,56.93,upi:298.43
KOS-2026-005527,2026-06-20,21:38,normal_sale,active,Walk-in,Lux Soap 100g,1,piece,40.33,40.33,10.33,18,0,386.54,386,0,77.5,cash:386
KOS-2026-005527,2026-06-20,21:38,normal_sale,active,Walk-in,Frooti 200ml,1,piece,10.49,10.49,1.99,12,0,386.54,386,0,77.5,cash:386
KOS-2026-005527,2026-06-20,21:38,normal_sale,active,Walk-in,Match Box,1,piece,2.08,2.08,0.98,18,0,386.54,386,0,77.5,cash:386
KOS-2026-005527,2026-06-20,21:38,normal_sale,active,Walk-in,Maggi Noodles 70g,1,piece,14.55,14.55,3.05,12,0,386.54,386,0,77.5,cash:386
KOS-2026-005527,2026-06-20,21:38,normal_sale,active,Walk-in,Farm Eggs,2,piece,8,16,3.6,0,0,386.54,386,0,77.5,cash:386
KOS-2026-005527,2026-06-20,21:38,normal_sale,active,Walk-in,Aashirvaad Atta 5kg,1,piece,303.09,303.09,58.09,5,0,386.54,386,0,77.5,cash:386
KOS-2026-005526,2026-06-20,21:18,normal_sale,active,Walk-in,Basmati Rice Premium (loose),2,kg,126.71,253.42,69.42,0,0,305.95,305.95,0,82.95,upi:305.95
KOS-2026-005526,2026-06-20,21:18,normal_sale,active,Walk-in,Besan (loose),0.5,kg,105.06,52.53,13.53,5,0,305.95,305.95,0,82.95,upi:305.95
KOS-2026-005525,2026-06-20,20:09,normal_sale,active,Walk-in,Oreo Biscuit 120g,1,piece,35,35,5,18,0,71.95,71.95,0,13.1,upi:71.95
KOS-2026-005525,2026-06-20,20:09,normal_sale,active,Walk-in,Gillette Guard Razor,1,piece,35.93,35.93,7.93,18,0,71.95,71.95,0,13.1,upi:71.95
KOS-2026-005525,2026-06-20,20:09,normal_sale,active,Walk-in,Center Fresh Gum (jar pc),1,piece,1.02,1.02,0.17,18,0,71.95,71.95,0,13.1,upi:71.95
KOS-2026-005524,2026-06-20,20:06,normal_sale,active,Smita More,Sunfeast Dark Fantasy 75g,1,piece,41.68,41.68,7.68,18,20.12,862.02,862.02,0,172.02,upi:862.02
KOS-2026-005524,2026-06-20,20:06,normal_sale,active,Smita More,Nescafe Classic 50g,2,piece,206.38,412.76,76.76,18,20.12,862.02,862.02,0,172.02,upi:862.02
KOS-2026-005524,2026-06-20,20:06,normal_sale,active,Smita More,Toor Dal (loose),1,kg,161.66,161.66,43.66,0,20.12,862.02,862.02,0,172.02,upi:862.02
KOS-2026-005524,2026-06-20,20:06,normal_sale,active,Smita More,Coca-Cola 750ml,4,piece,42.7,170.8,42.8,28,20.12,862.02,862.02,0,172.02,upi:862.02
KOS-2026-005524,2026-06-20,20:06,normal_sale,active,Smita More,Chana Dal (loose),1,kg,95.24,95.24,21.24,0,20.12,862.02,862.02,0,172.02,upi:862.02
KOS-2026-005523,2026-06-20,20:01,normal_sale,active,Walk-in,Lays Classic Salted 52g,2,piece,22.47,44.94,11.94,12,0,359.49,359.49,0,57.99,upi:359.49
KOS-2026-005523,2026-06-20,20:01,normal_sale,active,Walk-in,Amul Cheese Slices 200g,1,piece,140,140,18,12,0,359.49,359.49,0,57.99,upi:359.49
KOS-2026-005523,2026-06-20,20:01,normal_sale,active,Walk-in,Maggi Noodles 70g,1,piece,14.55,14.55,3.05,12,0,359.49,359.49,0,57.99,upi:359.49
KOS-2026-005523,2026-06-20,20:01,normal_sale,active,Walk-in,Amul Masti Dahi 400g,1,piece,40,40,8,5,0,359.49,359.49,0,57.99,upi:359.49
KOS-2026-005523,2026-06-20,20:01,normal_sale,active,Walk-in,Amul Taaza Milk 500ml,3,piece,28,84,9,0,0,359.49,359.49,0,57.99,upi:359.49
KOS-2026-005523,2026-06-20,20:01,normal_sale,active,Walk-in,AA Battery (2 pc),1,piece,36,36,8,18,0,359.49,359.49,0,57.99,upi:359.49
KOS-2026-005522,2026-06-20,20:01,normal_sale,active,Manisha Deshmukh,Lifebuoy Soap 125g,2,piece,35.94,71.88,15.88,18,0,794.28,269,525.28,158.58,cash:269
KOS-2026-005522,2026-06-20,20:01,normal_sale,active,Manisha Deshmukh,Tata Tea Gold 500g,2,piece,323.95,647.9,117.9,5,0,794.28,269,525.28,158.58,cash:269
KOS-2026-005522,2026-06-20,20:01,normal_sale,active,Manisha Deshmukh,Bisleri Water 1L,3,piece,20,60,21,18,0,794.28,269,525.28,158.58,cash:269
KOS-2026-005522,2026-06-20,20:01,normal_sale,active,Manisha Deshmukh,Potato,0.25,kg,26,6.5,2,0,0,794.28,269,525.28,158.58,cash:269
KOS-2026-005522,2026-06-20,20:01,normal_sale,active,Manisha Deshmukh,Farm Eggs,1,piece,8,8,1.8,0,0,794.28,269,525.28,158.58,cash:269
KOS-2026-005521,2026-06-20,19:53,normal_sale,active,Walk-in,Toor Dal (loose),1,kg,161.66,161.66,43.66,0,0,809.84,809.84,0,169.84,cash:357|upi:452.84
KOS-2026-005521,2026-06-20,19:53,normal_sale,active,Walk-in,Wheat Atta (loose),1,kg,42,42,10,0,0,809.84,809.84,0,169.84,cash:357|upi:452.84
KOS-2026-005521,2026-06-20,19:53,normal_sale,active,Walk-in,Aashirvaad Atta 5kg,2,piece,303.09,606.18,116.18,5,0,809.84,809.84,0,169.84,cash:357|upi:452.84
KOS-2026-005520,2026-06-20,19:48,normal_sale,active,Walk-in,Maggi Noodles 70g,1,piece,14.55,14.55,3.05,12,0,296.02,296.02,0,49.02,upi:296.02
KOS-2026-005520,2026-06-20,19:48,normal_sale,active,Walk-in,Frooti 200ml,3,piece,10.49,31.47,5.97,12,0,296.02,296.02,0,49.02,upi:296.02
KOS-2026-005520,2026-06-20,19:48,normal_sale,active,Walk-in,Lizol Floor Cleaner 500ml,2,piece,125,250,40,18,0,296.02,296.02,0,49.02,upi:296.02
KOS-2026-005519,2026-06-20,19:18,normal_sale,active,Walk-in,Lays Classic Salted 52g,1,piece,22.47,22.47,5.97,12,0,166.8,166,0,36.5,cash:166
KOS-2026-005519,2026-06-20,19:18,normal_sale,active,Walk-in,Mustard Oil (loose),0.25,l,167.39,41.85,9.85,5,0,166.8,166,0,36.5,cash:166
KOS-2026-005519,2026-06-20,19:18,normal_sale,active,Walk-in,Sprite 750ml,1,piece,40,40,8,28,0,166.8,166,0,36.5,cash:166
KOS-2026-005519,2026-06-20,19:18,normal_sale,active,Walk-in,Wheat Atta (loose),0.5,kg,42,21,5,0,0,166.8,166,0,36.5,cash:166
KOS-2026-005519,2026-06-20,19:18,normal_sale,active,Walk-in,Britannia Marie Gold 250g,1,piece,41.48,41.48,8.48,18,0,166.8,166,0,36.5,cash:166
KOS-2026-005518,2026-06-20,19:03,normal_sale,active,Walk-in,Harpic Toilet Cleaner 500ml,3,piece,105,315,51,18,0,713.69,713.69,0,142.69,cash:713.69
KOS-2026-005518,2026-06-20,19:03,normal_sale,active,Walk-in,Catch Red Chilli Powder 100g,3,piece,63.05,189.15,45.15,5,0,713.69,713.69,0,142.69,cash:713.69
KOS-2026-005518,2026-06-20,19:03,normal_sale,active,Walk-in,Colgate Strong Teeth 200g,1,piece,113.64,113.64,21.64,18,0,713.69,713.69,0,142.69,cash:713.69
KOS-2026-005518,2026-06-20,19:03,normal_sale,active,Walk-in,Maggi Noodles 70g,2,piece,14.55,29.1,6.1,12,0,713.69,713.69,0,142.69,cash:713.69
KOS-2026-005518,2026-06-20,19:03,normal_sale,active,Walk-in,Tata Salt 1kg,2,piece,33.4,66.8,18.8,0,0,713.69,713.69,0,142.69,cash:713.69
KOS-2026-005517,2026-06-20,19:02,normal_sale,active,Imran Deshmukh,Bingo Mad Angles 66g,1,piece,21.01,21.01,4.51,12,0,21.01,0,21.01,4.51,
KOS-2026-005516,2026-06-20,18:45,normal_sale,active,Salim Patil,KitKat 4-finger,1,piece,21.23,21.23,4.23,18,0,494.59,494.59,0,124.09,upi:494.59
KOS-2026-005516,2026-06-20,18:45,normal_sale,active,Salim Patil,Amul Masti Dahi 400g,1,piece,40,40,8,5,0,494.59,494.59,0,124.09,upi:494.59
KOS-2026-005516,2026-06-20,18:45,normal_sale,active,Salim Patil,Toor Dal (loose),0.5,kg,161.66,80.83,21.83,0,0,494.59,494.59,0,124.09,upi:494.59
KOS-2026-005516,2026-06-20,18:45,normal_sale,active,Salim Patil,Vim Liquid 500ml,1,piece,122.49,122.49,24.49,18,0,494.59,494.59,0,124.09,upi:494.59
KOS-2026-005516,2026-06-20,18:45,normal_sale,active,Salim Patil,Garlic,1,kg,156.74,156.74,44.74,0,0,494.59,494.59,0,124.09,upi:494.59
KOS-2026-005516,2026-06-20,18:45,normal_sale,active,Salim Patil,Tata Salt 1kg,2,piece,33.4,66.8,18.8,0,0,494.59,494.59,0,124.09,upi:494.59
KOS-2026-005516,2026-06-20,18:45,normal_sale,active,Salim Patil,Potato,0.25,kg,26,6.5,2,0,0,494.59,494.59,0,124.09,upi:494.59
KOS-2026-005515,2026-06-20,18:39,normal_sale,active,Sanjay Singh,Poha (loose),0.25,kg,56,14,3.5,5,0,35.1,35.1,0,8,upi:35.1
KOS-2026-005515,2026-06-20,18:39,normal_sale,active,Sanjay Singh,Parle-G Biscuit 100g,2,piece,10.55,21.1,4.5,18,0,35.1,35.1,0,8,upi:35.1
KOS-2026-005514,2026-06-20,18:25,normal_sale,active,Nitin Sharma,Amul Cheese Slices 200g,1,piece,140,140,18,12,32.25,596.37,596.37,0,78.37,upi:596.37
KOS-2026-005514,2026-06-20,18:25,normal_sale,active,Nitin Sharma,Rajma (loose),0.25,kg,145.1,36.28,9.28,0,32.25,596.37,596.37,0,78.37,upi:596.37
KOS-2026-005514,2026-06-20,18:25,normal_sale,active,Nitin Sharma,Sugar (loose),1,kg,49.91,49.91,8.91,5,32.25,596.37,596.37,0,78.37,upi:596.37
KOS-2026-005514,2026-06-20,18:25,normal_sale,active,Nitin Sharma,Tomato,0.5,kg,41.9,20.95,7.95,0,32.25,596.37,596.37,0,78.37,upi:596.37
KOS-2026-005514,2026-06-20,18:25,normal_sale,active,Nitin Sharma,Good Knight Refill 45ml,1,piece,91.97,91.97,19.97,18,32.25,596.37,596.37,0,78.37,upi:596.37
KOS-2026-005514,2026-06-20,18:25,normal_sale,active,Nitin Sharma,Bournvita 500g,1,piece,275.51,275.51,43.51,18,32.25,596.37,596.37,0,78.37,upi:596.37
KOS-2026-005514,2026-06-20,18:25,normal_sale,active,Nitin Sharma,Yippee Noodles 70g,1,piece,14,14,3,12,32.25,596.37,596.37,0,78.37,upi:596.37
KOS-2026-005513,2026-06-20,18:04,normal_sale,active,Sneha Jadhav,Kissan Tomato Ketchup 500g,3,piece,105,315,51,12,0,732.3,732,0,130,cash:732
KOS-2026-005513,2026-06-20,18:04,normal_sale,active,Sneha Jadhav,Chana Dal (loose),0.5,kg,95.24,47.62,10.62,0,0,732.3,732,0,130,cash:732
KOS-2026-005513,2026-06-20,18:04,normal_sale,active,Sneha Jadhav,Tata Tea Gold 500g,1,piece,323.95,323.95,58.95,5,0,732.3,732,0,130,cash:732
KOS-2026-005513,2026-06-20,18:04,normal_sale,active,Sneha Jadhav,Britannia Good Day 100g,1,piece,31.73,31.73,6.73,18,0,732.3,732,0,130,cash:732
KOS-2026-005513,2026-06-20,18:04,normal_sale,active,Sneha Jadhav,Yippee Noodles 70g,1,piece,14,14,3,12,0,732.3,732,0,130,cash:732
KOS-2026-005512,2026-06-20,17:45,normal_sale,active,Walk-in,Besan (loose),2,kg,105.06,210.12,54.12,5,0,230.12,230,0,61,cash:230
KOS-2026-005512,2026-06-20,17:45,normal_sale,active,Walk-in,Bisleri Water 1L,1,piece,20,20,7,18,0,230.12,230,0,61,cash:230
KOS-2026-005511,2026-06-20,17:07,normal_sale,active,Balaji Khan,Bingo Mad Angles 66g,3,piece,21.01,63.03,13.53,12,0,84.26,84,0,17.5,cash:84
KOS-2026-005511,2026-06-20,17:07,normal_sale,active,Balaji Khan,KitKat 4-finger,1,piece,21.23,21.23,4.23,18,0,84.26,84,0,17.5,cash:84
KOS-2026-005510,2026-06-20,15:46,normal_sale,active,Walk-in,Agarbatti Pack (20 sticks),1,piece,31.3,31.3,7.3,12,0,379.62,379.62,0,66.12,cash:379.62
KOS-2026-005510,2026-06-20,15:46,normal_sale,active,Walk-in,Parle-G Biscuit 100g,1,piece,10.55,10.55,2.25,18,0,379.62,379.62,0,66.12,cash:379.62
KOS-2026-005510,2026-06-20,15:46,normal_sale,active,Walk-in,Clinic Plus Shampoo 175ml,2,piece,140,280,44,18,0,379.62,379.62,0,66.12,cash:379.62
KOS-2026-005510,2026-06-20,15:46,normal_sale,active,Walk-in,Thums Up 750ml,1,piece,41.23,41.23,9.23,28,0,379.62,379.62,0,66.12,cash:379.62
KOS-2026-005510,2026-06-20,15:46,normal_sale,active,Walk-in,Sona Masoori Rice (loose),0.25,kg,58,14.5,3,0,0,379.62,379.62,0,66.12,cash:379.62
KOS-2026-005510,2026-06-20,15:46,normal_sale,active,Walk-in,Center Fresh Gum (jar pc),2,piece,1.02,2.04,0.34,18,0,379.62,379.62,0,66.12,cash:379.62
KOS-2026-005509,2026-06-20,15:17,normal_sale,active,Walk-in,Vim Dishwash Bar 200g,1,piece,21.09,21.09,5.09,18,0,371.03,371.03,0,74.53,upi:371.03
KOS-2026-005509,2026-06-20,15:17,normal_sale,active,Walk-in,Kurkure Masala Munch 70g,1,piece,20,20,3.5,12,0,371.03,371.03,0,74.53,upi:371.03
KOS-2026-005509,2026-06-20,15:17,normal_sale,active,Walk-in,Bisleri Water 1L,1,piece,20,20,7,18,0,371.03,371.03,0,74.53,upi:371.03
KOS-2026-005509,2026-06-20,15:17,normal_sale,active,Walk-in,Lays Classic Salted 52g,2,piece,22.47,44.94,11.94,12,0,371.03,371.03,0,74.53,upi:371.03
KOS-2026-005509,2026-06-20,15:17,normal_sale,active,Walk-in,Dairy Milk 50g,1,piece,40,40,6,18,0,371.03,371.03,0,74.53,upi:371.03
KOS-2026-005509,2026-06-20,15:17,normal_sale,active,Walk-in,Amul Masti Dahi 400g,3,piece,40,120,24,5,0,371.03,371.03,0,74.53,upi:371.03
KOS-2026-005509,2026-06-20,15:17,normal_sale,active,Walk-in,Harpic Toilet Cleaner 500ml,1,piece,105,105,17,18,0,371.03,371.03,0,74.53,upi:371.03
KOS-2026-005508,2026-06-20,14:29,normal_sale,active,Walk-in,Bisleri Water 1L,1,piece,20,20,7,18,0,300.42,300,0,67.8,cash:300
KOS-2026-005508,2026-06-20,14:29,normal_sale,active,Walk-in,Rava / Sooji (loose),0.5,kg,48.98,24.49,6.49,5,0,300.42,300,0,67.8,cash:300
KOS-2026-005508,2026-06-20,14:29,normal_sale,active,Walk-in,Lemon,1,piece,5.14,5.14,1.94,0,0,300.42,300,0,67.8,cash:300
KOS-2026-005508,2026-06-20,14:29,normal_sale,active,Walk-in,Surf Excel Easy Wash 1kg,1,piece,143.99,143.99,25.99,18,0,300.42,300,0,67.8,cash:300
KOS-2026-005508,2026-06-20,14:29,normal_sale,active,Walk-in,Sprite 750ml,1,piece,40,40,8,28,0,300.42,300,0,67.8,cash:300
KOS-2026-005508,2026-06-20,14:29,normal_sale,active,Walk-in,Tata Salt 1kg,2,piece,33.4,66.8,18.8,0,0,300.42,300,0,67.8,cash:300
KOS-2026-005507,2026-06-20,12:43,normal_sale,active,Walk-in,Besan (loose),2,kg,105.06,210.12,54.12,5,0,420.83,420,0,93,cash:420
KOS-2026-005507,2026-06-20,12:43,normal_sale,active,Walk-in,Wheat Atta (loose),0.25,kg,42,10.5,2.5,0,0,420.83,420,0,93,cash:420
KOS-2026-005507,2026-06-20,12:43,normal_sale,active,Walk-in,Britannia Good Day 100g,1,piece,31.73,31.73,6.73,18,0,420.83,420,0,93,cash:420
KOS-2026-005507,2026-06-20,12:43,normal_sale,active,Walk-in,Fortune Sunflower Oil 1L,1,piece,168.48,168.48,30.48,5,0,420.83,420,0,93,cash:420
KOS-2026-005506,2026-06-20,12:42,normal_sale,active,Walk-in,Classmate Notebook 172pg,1,piece,57.68,57.68,15.68,12,0,57.68,57.68,0,15.68,cash:21|upi:36.68
KOS-2026-005505,2026-06-20,12:41,normal_sale,active,Manisha Gupta,Kissan Mixed Fruit Jam 200g,2,piece,82,164,28,12,0,269.4,269,0,52.5,cash:269
KOS-2026-005505,2026-06-20,12:41,normal_sale,active,Manisha Gupta,Coca-Cola 750ml,2,piece,42.7,85.4,21.4,28,0,269.4,269,0,52.5,cash:269
KOS-2026-005505,2026-06-20,12:41,normal_sale,active,Manisha Gupta,Kurkure Masala Munch 70g,1,piece,20,20,3.5,12,0,269.4,269,0,52.5,cash:269
KOS-2026-005504,2026-06-20,11:38,normal_sale,cancelled,Pooja Patil,Sprite 750ml,1,piece,40,40,8,28,0,83.51,83,0,17.7,cash:83
KOS-2026-005504,2026-06-20,11:38,normal_sale,cancelled,Pooja Patil,Lays Classic Salted 52g,1,piece,22.47,22.47,5.97,12,0,83.51,83,0,17.7,cash:83
KOS-2026-005504,2026-06-20,11:38,normal_sale,cancelled,Pooja Patil,Frooti 200ml,1,piece,10.49,10.49,1.99,12,0,83.51,83,0,17.7,cash:83
KOS-2026-005504,2026-06-20,11:38,normal_sale,cancelled,Pooja Patil,Parle-G Biscuit 100g,1,piece,10.55,10.55,2.25,18,0,83.51,83,0,17.7,cash:83
KOS-2026-005503,2026-06-20,11:23,normal_sale,active,Walk-in,Tata Salt 1kg,4,piece,33.4,133.6,37.6,0,0,430.2,430.2,0,115.9,upi:430.2
KOS-2026-005503,2026-06-20,11:23,normal_sale,active,Walk-in,Thums Up 750ml,1,piece,41.23,41.23,9.23,28,0,430.2,430.2,0,115.9,upi:430.2
KOS-2026-005503,2026-06-20,11:23,normal_sale,active,Walk-in,Basmati Rice Premium (loose),0.25,kg,126.71,31.68,8.68,0,0,430.2,430.2,0,115.9,upi:430.2
KOS-2026-005503,2026-06-20,11:23,normal_sale,active,Walk-in,Coca-Cola 750ml,3,piece,42.7,128.1,32.1,28,0,430.2,430.2,0,115.9,upi:430.2
KOS-2026-005503,2026-06-20,11:23,normal_sale,active,Walk-in,Bisleri Water 1L,3,piece,20,60,21,18,0,430.2,430.2,0,115.9,upi:430.2
KOS-2026-005503,2026-06-20,11:23,normal_sale,active,Walk-in,Parle-G Biscuit 100g,1,piece,10.55,10.55,2.25,18,0,430.2,430.2,0,115.9,upi:430.2
KOS-2026-005503,2026-06-20,11:23,normal_sale,active,Walk-in,Frooti 200ml,1,piece,10.49,10.49,1.99,12,0,430.2,430.2,0,115.9,upi:430.2
KOS-2026-005503,2026-06-20,11:23,normal_sale,active,Walk-in,Maggi Noodles 70g,1,piece,14.55,14.55,3.05,12,0,430.2,430.2,0,115.9,upi:430.2
KOS-2026-005502,2026-06-20,10:58,normal_sale,active,Walk-in,Bisleri Water 1L,1,piece,20,20,7,18,24.86,218.9,218.9,0,21.9,upi:218.9
KOS-2026-005502,2026-06-20,10:58,normal_sale,active,Walk-in,Amul Taaza Milk 500ml,1,piece,28,28,3,0,24.86,218.9,218.9,0,21.9,upi:218.9
KOS-2026-005502,2026-06-20,10:58,normal_sale,active,Walk-in,Yippee Noodles 70g,1,piece,14,14,3,12,24.86,218.9,218.9,0,21.9,upi:218.9
KOS-2026-005502,2026-06-20,10:58,normal_sale,active,Walk-in,Moong Dal (loose),0.25,kg,130.61,32.65,8.65,0,24.86,218.9,218.9,0,21.9,upi:218.9
KOS-2026-005502,2026-06-20,10:58,normal_sale,active,Walk-in,Clinic Plus Shampoo 175ml,1,piece,140,140,22,18,24.86,218.9,218.9,0,21.9,upi:218.9
KOS-2026-005502,2026-06-20,10:58,normal_sale,active,Walk-in,Onion,0.25,kg,36.44,9.11,3.11,0,24.86,218.9,218.9,0,21.9,upi:218.9
KOS-2026-005501,2026-06-20,10:30,normal_sale,active,Walk-in,Maggi Noodles 70g,2,piece,14.55,29.1,6.1,12,0,29.1,29.1,0,6.1,upi:29.1
KOS-2026-005500,2026-06-20,10:26,normal_sale,active,Walk-in,Moong Dal (loose),0.25,kg,130.61,32.65,8.65,0,0,2240.33,2240,0,420.5,cash:2240
KOS-2026-005500,2026-06-20,10:26,normal_sale,active,Walk-in,Britannia Good Day 100g,2,piece,31.73,63.46,13.46,18,0,2240.33,2240,0,420.5,cash:2240
KOS-2026-005500,2026-06-20,10:26,normal_sale,active,Walk-in,Red Label Tea 250g,1,piece,157.13,157.13,29.13,5,0,2240.33,2240,0,420.5,cash:2240
KOS-2026-005500,2026-06-20,10:26,normal_sale,active,Walk-in,Tata Tea Gold 500g,1,piece,323.95,323.95,58.95,5,0,2240.33,2240,0,420.5,cash:2240
KOS-2026-005500,2026-06-20,10:26,normal_sale,active,Walk-in,Good Knight Refill 45ml,2,piece,91.97,183.94,39.94,18,0,2240.33,2240,0,420.5,cash:2240
KOS-2026-005500,2026-06-20,10:26,normal_sale,active,Walk-in,Amul Cheese Slices 200g,1,piece,140,140,18,12,0,2240.33,2240,0,420.5,cash:2240
KOS-2026-005500,2026-06-20,10:26,normal_sale,active,Walk-in,Aashirvaad Atta 5kg,4,piece,303.09,1212.36,232.36,5,0,2240.33,2240,0,420.5,cash:2240
KOS-2026-005500,2026-06-20,10:26,normal_sale,active,Walk-in,Lays Classic Salted 52g,1,piece,22.47,22.47,5.97,12,0,2240.33,2240,0,420.5,cash:2240
KOS-2026-005500,2026-06-20,10:26,normal_sale,active,Walk-in,Amul Gold Milk 500ml,3,piece,34.79,104.37,14.37,0,0,2240.33,2240,0,420.5,cash:2240
KOS-2026-005499,2026-06-20,10:21,normal_sale,active,Kavita Shaikh,Amul Masti Dahi 400g,1,piece,40,40,8,5,6.48,43.52,24,19.52,3.02,cash:24
KOS-2026-005499,2026-06-20,10:21,normal_sale,active,Kavita Shaikh,5 Star 25g,1,piece,10,10,1.5,18,6.48,43.52,24,19.52,3.02,cash:24
KOS-2026-005498,2026-06-20,09:56,normal_sale,active,Jyoti Gupta,Maggi Noodles 70g,3,piece,14.55,43.65,9.15,12,0,43.65,43,0,8.5,cash:43
KOS-2026-005497,2026-06-20,09:36,normal_sale,active,Sai Snacks Corner,Center Fresh Gum (jar pc),1,piece,1.02,1.02,0.17,18,0,326.45,326.45,0,61.6,upi:326.45
KOS-2026-005497,2026-06-20,09:36,normal_sale,active,Sai Snacks Corner,Amul Masti Dahi 400g,2,piece,40,80,16,5,0,326.45,326.45,0,61.6,upi:326.45
KOS-2026-005497,2026-06-20,09:36,normal_sale,active,Sai Snacks Corner,Ariel Detergent 1kg,1,piece,163.43,163.43,31.43,18,0,326.45,326.45,0,61.6,upi:326.45
KOS-2026-005497,2026-06-20,09:36,normal_sale,active,Sai Snacks Corner,Kissan Mixed Fruit Jam 200g,1,piece,82,82,14,12,0,326.45,326.45,0,61.6,upi:326.45
KOS-2026-005496,2026-06-20,09:12,normal_sale,active,Balaji Khan,Odonil Air Freshener 50g,1,piece,82.19,82.19,20.19,18,0,138.19,138,0,26,cash:138
KOS-2026-005496,2026-06-20,09:12,normal_sale,active,Balaji Khan,Amul Taaza Milk 500ml,2,piece,28,56,6,0,0,138.19,138,0,26,cash:138
KOS-2026-005495,2026-06-20,08:18,normal_sale,active,Rekha Bhosale,Chana Dal (loose),0.25,kg,95.24,23.81,5.31,0,0,570.26,570.26,0,116.76,bank:570.26
KOS-2026-005495,2026-06-20,08:18,normal_sale,active,Rekha Bhosale,Garlic,0.5,kg,156.74,78.37,22.37,0,0,570.26,570.26,0,116.76,bank:570.26
KOS-2026-005495,2026-06-20,08:18,normal_sale,active,Rekha Bhosale,Wheat Atta (loose),0.5,kg,42,21,5,0,0,570.26,570.26,0,116.76,bank:570.26
KOS-2026-005495,2026-06-20,08:18,normal_sale,active,Rekha Bhosale,Aashirvaad Atta 5kg,1,piece,303.09,303.09,58.09,5,0,570.26,570.26,0,116.76,bank:570.26
KOS-2026-005495,2026-06-20,08:18,normal_sale,active,Rekha Bhosale,Surf Excel Easy Wash 1kg,1,piece,143.99,143.99,25.99,18,0,570.26,570.26,0,116.76,bank:570.26
KOS-2026-005494,2026-06-19,21:53,normal_sale,active,Walk-in,Vim Dishwash Bar 200g,2,piece,21.09,42.18,10.18,18,0,42.18,42.18,0,10.18,upi:42.18
KOS-2026-005493,2026-06-19,21:25,normal_sale,active,Priya Sharma,Chana Dal (loose),0.5,kg,95.24,47.62,10.62,0,0,47.62,47.62,0,10.62,cash:25|upi:22.62
KOS-2026-005492,2026-06-19,20:55,normal_sale,active,Imran Deshmukh,Lemon,2,piece,5.14,10.28,3.88,0,0,250.24,61,189.24,49.84,upi:61
KOS-2026-005492,2026-06-19,20:55,normal_sale,active,Imran Deshmukh,Camphor 50g,1,piece,58.85,58.85,16.85,12,0,250.24,61,189.24,49.84,upi:61
KOS-2026-005492,2026-06-19,20:55,normal_sale,active,Imran Deshmukh,Dhara Mustard Oil 1L,1,piece,181.11,181.11,29.11,5,0,250.24,61,189.24,49.84,upi:61
KOS-2026-005491,2026-06-19,20:30,normal_sale,active,Walk-in,Dettol Antiseptic 250ml,2,piece,160.07,304.13,40.13,18,0,367.44,367.44,0,49.44,upi:367.44
KOS-2026-005491,2026-06-19,20:30,normal_sale,active,Walk-in,Amul Butter 100g,1,piece,63.31,63.31,9.31,12,0,367.44,367.44,0,49.44,upi:367.44
KOS-2026-005490,2026-06-19,20:28,normal_sale,active,Shalini Joshi,Potato,1,kg,26,26,8,0,0,284.44,284,0,56,cash:284
KOS-2026-005490,2026-06-19,20:28,normal_sale,active,Shalini Joshi,Clinic Plus Shampoo 175ml,1,piece,140,140,22,18,0,284.44,284,0,56,cash:284
KOS-2026-005490,2026-06-19,20:28,normal_sale,active,Shalini Joshi,Kissan Mixed Fruit Jam 200g,1,piece,82,82,14,12,0,284.44,284,0,56,cash:284
KOS-2026-005490,2026-06-19,20:28,normal_sale,active,Shalini Joshi,Onion,1,kg,36.44,36.44,12.44,0,0,284.44,284,0,56,cash:284
KOS-2026-005489,2026-06-19,20:21,normal_sale,active,Walk-in,Good Knight Refill 45ml,1,piece,91.97,91.97,19.97,18,0,91.97,91.97,0,19.97,cash:91.97
KOS-2026-005488,2026-06-19,19:52,normal_sale,active,Sneha Jadhav,Thums Up 750ml,1,piece,41.23,41.23,9.23,28,0,146.18,146.18,0,40.18,upi:146.18
KOS-2026-005488,2026-06-19,19:52,normal_sale,active,Sneha Jadhav,Catch Red Chilli Powder 100g,1,piece,63.05,63.05,15.05,5,0,146.18,146.18,0,40.18,upi:146.18
KOS-2026-005488,2026-06-19,19:52,normal_sale,active,Sneha Jadhav,Tomato,1,kg,41.9,41.9,15.9,0,0,146.18,146.18,0,40.18,upi:146.18
KOS-2026-005487,2026-06-19,19:30,normal_sale,active,Jyoti Rane,Sprite 750ml,2,piece,40,80,16,28,0,80,80,0,16,cash:80
KOS-2026-005486,2026-06-19,18:02,normal_sale,active,Deepak Pawar,Tata Salt 1kg,3,piece,33.4,100.2,28.2,0,0,1368.92,1368.92,0,232.92,cash:1368.92
KOS-2026-005486,2026-06-19,18:02,normal_sale,active,Deepak Pawar,Amul Ghee 500ml,3,piece,369.67,1109.01,164.01,12,0,1368.92,1368.92,0,232.92,cash:1368.92
KOS-2026-005486,2026-06-19,18:02,normal_sale,active,Deepak Pawar,Moong Dal (loose),1,kg,130.61,130.61,34.61,0,0,1368.92,1368.92,0,232.92,cash:1368.92
KOS-2026-005486,2026-06-19,18:02,normal_sale,active,Deepak Pawar,Maggi Noodles 70g,2,piece,14.55,29.1,6.1,12,0,1368.92,1368.92,0,232.92,cash:1368.92
EST-2026-000061,2026-06-19,17:51,estimate,active,Kavita Kulkarni,Maggi Noodles 70g,1,piece,14.55,14.55,3.05,12,0,14.55,14.55,0,3.05,upi:14.55
KOS-2026-005485,2026-06-19,17:06,normal_sale,active,Walk-in,Dettol Antiseptic 250ml,2,piece,160.07,320.14,56.14,18,0,320.14,320,0,56,cash:320
KOS-2026-005484,2026-06-19,12:37,normal_sale,active,Walk-in,Coca-Cola 750ml,1,piece,42.7,42.7,10.7,28,0,42.7,42.7,0,10.7,cash:42.7
KOS-2026-005483,2026-06-19,12:31,normal_sale,active,Walk-in,Amul Masti Dahi 400g,1,piece,40,40,8,5,0,1038.12,1038,0,280,cash:1038
KOS-2026-005483,2026-06-19,12:31,normal_sale,active,Walk-in,Toor Dal (loose),5,kg,161.66,808.3,218.3,0,0,1038.12,1038,0,280,cash:1038
KOS-2026-005483,2026-06-19,12:31,normal_sale,active,Walk-in,Onion,1,kg,36.44,36.44,12.44,0,0,1038.12,1038,0,280,cash:1038
KOS-2026-005483,2026-06-19,12:31,normal_sale,active,Walk-in,Tomato,2,kg,41.9,83.8,31.8,0,0,1038.12,1038,0,280,cash:1038
KOS-2026-005483,2026-06-19,12:31,normal_sale,active,Walk-in,Amul Gold Milk 500ml,2,piece,34.79,69.58,9.58,0,0,1038.12,1038,0,280,cash:1038
KOS-2026-005482,2026-06-19,12:30,normal_sale,active,Walk-in,Amul Masti Dahi 400g,1,piece,40,40,8,5,0,432.36,432.36,0,91.96,upi:432.36
KOS-2026-005482,2026-06-19,12:30,normal_sale,active,Walk-in,Bingo Mad Angles 66g,2,piece,21.01,42.02,9.02,12,0,432.36,432.36,0,91.96,upi:432.36
KOS-2026-005482,2026-06-19,12:30,normal_sale,active,Walk-in,Nirma Washing Powder 1kg,1,piece,75.46,75.46,17.46,18,0,432.36,432.36,0,91.96,upi:432.36
KOS-2026-005482,2026-06-19,12:30,normal_sale,active,Walk-in,Reynolds Pen,5,piece,10.92,54.6,19.6,12,0,432.36,432.36,0,91.96,upi:432.36
KOS-2026-005482,2026-06-19,12:30,normal_sale,active,Walk-in,Kissan Tomato Ketchup 500g,2,piece,105,210,34,12,0,432.36,432.36,0,91.96,upi:432.36
KOS-2026-005482,2026-06-19,12:30,normal_sale,active,Walk-in,Lemon,2,piece,5.14,10.28,3.88,0,0,432.36,432.36,0,91.96,upi:432.36
KOS-2026-005481,2026-06-19,11:39,normal_sale,active,Hotel Green Leaf,Thums Up 750ml,1,piece,41.23,41.23,9.23,28,0,41.23,0,41.23,9.23,
KOS-2026-005480,2026-06-19,11:24,normal_sale,active,Walk-in,Lemon,2,piece,5.14,10.28,3.88,0,43.16,223.45,223.45,0,19.05,upi:223.45
KOS-2026-005480,2026-06-19,11:24,normal_sale,active,Walk-in,Wheat Atta (loose),0.25,kg,42,10.5,2.5,0,43.16,223.45,223.45,0,19.05,upi:223.45
KOS-2026-005480,2026-06-19,11:24,normal_sale,active,Walk-in,Toor Dal (loose),0.5,kg,161.66,80.83,21.83,0,43.16,223.45,223.45,0,19.05,upi:223.45
KOS-2026-005480,2026-06-19,11:24,normal_sale,active,Walk-in,Lizol Floor Cleaner 500ml,1,piece,125,125,20,18,43.16,223.45,223.45,0,19.05,upi:223.45
KOS-2026-005480,2026-06-19,11:24,normal_sale,active,Walk-in,Bisleri Water 1L,2,piece,20,40,14,18,43.16,223.45,223.45,0,19.05,upi:223.45
KOS-2026-005479,2026-06-19,11:14,normal_sale,active,Lata Bhosale,Britannia Brown Bread,1,piece,52.9,52.9,10.9,0,0,631.49,631.49,0,151.49,cash:631.49
KOS-2026-005479,2026-06-19,11:14,normal_sale,active,Lata Bhosale,Wheat Atta (loose),1,kg,42,42,10,0,0,631.49,631.49,0,151.49,cash:631.49
KOS-2026-005479,2026-06-19,11:14,normal_sale,active,Lata Bhosale,Sprite 750ml,3,piece,40,120,24,28,0,631.49,631.49,0,151.49,cash:631.49
KOS-2026-005479,2026-06-19,11:14,normal_sale,active,Lata Bhosale,Tata Salt 1kg,1,piece,33.4,33.4,9.4,0,0,631.49,631.49,0,151.49,cash:631.49
KOS-2026-005479,2026-06-19,11:14,normal_sale,active,Lata Bhosale,Coca-Cola 750ml,1,piece,42.7,42.7,10.7,28,0,631.49,631.49,0,151.49,cash:631.49
KOS-2026-005479,2026-06-19,11:14,normal_sale,active,Lata Bhosale,Nirma Washing Powder 1kg,3,piece,75.46,226.38,52.38,18,0,631.49,631.49,0,151.49,cash:631.49
KOS-2026-005479,2026-06-19,11:14,normal_sale,active,Lata Bhosale,Onion,2,kg,36.44,72.88,24.88,0,0,631.49,631.49,0,151.49,cash:631.49
KOS-2026-005479,2026-06-19,11:14,normal_sale,active,Lata Bhosale,Thums Up 750ml,1,piece,41.23,41.23,9.23,28,0,631.49,631.49,0,151.49,cash:631.49
KOS-2026-005478,2026-06-19,11:02,normal_sale,active,Walk-in,Nirma Washing Powder 1kg,2,piece,75.46,150.92,34.92,18,41.23,349.54,349,0,48.25,cash:349
KOS-2026-005478,2026-06-19,11:02,normal_sale,active,Walk-in,Britannia Brown Bread,1,piece,52.9,52.9,10.9,0,41.23,349.54,349,0,48.25,cash:349
KOS-2026-005478,2026-06-19,11:02,normal_sale,active,Walk-in,Lays Classic Salted 52g,1,piece,22.47,22.47,5.97,12,41.23,349.54,349,0,48.25,cash:349
KOS-2026-005478,2026-06-19,11:02,normal_sale,active,Walk-in,Poha (loose),2,kg,56,112,28,5,41.23,349.54,349,0,48.25,cash:349
KOS-2026-005478,2026-06-19,11:02,normal_sale,active,Walk-in,Sugar (loose),0.25,kg,49.91,12.48,2.23,5,41.23,349.54,349,0,48.25,cash:349
KOS-2026-005478,2026-06-19,11:02,normal_sale,active,Walk-in,Amul Masti Dahi 400g,1,piece,40,40,8,5,41.23,349.54,349,0,48.25,cash:349
KOS-2026-005477,2026-06-19,10:58,normal_sale,active,Walk-in,Lays Classic Salted 52g,1,piece,22.47,22.47,5.97,12,0,22.47,22.47,0,5.97,cash:15|upi:7.47
KOS-2026-005476,2026-06-19,10:55,normal_sale,active,Walk-in,Chana Dal (loose),2,kg,95.24,190.48,42.48,0,0,190.48,190.48,0,42.48,upi:190.48
KOS-2026-005475,2026-06-19,10:20,normal_sale,active,Rohit Salunkhe,Tomato,0.5,kg,41.9,20.95,7.95,0,0,178.08,178.08,0,37.08,upi:178.08
KOS-2026-005475,2026-06-19,10:20,normal_sale,active,Rohit Salunkhe,Red Label Tea 250g,1,piece,157.13,157.13,29.13,5,0,178.08,178.08,0,37.08,upi:178.08
KOS-2026-005474,2026-06-19,10:06,normal_sale,active,Walk-in,Parle-G Biscuit 100g,1,piece,10.55,10.55,2.25,18,0,74.01,74.01,0,15.71,cash:74.01
KOS-2026-005474,2026-06-19,10:06,normal_sale,active,Walk-in,Britannia Good Day 100g,2,piece,31.73,63.46,13.46,18,0,74.01,74.01,0,15.71,cash:74.01
KOS-2026-005473,2026-06-19,10:05,normal_sale,active,Walk-in,Parle-G Biscuit 100g,2,piece,10.55,21.1,4.5,18,0,825.41,825.41,0,182.31,upi:825.41
KOS-2026-005473,2026-06-19,10:05,normal_sale,active,Walk-in,Amul Masti Dahi 400g,2,piece,40,80,16,5,0,825.41,825.41,0,182.31,upi:825.41
KOS-2026-005473,2026-06-19,10:05,normal_sale,active,Walk-in,Horlicks 500g,2,piece,314.21,628.42,138.42,18,0,825.41,825.41,0,182.31,upi:825.41
KOS-2026-005473,2026-06-19,10:05,normal_sale,active,Walk-in,Frooti 200ml,1,piece,10.49,10.49,1.99,12,0,825.41,825.41,0,182.31,upi:825.41
KOS-2026-005473,2026-06-19,10:05,normal_sale,active,Walk-in,Coca-Cola 750ml,2,piece,42.7,85.4,21.4,28,0,825.41,825.41,0,182.31,upi:825.41
KOS-2026-005472,2026-06-19,09:24,normal_sale,active,Walk-in,Vim Liquid 500ml,1,piece,122.49,122.49,24.49,18,0,1083.7,1083.7,0,237.7,upi:1083.7
KOS-2026-005472,2026-06-19,09:24,normal_sale,active,Walk-in,Groundnut / Peanut (loose),2,kg,123.75,247.5,71.5,5,0,1083.7,1083.7,0,237.7,upi:1083.7
KOS-2026-005472,2026-06-19,09:24,normal_sale,active,Walk-in,Maggi Noodles 8-pack,2,piece,112.52,225.04,41.04,12,0,1083.7,1083.7,0,237.7,upi:1083.7
KOS-2026-005472,2026-06-19,09:24,normal_sale,active,Walk-in,Colgate Strong Teeth 200g,2,piece,113.64,227.28,43.28,18,0,1083.7,1083.7,0,237.7,upi:1083.7
KOS-2026-005472,2026-06-19,09:24,normal_sale,active,Walk-in,Ariel Detergent 1kg,1,piece,163.43,163.43,31.43,18,0,1083.7,1083.7,0,237.7,upi:1083.7
KOS-2026-005472,2026-06-19,09:24,normal_sale,active,Walk-in,Rava / Sooji (loose),2,kg,48.98,97.96,25.96,5,0,1083.7,1083.7,0,237.7,upi:1083.7
KOS-2026-005471,2026-06-19,09:14,normal_sale,active,Annapurna Mess & Canteen,Tomato,1,kg,41.9,41.9,15.9,0,0,1787.75,0,1787.75,323.05,
KOS-2026-005471,2026-06-19,09:14,normal_sale,active,Annapurna Mess & Canteen,Maggi Noodles 8-pack,3,piece,112.52,337.56,61.56,12,0,1787.75,0,1787.75,323.05,
KOS-2026-005471,2026-06-19,09:14,normal_sale,active,Annapurna Mess & Canteen,Surf Excel Easy Wash 1kg,2,piece,143.99,287.98,51.98,18,0,1787.75,0,1787.75,323.05,
KOS-2026-005471,2026-06-19,09:14,normal_sale,active,Annapurna Mess & Canteen,Catch Red Chilli Powder 100g,1,piece,63.05,63.05,15.05,5,0,1787.75,0,1787.75,323.05,
KOS-2026-005471,2026-06-19,09:14,normal_sale,active,Annapurna Mess & Canteen,Bingo Mad Angles 66g,1,piece,21.01,21.01,4.51,12,0,1787.75,0,1787.75,323.05,
KOS-2026-005471,2026-06-19,09:14,normal_sale,active,Annapurna Mess & Canteen,Tata Tea Gold 500g,3,piece,323.95,946.85,151.85,5,0,1787.75,0,1787.75,323.05,
KOS-2026-005471,2026-06-19,09:14,normal_sale,active,Annapurna Mess & Canteen,Besan (loose),0.5,kg,105.06,52.53,13.53,5,0,1787.75,0,1787.75,323.05,
KOS-2026-005471,2026-06-19,09:14,normal_sale,active,Annapurna Mess & Canteen,Lemon,1,piece,5.14,5.14,1.94,0,0,1787.75,0,1787.75,323.05,
KOS-2026-005471,2026-06-19,09:14,normal_sale,active,Annapurna Mess & Canteen,Britannia Good Day 100g,1,piece,31.73,31.73,6.73,18,0,1787.75,0,1787.75,323.05,
KOS-2026-005470,2026-06-19,08:49,normal_sale,active,Walk-in,Frooti 200ml,2,piece,10.49,20.98,3.98,12,0,485.27,485,0,100.6,cash:485
KOS-2026-005470,2026-06-19,08:49,normal_sale,active,Walk-in,Nirma Washing Powder 1kg,2,piece,75.46,150.92,34.92,18,0,485.27,485,0,100.6,cash:485
KOS-2026-005470,2026-06-19,08:49,normal_sale,active,Walk-in,Aashirvaad Atta 5kg,1,piece,303.09,303.09,58.09,5,0,485.27,485,0,100.6,cash:485
KOS-2026-005470,2026-06-19,08:49,normal_sale,active,Walk-in,Lemon,2,piece,5.14,10.28,3.88,0,0,485.27,485,0,100.6,cash:485
KOS-2026-005469,2026-06-19,08:32,normal_sale,active,Rekha Bhosale,Vim Dishwash Bar 200g,2,piece,21.09,42.18,10.18,18,0,1582.88,1582.88,0,310.88,upi:1582.88
KOS-2026-005469,2026-06-19,08:32,normal_sale,active,Rekha Bhosale,Tata Tea Gold 500g,4,piece,323.95,1295.8,235.8,5,0,1582.88,1582.88,0,310.88,upi:1582.88
KOS-2026-005469,2026-06-19,08:32,normal_sale,active,Rekha Bhosale,Rava / Sooji (loose),5,kg,48.98,244.9,64.9,5,0,1582.88,1582.88,0,310.88,upi:1582.88
KOS-2026-005468,2026-06-19,08:25,normal_sale,active,Rekha Salunkhe,Clinic Plus Shampoo 175ml,1,piece,140,140,22,18,0,140,140,0,22,cash:140
KOS-2026-005467,2026-06-19,08:02,normal_sale,active,Walk-in,Bisleri Water 1L,1,piece,20,20,7,18,0,252.46,252,0,50.5,cash:252
KOS-2026-005467,2026-06-19,08:02,normal_sale,active,Walk-in,Poha (loose),0.25,kg,56,14,3.5,5,0,252.46,252,0,50.5,cash:252
KOS-2026-005467,2026-06-19,08:02,normal_sale,active,Walk-in,Frooti 200ml,2,piece,10.49,20.98,3.98,12,0,252.46,252,0,50.5,cash:252
KOS-2026-005467,2026-06-19,08:02,normal_sale,active,Walk-in,Fortune Sunflower Oil 1L,1,piece,168.48,168.48,30.48,5,0,252.46,252,0,50.5,cash:252
KOS-2026-005467,2026-06-19,08:02,normal_sale,active,Walk-in,Sona Masoori Rice (loose),0.5,kg,58,29,6,0,0,252.46,252,0,50.5,cash:252
KOS-2026-005466,2026-06-18,21:59,normal_sale,active,Walk-in,Maggi Noodles 70g,1,piece,14.55,14.55,3.05,12,0,347.67,347.67,0,75.57,upi:347.67
KOS-2026-005466,2026-06-18,21:59,normal_sale,active,Walk-in,Parachute Coconut Oil 200ml,2,piece,104.47,208.94,44.94,18,0,347.67,347.67,0,75.57,upi:347.67
KOS-2026-005466,2026-06-18,21:59,normal_sale,active,Walk-in,Farm Eggs,3,piece,8,24,5.4,0,0,347.67,347.67,0,75.57,upi:347.67
KOS-2026-005466,2026-06-18,21:59,normal_sale,active,Walk-in,Vim Dishwash Bar 200g,2,piece,21.09,42.18,10.18,18,0,347.67,347.67,0,75.57,upi:347.67
KOS-2026-005466,2026-06-18,21:59,normal_sale,active,Walk-in,Sona Masoori Rice (loose),1,kg,58,58,12,0,0,347.67,347.67,0,75.57,upi:347.67
KOS-2026-005465,2026-06-18,21:57,normal_sale,active,Rohit Shinde,Kurkure Masala Munch 70g,1,piece,20,20,3.5,12,0,248.12,248,0,51.3,cash:248
KOS-2026-005465,2026-06-18,21:57,normal_sale,active,Rohit Shinde,Bisleri Water 1L,2,piece,20,40,14,18,0,248.12,248,0,51.3,cash:248
KOS-2026-005465,2026-06-18,21:57,normal_sale,active,Rohit Shinde,Maggi Noodles 8-pack,1,piece,112.52,112.52,20.52,12,0,248.12,248,0,51.3,cash:248
KOS-2026-005465,2026-06-18,21:57,normal_sale,active,Rohit Shinde,KitKat 4-finger,2,piece,21.23,42.46,8.46,18,0,248.12,248,0,51.3,cash:248
KOS-2026-005465,2026-06-18,21:57,normal_sale,active,Rohit Shinde,Amul Taaza Milk 500ml,1,piece,28,28,3,0,0,248.12,248,0,51.3,cash:248
KOS-2026-005465,2026-06-18,21:57,normal_sale,active,Rohit Shinde,Lemon,1,piece,5.14,5.14,1.94,0,0,248.12,248,0,51.3,cash:248
KOS-2026-005464,2026-06-18,21:54,normal_sale,active,Walk-in,Onion,0.25,kg,36.44,9.11,3.11,0,0,9.11,9.11,0,3.11,upi:9.11
KOS-2026-005463,2026-06-18,19:52,normal_sale,active,Sunita Deshmukh,Lays Classic Salted 52g,3,piece,22.47,67.41,17.91,12,0,438.67,438.67,0,93.67,upi:438.67
KOS-2026-005463,2026-06-18,19:52,normal_sale,active,Sunita Deshmukh,Lifebuoy Soap 125g,1,piece,35.94,35.94,7.94,18,0,438.67,438.67,0,93.67,upi:438.67
KOS-2026-005463,2026-06-18,19:52,normal_sale,active,Sunita Deshmukh,Sprite 750ml,1,piece,40,40,8,28,0,438.67,438.67,0,93.67,upi:438.67
KOS-2026-005463,2026-06-18,19:52,normal_sale,active,Sunita Deshmukh,Thums Up 750ml,1,piece,41.23,41.23,9.23,28,0,438.67,438.67,0,93.67,upi:438.67
KOS-2026-005463,2026-06-18,19:52,normal_sale,active,Sunita Deshmukh,Britannia Brown Bread,3,piece,52.9,158.7,32.7,0,0,438.67,438.67,0,93.67,upi:438.67
KOS-2026-005463,2026-06-18,19:52,normal_sale,active,Sunita Deshmukh,Tomato,0.25,kg,41.9,10.48,3.98,0,0,438.67,438.67,0,93.67,upi:438.67
KOS-2026-005463,2026-06-18,19:52,normal_sale,active,Sunita Deshmukh,Sugar (loose),1,kg,49.91,49.91,8.91,5,0,438.67,438.67,0,93.67,upi:438.67
KOS-2026-005463,2026-06-18,19:52,normal_sale,active,Sunita Deshmukh,Oreo Biscuit 120g,1,piece,35,35,5,18,0,438.67,438.67,0,93.67,upi:438.67
KOS-2026-005462,2026-06-18,19:49,normal_sale,active,Walk-in,Poha (loose),0.25,kg,56,14,3.5,5,0,875.41,875.41,0,181.91,upi:875.41
KOS-2026-005462,2026-06-18,19:49,normal_sale,active,Walk-in,Amul Butter 100g,1,piece,63.31,63.31,9.31,12,0,875.41,875.41,0,181.91,upi:875.41
KOS-2026-005462,2026-06-18,19:49,normal_sale,active,Walk-in,Candle Pack (6 pc),1,piece,42,42,10,12,0,875.41,875.41,0,181.91,upi:875.41
KOS-2026-005462,2026-06-18,19:49,normal_sale,active,Walk-in,Potato,1,kg,26,26,8,0,0,875.41,875.41,0,181.91,upi:875.41
KOS-2026-005462,2026-06-18,19:49,normal_sale,active,Walk-in,Tata Salt 1kg,2,piece,33.4,66.8,18.8,0,0,875.41,875.41,0,181.91,upi:875.41
KOS-2026-005462,2026-06-18,19:49,normal_sale,active,Walk-in,Saffola Gold Oil 1L,2,piece,203.57,407.14,77.14,5,0,875.41,875.41,0,181.91,upi:875.41
KOS-2026-005462,2026-06-18,19:49,normal_sale,active,Walk-in,Toor Dal (loose),1,kg,161.66,161.66,43.66,0,0,875.41,875.41,0,181.91,upi:875.41
KOS-2026-005462,2026-06-18,19:49,normal_sale,active,Walk-in,Wheat Atta (loose),0.25,kg,42,10.5,2.5,0,0,875.41,875.41,0,181.91,upi:875.41
KOS-2026-005462,2026-06-18,19:49,normal_sale,active,Walk-in,Amul Taaza Milk 500ml,3,piece,28,84,9,0,0,875.41,875.41,0,181.91,upi:875.41
KOS-2026-005461,2026-06-18,19:40,normal_sale,active,Suresh Kadam,Amul Gold Milk 500ml,3,piece,34.79,104.37,14.37,0,0,1715.19,1715.19,0,312.19,upi:1715.19
KOS-2026-005461,2026-06-18,19:40,normal_sale,active,Suresh Kadam,Britannia Marie Gold 250g,2,piece,41.48,82.96,16.96,18,0,1715.19,1715.19,0,312.19,upi:1715.19
KOS-2026-005461,2026-06-18,19:40,normal_sale,active,Suresh Kadam,Thums Up 750ml,1,piece,41.23,41.23,9.23,28,0,1715.19,1715.19,0,312.19,upi:1715.19
KOS-2026-005461,2026-06-18,19:40,normal_sale,active,Suresh Kadam,Clinic Plus Shampoo 175ml,1,piece,140,140,22,18,0,1715.19,1715.19,0,312.19,upi:1715.19
KOS-2026-005461,2026-06-18,19:40,normal_sale,active,Suresh Kadam,Gillette Guard Razor,1,piece,35.93,35.93,7.93,18,0,1715.19,1715.19,0,312.19,upi:1715.19
KOS-2026-005461,2026-06-18,19:40,normal_sale,active,Suresh Kadam,Amul Taaza Milk 500ml,2,piece,28,56,6,0,0,1715.19,1715.19,0,312.19,upi:1715.19
KOS-2026-005461,2026-06-18,19:40,normal_sale,active,Suresh Kadam,5 Star 25g,2,piece,10,20,3,18,0,1715.19,1715.19,0,312.19,upi:1715.19
KOS-2026-005461,2026-06-18,19:40,normal_sale,active,Suresh Kadam,Red Label Tea 250g,4,piece,157.13,628.52,116.52,5,0,1715.19,1715.19,0,312.19,upi:1715.19
KOS-2026-005461,2026-06-18,19:40,normal_sale,active,Suresh Kadam,Aashirvaad Atta 5kg,2,piece,303.09,606.18,116.18,5,0,1715.19,1715.19,0,312.19,upi:1715.19
KOS-2026-005460,2026-06-18,19:07,normal_sale,active,Walk-in,Surf Excel Easy Wash 1kg,2,piece,143.99,287.98,51.98,18,0,426.44,426.44,0,87.04,upi:426.44
KOS-2026-005460,2026-06-18,19:07,normal_sale,active,Walk-in,Catch Red Chilli Powder 100g,1,piece,63.05,63.05,15.05,5,0,426.44,426.44,0,87.04,upi:426.44
KOS-2026-005460,2026-06-18,19:07,normal_sale,active,Walk-in,Tata Salt 1kg,1,piece,33.4,33.4,9.4,0,0,426.44,426.44,0,87.04,upi:426.44
KOS-2026-005460,2026-06-18,19:07,normal_sale,active,Walk-in,Britannia Good Day 100g,1,piece,31.73,31.73,6.73,18,0,426.44,426.44,0,87.04,upi:426.44
KOS-2026-005460,2026-06-18,19:07,normal_sale,active,Walk-in,Lemon,2,piece,5.14,10.28,3.88,0,0,426.44,426.44,0,87.04,upi:426.44
KOS-2026-005459,2026-06-18,18:57,normal_sale,active,Walk-in,Rajma (loose),1,kg,145.1,145.1,37.1,0,0,379.8,379.8,0,80.3,upi:379.8
KOS-2026-005459,2026-06-18,18:57,normal_sale,active,Walk-in,Amul Taaza Milk 500ml,1,piece,28,28,3,0,0,379.8,379.8,0,80.3,upi:379.8
KOS-2026-005459,2026-06-18,18:57,normal_sale,active,Walk-in,Onion,0.5,kg,36.44,18.22,6.22,0,0,379.8,379.8,0,80.3,upi:379.8
KOS-2026-005459,2026-06-18,18:57,normal_sale,active,Walk-in,Kurkure Masala Munch 70g,1,piece,20,20,3.5,12,0,379.8,379.8,0,80.3,upi:379.8
KOS-2026-005459,2026-06-18,18:57,normal_sale,active,Walk-in,Fortune Sunflower Oil 1L,1,piece,168.48,168.48,30.48,5,0,379.8,379.8,0,80.3,upi:379.8
KOS-2026-005458,2026-06-18,18:20,normal_sale,active,Walk-in,Sugar (loose),2,kg,49.91,99.82,17.82,5,0,870.84,870.84,0,166.84,upi:870.84
KOS-2026-005458,2026-06-18,18:20,normal_sale,active,Walk-in,Thums Up 750ml,1,piece,41.23,41.23,9.23,28,0,870.84,870.84,0,166.84,upi:870.84
KOS-2026-005458,2026-06-18,18:20,normal_sale,active,Walk-in,Garlic,0.25,kg,156.74,39.19,11.19,0,0,870.84,870.84,0,166.84,upi:870.84
KOS-2026-005458,2026-06-18,18:20,normal_sale,active,Walk-in,Tata Tea Gold 500g,2,piece,323.95,647.9,117.9,5,0,870.84,870.84,0,166.84,upi:870.84
KOS-2026-005458,2026-06-18,18:20,normal_sale,active,Walk-in,Coca-Cola 750ml,1,piece,42.7,42.7,10.7,28,0,870.84,870.84,0,166.84,upi:870.84
KOS-2026-005457,2026-06-18,18:10,normal_sale,active,Hotel Green Leaf,Everest Turmeric 200g,2,piece,79.8,159.6,35.6,5,0,159.6,159,0,35,cash:159
KOS-2026-005456,2026-06-18,17:48,normal_sale,active,Walk-in,Dettol Antiseptic 250ml,1,piece,160.07,160.07,28.07,18,0,212.06,212.06,0,37.96,cash:212.06
KOS-2026-005456,2026-06-18,17:48,normal_sale,active,Walk-in,Sugar (loose),1,kg,49.91,49.91,8.91,5,0,212.06,212.06,0,37.96,cash:212.06
KOS-2026-005456,2026-06-18,17:48,normal_sale,active,Walk-in,Match Box,1,piece,2.08,2.08,0.98,18,0,212.06,212.06,0,37.96,cash:212.06
KOS-2026-005455,2026-06-18,17:46,normal_sale,active,Sneha Kadam,Sona Masoori Rice (loose),0.25,kg,58,14.5,3,0,0,133.5,0,133.5,17,
KOS-2026-005455,2026-06-18,17:46,normal_sale,active,Sneha Kadam,Oreo Biscuit 120g,1,piece,35,35,5,18,0,133.5,0,133.5,17,
KOS-2026-005455,2026-06-18,17:46,normal_sale,active,Sneha Kadam,Amul Taaza Milk 500ml,3,piece,28,84,9,0,0,133.5,0,133.5,17,
KOS-2026-005454,2026-06-18,17:35,normal_sale,active,Ashwini Pawar,Britannia Good Day 100g,1,piece,31.73,31.73,6.73,18,0,205.46,205,0,50.5,cash:205
KOS-2026-005454,2026-06-18,17:35,normal_sale,active,Ashwini Pawar,Maggi Noodles 70g,1,piece,14.55,14.55,3.05,12,0,205.46,205,0,50.5,cash:205
KOS-2026-005454,2026-06-18,17:35,normal_sale,active,Ashwini Pawar,Tomato,1,kg,41.9,41.9,15.9,0,0,205.46,205,0,50.5,cash:205
KOS-2026-005454,2026-06-18,17:35,normal_sale,active,Ashwini Pawar,MDH Garam Masala 100g,1,piece,95.44,95.44,17.44,5,0,205.46,205,0,50.5,cash:205
KOS-2026-005454,2026-06-18,17:35,normal_sale,active,Ashwini Pawar,Reynolds Pen,2,piece,10.92,21.84,7.84,12,0,205.46,205,0,50.5,cash:205
KOS-2026-005453,2026-06-18,17:08,normal_sale,active,Suresh Sharma,Wheat Atta (loose),0.25,kg,42,10.5,2.5,0,0,10.5,10.5,0,2.5,upi:10.5
KOS-2026-005452,2026-06-18,17:05,normal_sale,active,Gurpreet Bhosale,Lays Classic Salted 52g,1,piece,22.47,22.47,5.97,12,17.71,218.55,0,218.55,18.05,
KOS-2026-005452,2026-06-18,17:05,normal_sale,active,Gurpreet Bhosale,Maggi Noodles 8-pack,2,piece,112.52,213.79,29.79,12,17.71,218.55,0,218.55,18.05,
KOS-2026-005451,2026-06-18,15:17,normal_sale,active,Annapurna Mess & Canteen,Britannia Brown Bread,1,piece,52.9,52.9,10.9,0,0,258.95,258.95,0,63.95,cash:258.95
KOS-2026-005451,2026-06-18,15:17,normal_sale,active,Annapurna Mess & Canteen,Rajma (loose),1,kg,145.1,145.1,37.1,0,0,258.95,258.95,0,63.95,cash:258.95
KOS-2026-005451,2026-06-18,15:17,normal_sale,active,Annapurna Mess & Canteen,Tomato,0.5,kg,41.9,20.95,7.95,0,0,258.95,258.95,0,63.95,cash:258.95
KOS-2026-005451,2026-06-18,15:17,normal_sale,active,Annapurna Mess & Canteen,Amul Masti Dahi 400g,1,piece,40,40,8,5,0,258.95,258.95,0,63.95,cash:258.95
KOS-2026-005450,2026-06-18,15:03,normal_sale,active,Walk-in,Kurkure Masala Munch 70g,2,piece,20,40,7,12,0,40,40,0,7,upi:40
KOS-2026-005449,2026-06-18,13:13,normal_sale,active,Walk-in,Sunfeast Dark Fantasy 75g,1,piece,41.68,41.68,7.68,18,0,41.68,41.68,0,7.68,cash:41.68
KOS-2026-005448,2026-06-18,12:52,normal_sale,active,Rohit Salunkhe,Fortune Sunflower Oil 1L,1,piece,168.48,168.48,30.48,5,0,411.17,411,0,87,cash:411
KOS-2026-005448,2026-06-18,12:52,normal_sale,active,Rohit Salunkhe,Parle-G Biscuit 100g,1,piece,10.55,10.55,2.25,18,0,411.17,411,0,87,cash:411
KOS-2026-005448,2026-06-18,12:52,normal_sale,active,Rohit Salunkhe,Wheat Atta (loose),1,kg,42,42,10,0,0,411.17,411,0,87,cash:411
KOS-2026-005448,2026-06-18,12:52,normal_sale,active,Rohit Salunkhe,Farm Eggs,1,piece,8,8,1.8,0,0,411.17,411,0,87,cash:411
KOS-2026-005448,2026-06-18,12:52,normal_sale,active,Rohit Salunkhe,Ginger,0.5,kg,116.02,58.01,19.01,0,0,411.17,411,0,87,cash:411
KOS-2026-005448,2026-06-18,12:52,normal_sale,active,Rohit Salunkhe,Colgate Strong Teeth 200g,1,piece,113.64,113.64,21.64,18,0,411.17,411,0,87,cash:411
KOS-2026-005448,2026-06-18,12:52,normal_sale,active,Rohit Salunkhe,Frooti 200ml,1,piece,10.49,10.49,1.99,12,0,411.17,411,0,87,cash:411
KOS-2026-005447,2026-06-18,12:50,normal_sale,active,Walk-in,Match Box,2,piece,2.08,4.16,1.96,18,0,4.16,4.16,0,1.96,cash:4.16
KOS-2026-005446,2026-06-18,12:24,normal_sale,active,Walk-in,Coca-Cola 750ml,1,piece,42.7,42.7,10.7,28,0,231.63,231.63,0,48.63,upi:231.63
KOS-2026-005446,2026-06-18,12:24,normal_sale,active,Walk-in,Lays Classic Salted 52g,2,piece,22.47,44.94,11.94,12,0,231.63,231.63,0,48.63,upi:231.63
KOS-2026-005446,2026-06-18,12:24,normal_sale,active,Walk-in,Surf Excel Easy Wash 1kg,1,piece,143.99,143.99,25.99,18,0,231.63,231.63,0,48.63,upi:231.63
KOS-2026-005445,2026-06-18,12:09,normal_sale,active,Ashwini Pawar,Garlic,0.5,kg,156.74,78.37,22.37,0,0,1154.26,1154.26,0,254.36,cash:801|upi:353.26
KOS-2026-005445,2026-06-18,12:09,normal_sale,active,Ashwini Pawar,Groundnut / Peanut (loose),2,kg,123.75,247.5,71.5,5,0,1154.26,1154.26,0,254.36,cash:801|upi:353.26
KOS-2026-005445,2026-06-18,12:09,normal_sale,active,Ashwini Pawar,Lemon,2,piece,5.14,10.28,3.88,0,0,1154.26,1154.26,0,254.36,cash:801|upi:353.26
KOS-2026-005445,2026-06-18,12:09,normal_sale,active,Ashwini Pawar,Kurkure Masala Munch 70g,1,piece,20,20,3.5,12,0,1154.26,1154.26,0,254.36,cash:801|upi:353.26
KOS-2026-005445,2026-06-18,12:09,normal_sale,active,Ashwini Pawar,Aashirvaad Atta 5kg,1,piece,303.09,303.09,58.09,5,0,1154.26,1154.26,0,254.36,cash:801|upi:353.26
KOS-2026-005445,2026-06-18,12:09,normal_sale,active,Ashwini Pawar,Coca-Cola 750ml,1,piece,42.7,42.7,10.7,28,0,1154.26,1154.26,0,254.36,cash:801|upi:353.26
KOS-2026-005445,2026-06-18,12:09,normal_sale,active,Ashwini Pawar,Maggi Noodles 8-pack,2,piece,112.52,225.04,41.04,12,0,1154.26,1154.26,0,254.36,cash:801|upi:353.26
KOS-2026-005445,2026-06-18,12:09,normal_sale,active,Ashwini Pawar,Colgate Strong Teeth 200g,2,piece,113.64,227.28,43.28,18,0,1154.26,1154.26,0,254.36,cash:801|upi:353.26
KOS-2026-005444,2026-06-18,12:04,normal_sale,active,Walk-in,Agarbatti Pack (20 sticks),2,piece,31.3,62.6,14.6,12,0,97.39,97,0,19,cash:97
KOS-2026-005444,2026-06-18,12:04,normal_sale,active,Walk-in,Amul Gold Milk 500ml,1,piece,34.79,34.79,4.79,0,0,97.39,97,0,19,cash:97
KOS-2026-005443,2026-06-18,11:42,normal_sale,active,Vaishali Verma,Bingo Mad Angles 66g,8,piece,21.01,168.08,36.08,12,21.18,335.64,335.64,0,52.14,upi:335.64
KOS-2026-005443,2026-06-18,11:42,normal_sale,active,Vaishali Verma,Colgate Strong Teeth 200g,1,piece,113.64,113.64,21.64,18,21.18,335.64,335.64,0,52.14,upi:335.64
KOS-2026-005443,2026-06-18,11:42,normal_sale,active,Vaishali Verma,Maggi Noodles 70g,2,piece,14.55,29.1,6.1,12,21.18,335.64,335.64,0,52.14,upi:335.64
KOS-2026-005443,2026-06-18,11:42,normal_sale,active,Vaishali Verma,AA Battery (2 pc),1,piece,36,36,8,18,21.18,335.64,335.64,0,52.14,upi:335.64
KOS-2026-005443,2026-06-18,11:42,normal_sale,active,Vaishali Verma,5 Star 25g,1,piece,10,10,1.5,18,21.18,335.64,335.64,0,52.14,upi:335.64
EST-2026-000060,2026-06-18,11:18,estimate,active,Sai Snacks Corner,Sprite 750ml,3,piece,40,120,24,28,0,220.83,220.83,0,49.33,cash:220.83
EST-2026-000060,2026-06-18,11:18,estimate,active,Sai Snacks Corner,Toor Dal (loose),0.5,kg,161.66,80.83,21.83,0,0,220.83,220.83,0,49.33,cash:220.83
EST-2026-000060,2026-06-18,11:18,estimate,active,Sai Snacks Corner,Kurkure Masala Munch 70g,1,piece,20,20,3.5,12,0,220.83,220.83,0,49.33,cash:220.83
KOS-2026-005442,2026-06-18,10:40,normal_sale,active,Walk-in,Candle Pack (6 pc),1,piece,42,42,10,12,0,937.32,937.32,0,209.62,upi:937.32
KOS-2026-005442,2026-06-18,10:40,normal_sale,active,Walk-in,Red Label Tea 250g,1,piece,157.13,157.13,29.13,5,0,937.32,937.32,0,209.62,upi:937.32
KOS-2026-005442,2026-06-18,10:40,normal_sale,active,Walk-in,Catch Red Chilli Powder 100g,3,piece,63.05,189.15,45.15,5,0,937.32,937.32,0,209.62,upi:937.32
KOS-2026-005442,2026-06-18,10:40,normal_sale,active,Walk-in,Match Box,2,piece,2.08,4.16,1.96,18,0,937.32,937.32,0,209.62,upi:937.32
KOS-2026-005442,2026-06-18,10:40,normal_sale,active,Walk-in,Sugar (loose),0.5,kg,49.91,24.96,4.46,5,0,937.32,937.32,0,209.62,upi:937.32
KOS-2026-005442,2026-06-18,10:40,normal_sale,active,Walk-in,Odonil Air Freshener 50g,1,piece,82.19,82.19,20.19,18,0,937.32,937.32,0,209.62,upi:937.32
KOS-2026-005442,2026-06-18,10:40,normal_sale,active,Walk-in,Onion,0.5,kg,36.44,18.22,6.22,0,0,937.32,937.32,0,209.62,upi:937.32
KOS-2026-005442,2026-06-18,10:40,normal_sale,active,Walk-in,Bisleri Water 1L,3,piece,20,60,21,18,0,937.32,937.32,0,209.62,upi:937.32
KOS-2026-005442,2026-06-18,10:40,normal_sale,active,Walk-in,Moong Dal (loose),0.25,kg,130.61,32.65,8.65,0,0,937.32,937.32,0,209.62,upi:937.32
KOS-2026-005442,2026-06-18,10:40,normal_sale,active,Walk-in,Ariel Detergent 1kg,2,piece,163.43,326.86,62.86,18,0,937.32,937.32,0,209.62,upi:937.32
KOS-2026-005441,2026-06-18,08:02,normal_sale,active,Walk-in,Britannia Marie Gold 250g,1,piece,41.48,41.48,8.48,18,0,346.58,346.58,0,77.58,cash:346.58
KOS-2026-005441,2026-06-18,08:02,normal_sale,active,Walk-in,Rajma (loose),1,kg,145.1,145.1,37.1,0,0,346.58,346.58,0,77.58,cash:346.58
KOS-2026-005441,2026-06-18,08:02,normal_sale,active,Walk-in,Amul Masti Dahi 400g,4,piece,40,160,32,5,0,346.58,346.58,0,77.58,cash:346.58
KOS-2026-005440,2026-06-17,21:49,normal_sale,active,Rekha Salunkhe,Lemon,1,piece,5.14,5.14,1.94,0,0,36.64,36.64,0,12.14,cash:36.64
KOS-2026-005440,2026-06-17,21:49,normal_sale,active,Rekha Salunkhe,Tomato,0.5,kg,41.9,20.95,7.95,0,0,36.64,36.64,0,12.14,cash:36.64
KOS-2026-005440,2026-06-17,21:49,normal_sale,active,Rekha Salunkhe,Parle-G Biscuit 100g,1,piece,10.55,10.55,2.25,18,0,36.64,36.64,0,12.14,cash:36.64
KOS-2026-005439,2026-06-17,21:19,normal_sale,active,Vikram Verma,Lemon,2,piece,5.14,10.28,3.88,0,39.04,106.68,106.68,0,-11.72,cash:106.68
KOS-2026-005439,2026-06-17,21:19,normal_sale,active,Vikram Verma,MDH Garam Masala 100g,1,piece,95.44,95.44,17.44,5,39.04,106.68,106.68,0,-11.72,cash:106.68
KOS-2026-005439,2026-06-17,21:19,normal_sale,active,Vikram Verma,Dairy Milk 50g,1,piece,40,40,6,18,39.04,106.68,106.68,0,-11.72,cash:106.68
KOS-2026-005438,2026-06-17,21:10,normal_sale,active,Walk-in,Britannia Good Day 100g,1,piece,31.73,31.73,6.73,18,0,351.87,351.87,0,62.87,upi:351.87
KOS-2026-005438,2026-06-17,21:10,normal_sale,active,Walk-in,Dettol Antiseptic 250ml,2,piece,160.07,320.14,56.14,18,0,351.87,351.87,0,62.87,upi:351.87
KOS-2026-005437,2026-06-17,20:09,normal_sale,active,Walk-in,Poha (loose),1,kg,56,56,14,5,0,96.42,96.42,0,24.92,cash:96.42
KOS-2026-005437,2026-06-17,20:09,normal_sale,active,Walk-in,Toor Dal (loose),0.25,kg,161.66,40.42,10.92,0,0,96.42,96.42,0,24.92,cash:96.42
KOS-2026-005436,2026-06-17,19:26,normal_sale,active,Walk-in,Tomato,0.25,kg,41.9,10.48,3.98,0,0,623.73,623.73,0,102.93,upi:623.73
KOS-2026-005436,2026-06-17,19:26,normal_sale,active,Walk-in,Mother Dairy Paneer 200g,3,piece,105,315,51,5,0,623.73,623.73,0,102.93,upi:623.73
KOS-2026-005436,2026-06-17,19:26,normal_sale,active,Walk-in,Coca-Cola 750ml,1,piece,42.7,42.7,10.7,28,0,623.73,623.73,0,102.93,upi:623.73
KOS-2026-005436,2026-06-17,19:26,normal_sale,active,Walk-in,Parle-G Biscuit 100g,1,piece,10.55,10.55,2.25,18,0,623.73,623.73,0,102.93,upi:623.73
KOS-2026-005436,2026-06-17,19:26,normal_sale,active,Walk-in,Harpic Toilet Cleaner 500ml,1,piece,105,105,17,18,0,623.73,623.73,0,102.93,upi:623.73
KOS-2026-005436,2026-06-17,19:26,normal_sale,active,Walk-in,Amul Cheese Slices 200g,1,piece,140,140,18,12,0,623.73,623.73,0,102.93,upi:623.73
KOS-2026-005435,2026-06-17,19:07,normal_sale,active,Walk-in,Dairy Milk 50g,2,piece,40,80,12,18,0,346.45,346.45,0,74.45,cash:346.45
KOS-2026-005435,2026-06-17,19:07,normal_sale,active,Walk-in,Lifebuoy Soap 125g,1,piece,35.94,35.94,7.94,18,0,346.45,346.45,0,74.45,cash:346.45
KOS-2026-005435,2026-06-17,19:07,normal_sale,active,Walk-in,Sprite 750ml,1,piece,40,40,8,28,0,346.45,346.45,0,74.45,cash:346.45
KOS-2026-005435,2026-06-17,19:07,normal_sale,active,Walk-in,Moong Dal (loose),0.5,kg,130.61,65.31,17.31,0,0,346.45,346.45,0,74.45,cash:346.45
KOS-2026-005435,2026-06-17,19:07,normal_sale,active,Walk-in,Agarbatti Pack (20 sticks),4,piece,31.3,125.2,29.2,12,0,346.45,346.45,0,74.45,cash:346.45
KOS-2026-005434,2026-06-17,18:23,normal_sale,active,Walk-in,Britannia Brown Bread,1,piece,52.9,52.9,10.9,0,0,71.12,71.12,0,17.12,cash:71.12
KOS-2026-005434,2026-06-17,18:23,normal_sale,active,Walk-in,Onion,0.5,kg,36.44,18.22,6.22,0,0,71.12,71.12,0,17.12,cash:71.12
KOS-2026-005433,2026-06-17,18:16,normal_sale,active,Walk-in,Haldiram Bhujia 200g,2,piece,57.46,114.92,24.92,12,0,384.44,384,0,77.5,cash:384
KOS-2026-005433,2026-06-17,18:16,normal_sale,active,Walk-in,Parachute Coconut Oil 200ml,1,piece,104.47,104.47,22.47,18,0,384.44,384,0,77.5,cash:384
KOS-2026-005433,2026-06-17,18:16,normal_sale,active,Walk-in,Wheat Atta (loose),0.25,kg,42,10.5,2.5,0,0,384.44,384,0,77.5,cash:384
KOS-2026-005433,2026-06-17,18:16,normal_sale,active,Walk-in,Maggi Noodles 70g,1,piece,14.55,14.55,3.05,12,0,384.44,384,0,77.5,cash:384
KOS-2026-005433,2026-06-17,18:16,normal_sale,active,Walk-in,Dairy Milk 50g,3,piece,40,120,18,18,0,384.44,384,0,77.5,cash:384
KOS-2026-005433,2026-06-17,18:16,normal_sale,active,Walk-in,Bisleri Water 1L,1,piece,20,20,7,18,0,384.44,384,0,77.5,cash:384
KOS-2026-005432,2026-06-17,17:55,normal_sale,active,Jyoti Rane,Amul Taaza Milk 500ml,2,piece,28,56,6,0,38.38,27.9,27.9,0,-28.5,cash:27.9
KOS-2026-005432,2026-06-17,17:55,normal_sale,active,Jyoti Rane,Lemon,2,piece,5.14,10.28,3.88,0,38.38,27.9,27.9,0,-28.5,cash:27.9
KOS-2026-005431,2026-06-17,17:30,normal_sale,active,Gurpreet Bhosale,MDH Garam Masala 100g,1,piece,95.44,95.44,17.44,5,0,845.48,845.48,0,189.38,upi:845.48
KOS-2026-005431,2026-06-17,17:30,normal_sale,active,Gurpreet Bhosale,Ariel Detergent 1kg,1,piece,163.43,163.43,31.43,18,0,845.48,845.48,0,189.38,upi:845.48
KOS-2026-005431,2026-06-17,17:30,normal_sale,active,Gurpreet Bhosale,Match Box,1,piece,2.08,2.08,0.98,18,0,845.48,845.48,0,189.38,upi:845.48
KOS-2026-005431,2026-06-17,17:30,normal_sale,active,Gurpreet Bhosale,Dairy Milk 50g,1,piece,40,40,6,18,0,845.48,845.48,0,189.38,upi:845.48
KOS-2026-005431,2026-06-17,17:30,normal_sale,active,Gurpreet Bhosale,Wheat Atta (loose),5,kg,42,210,50,0,0,845.48,845.48,0,189.38,upi:845.48
KOS-2026-005431,2026-06-17,17:30,normal_sale,active,Gurpreet Bhosale,Agarbatti Pack (20 sticks),3,piece,31.3,93.9,21.9,12,0,845.48,845.48,0,189.38,upi:845.48
KOS-2026-005431,2026-06-17,17:30,normal_sale,active,Gurpreet Bhosale,Amul Masti Dahi 400g,1,piece,40,40,8,5,0,845.48,845.48,0,189.38,upi:845.48
KOS-2026-005431,2026-06-17,17:30,normal_sale,active,Gurpreet Bhosale,Lays Classic Salted 52g,2,piece,22.47,44.94,11.94,12,0,845.48,845.48,0,189.38,upi:845.48
KOS-2026-005431,2026-06-17,17:30,normal_sale,active,Gurpreet Bhosale,Lux Soap 100g,1,piece,40.33,40.33,10.33,18,0,845.48,845.48,0,189.38,upi:845.48
KOS-2026-005431,2026-06-17,17:30,normal_sale,active,Gurpreet Bhosale,Classmate Notebook 172pg,2,piece,57.68,115.36,31.36,12,0,845.48,845.48,0,189.38,upi:845.48
KOS-2026-005430,2026-06-17,17:29,normal_sale,active,Walk-in,Red Label Tea 250g,1,piece,157.13,157.13,29.13,5,0,266.71,266.71,0,46.71,upi:266.71
KOS-2026-005430,2026-06-17,17:29,normal_sale,active,Walk-in,Amul Gold Milk 500ml,2,piece,34.79,69.58,9.58,0,0,266.71,266.71,0,46.71,upi:266.71
KOS-2026-005430,2026-06-17,17:29,normal_sale,active,Walk-in,Sprite 750ml,1,piece,40,40,8,28,0,266.71,266.71,0,46.71,upi:266.71
KOS-2026-005429,2026-06-17,17:27,normal_sale,active,Harshada Khan,Tata Salt 1kg,1,piece,33.4,33.4,9.4,0,0,167.27,167.27,0,45.27,cash:167.27
KOS-2026-005429,2026-06-17,17:27,normal_sale,active,Harshada Khan,Good Knight Refill 45ml,1,piece,91.97,91.97,19.97,18,0,167.27,167.27,0,45.27,cash:167.27
KOS-2026-005429,2026-06-17,17:27,normal_sale,active,Harshada Khan,Tomato,1,kg,41.9,41.9,15.9,0,0,167.27,167.27,0,45.27,cash:167.27
KOS-2026-005428,2026-06-17,17:05,normal_sale,active,Walk-in,Sprite 750ml,1,piece,40,40,8,28,0,256.19,256,0,68,cash:256
KOS-2026-005428,2026-06-17,17:05,normal_sale,active,Walk-in,Onion,0.5,kg,36.44,18.22,6.22,0,0,256.19,256,0,68,cash:256
KOS-2026-005428,2026-06-17,17:05,normal_sale,active,Walk-in,Garlic,1,kg,156.74,156.74,44.74,0,0,256.19,256,0,68,cash:256
KOS-2026-005428,2026-06-17,17:05,normal_sale,active,Walk-in,Thums Up 750ml,1,piece,41.23,41.23,9.23,28,0,256.19,256,0,68,cash:256
KOS-2026-005427,2026-06-17,15:24,normal_sale,active,Walk-in,Dettol Antiseptic 250ml,1,piece,160.07,160.07,28.07,18,0,532.82,532.82,0,98.82,cash:241|upi:291.82
KOS-2026-005427,2026-06-17,15:24,normal_sale,active,Walk-in,Lifebuoy Soap 125g,1,piece,35.94,35.94,7.94,18,0,532.82,532.82,0,98.82,cash:241|upi:291.82
KOS-2026-005427,2026-06-17,15:24,normal_sale,active,Walk-in,Amul Gold Milk 500ml,2,piece,34.79,69.58,9.58,0,0,532.82,532.82,0,98.82,cash:241|upi:291.82
KOS-2026-005427,2026-06-17,15:24,normal_sale,active,Walk-in,Yippee Noodles 70g,2,piece,14,28,6,12,0,532.82,532.82,0,98.82,cash:241|upi:291.82
KOS-2026-005427,2026-06-17,15:24,normal_sale,active,Walk-in,Surf Excel Easy Wash 1kg,1,piece,143.99,143.99,25.99,18,0,532.82,532.82,0,98.82,cash:241|upi:291.82
KOS-2026-005427,2026-06-17,15:24,normal_sale,active,Walk-in,Chana Dal (loose),1,kg,95.24,95.24,21.24,0,0,532.82,532.82,0,98.82,cash:241|upi:291.82
KOS-2026-005426,2026-06-17,12:50,normal_sale,active,Maria Pawar,Good Knight Refill 45ml,1,piece,91.97,91.97,19.97,18,0,102.45,102.45,0,23.95,upi:102.45
KOS-2026-005426,2026-06-17,12:50,normal_sale,active,Maria Pawar,Tomato,0.25,kg,41.9,10.48,3.98,0,0,102.45,102.45,0,23.95,upi:102.45
KOS-2026-005425,2026-06-17,12:49,normal_sale,active,Walk-in,Frooti 200ml,1,piece,10.49,10.49,1.99,12,0,956.4,956.4,0,210.4,cash:956.4
KOS-2026-005425,2026-06-17,12:49,normal_sale,active,Walk-in,Parachute Coconut Oil 200ml,3,piece,104.47,313.41,67.41,18,0,956.4,956.4,0,210.4,cash:956.4
KOS-2026-005425,2026-06-17,12:49,normal_sale,active,Walk-in,Lux Soap 100g,2,piece,40.33,80.66,20.66,18,0,956.4,956.4,0,210.4,cash:956.4
KOS-2026-005425,2026-06-17,12:49,normal_sale,active,Walk-in,Saffola Gold Oil 1L,1,piece,203.57,203.57,38.57,5,0,956.4,956.4,0,210.4,cash:956.4
KOS-2026-005425,2026-06-17,12:49,normal_sale,active,Walk-in,Classmate Notebook 172pg,1,piece,57.68,57.68,15.68,12,0,956.4,956.4,0,210.4,cash:956.4
KOS-2026-005425,2026-06-17,12:49,normal_sale,active,Walk-in,Maggi Noodles 70g,2,piece,14.55,29.1,6.1,12,0,956.4,956.4,0,210.4,cash:956.4
KOS-2026-005425,2026-06-17,12:49,normal_sale,active,Walk-in,Vim Dishwash Bar 200g,2,piece,21.09,42.18,10.18,18,0,956.4,956.4,0,210.4,cash:956.4
KOS-2026-005425,2026-06-17,12:49,normal_sale,active,Walk-in,Amul Masti Dahi 400g,1,piece,40,40,8,5,0,956.4,956.4,0,210.4,cash:956.4
KOS-2026-005425,2026-06-17,12:49,normal_sale,active,Walk-in,Wheat Atta (loose),0.25,kg,42,10.5,2.5,0,0,956.4,956.4,0,210.4,cash:956.4
KOS-2026-005425,2026-06-17,12:49,normal_sale,active,Walk-in,Tomato,0.25,kg,41.9,10.48,3.98,0,0,956.4,956.4,0,210.4,cash:956.4
KOS-2026-005425,2026-06-17,12:49,normal_sale,active,Walk-in,Besan (loose),0.5,kg,105.06,52.53,13.53,5,0,956.4,956.4,0,210.4,cash:956.4
KOS-2026-005425,2026-06-17,12:49,normal_sale,active,Walk-in,Britannia Brown Bread,2,piece,52.9,105.8,21.8,0,0,956.4,956.4,0,210.4,cash:956.4
KOS-2026-005424,2026-06-17,11:52,normal_sale,active,Suresh Kadam,Britannia Good Day 100g,1,piece,31.73,31.73,6.73,18,21.68,10.05,10.05,0,-14.95,upi:10.05
KOS-2026-005423,2026-06-17,11:36,normal_sale,active,Priya Sharma,Parle-G Biscuit 100g,3,piece,10.55,31.65,6.75,18,0,490.82,490.82,0,94.22,cash:490.82
KOS-2026-005423,2026-06-17,11:36,normal_sale,active,Priya Sharma,Fortune Sunflower Oil 1L,1,piece,168.48,168.48,30.48,5,0,490.82,490.82,0,94.22,cash:490.82
KOS-2026-005423,2026-06-17,11:36,normal_sale,active,Priya Sharma,Lemon,1,piece,5.14,5.14,1.94,0,0,490.82,490.82,0,94.22,cash:490.82
KOS-2026-005423,2026-06-17,11:36,normal_sale,active,Priya Sharma,Amul Masti Dahi 400g,3,piece,40,120,24,5,0,490.82,490.82,0,94.22,cash:490.82
KOS-2026-005423,2026-06-17,11:36,normal_sale,active,Priya Sharma,Potato,1,kg,26,26,8,0,0,490.82,490.82,0,94.22,cash:490.82
KOS-2026-005423,2026-06-17,11:36,normal_sale,active,Priya Sharma,Maggi Noodles 70g,1,piece,14.55,14.55,3.05,12,0,490.82,490.82,0,94.22,cash:490.82
KOS-2026-005423,2026-06-17,11:36,normal_sale,active,Priya Sharma,Lizol Floor Cleaner 500ml,1,piece,125,125,20,18,0,490.82,490.82,0,94.22,cash:490.82
KOS-2026-005422,2026-06-17,11:11,normal_sale,active,Walk-in,Kurkure Masala Munch 70g,2,piece,20,40,7,12,0,427.73,427.73,0,80.23,upi:427.73
KOS-2026-005422,2026-06-17,11:11,normal_sale,active,Walk-in,Amul Masti Dahi 400g,1,piece,40,40,8,5,0,427.73,427.73,0,80.23,upi:427.73
KOS-2026-005422,2026-06-17,11:11,normal_sale,active,Walk-in,Chana Dal (loose),0.25,kg,95.24,23.81,5.31,0,0,427.73,427.73,0,80.23,upi:427.73
KOS-2026-005422,2026-06-17,11:11,normal_sale,active,Walk-in,Surf Excel Easy Wash 1kg,2,piece,143.99,287.98,51.98,18,0,427.73,427.73,0,80.23,upi:427.73
KOS-2026-005422,2026-06-17,11:11,normal_sale,active,Walk-in,Lifebuoy Soap 125g,1,piece,35.94,35.94,7.94,18,0,427.73,427.73,0,80.23,upi:427.73
KOS-2026-005421,2026-06-17,11:04,normal_sale,active,Priya Sharma,Parle-G Biscuit 100g,1,piece,10.55,10.55,2.25,18,0,12.63,12,0,2.6,cash:12
KOS-2026-005421,2026-06-17,11:04,normal_sale,active,Priya Sharma,Match Box,1,piece,2.08,2.08,0.98,18,0,12.63,12,0,2.6,cash:12
KOS-2026-005420,2026-06-17,10:16,normal_sale,active,Shalini Joshi,Amul Ghee 500ml,1,piece,369.67,369.67,54.67,12,0,369.67,369.67,0,54.67,cash:369.67
KOS-2026-005419,2026-06-17,10:04,normal_sale,active,Walk-in,Toor Dal (loose),2,kg,161.66,323.32,87.32,0,0,450.22,450.22,0,116.72,upi:450.22
KOS-2026-005419,2026-06-17,10:04,normal_sale,active,Walk-in,Gillette Guard Razor,1,piece,35.93,35.93,7.93,18,0,450.22,450.22,0,116.72,upi:450.22
KOS-2026-005419,2026-06-17,10:04,normal_sale,active,Walk-in,Onion,0.5,kg,36.44,18.22,6.22,0,0,450.22,450.22,0,116.72,upi:450.22
KOS-2026-005419,2026-06-17,10:04,normal_sale,active,Walk-in,Maggi Noodles 70g,5,piece,14.55,72.75,15.25,12,0,450.22,450.22,0,116.72,upi:450.22
KOS-2026-005418,2026-06-17,10:01,normal_sale,active,Walk-in,Dhara Mustard Oil 1L,2,piece,181.11,362.22,58.22,5,0,362.22,362.22,0,58.22,upi:362.22
KOS-2026-005417,2026-06-17,09:56,normal_sale,active,Walk-in,Tata Salt 1kg,1,piece,33.4,33.4,9.4,0,0,481.77,481,0,94,cash:481
KOS-2026-005417,2026-06-17,09:56,normal_sale,active,Walk-in,Sona Masoori Rice (loose),0.5,kg,58,29,6,0,0,481.77,481,0,94,cash:481
KOS-2026-005417,2026-06-17,09:56,normal_sale,active,Walk-in,Amul Masti Dahi 400g,1,piece,40,40,8,5,0,481.77,481,0,94,cash:481
KOS-2026-005417,2026-06-17,09:56,normal_sale,active,Walk-in,Frooti 200ml,3,piece,10.49,31.47,5.97,12,0,481.77,481,0,94,cash:481
KOS-2026-005417,2026-06-17,09:56,normal_sale,active,Walk-in,Thums Up 750ml,1,piece,41.23,41.23,9.23,28,0,481.77,481,0,94,cash:481
KOS-2026-005417,2026-06-17,09:56,normal_sale,active,Walk-in,MDH Garam Masala 100g,2,piece,95.44,190.88,34.88,5,0,481.77,481,0,94,cash:481
KOS-2026-005417,2026-06-17,09:56,normal_sale,active,Walk-in,Close Up Red 150g,1,piece,95.79,95.79,17.79,18,0,481.77,481,0,94,cash:481
KOS-2026-005417,2026-06-17,09:56,normal_sale,active,Walk-in,Kurkure Masala Munch 70g,1,piece,20,20,3.5,12,0,481.77,481,0,94,cash:481
KOS-2026-005416,2026-06-17,09:51,normal_sale,active,Walk-in,Sona Masoori Rice (loose),1,kg,58,58,12,0,0,91.4,91.4,0,21.4,cash:91.4
KOS-2026-005416,2026-06-17,09:51,normal_sale,active,Walk-in,Tata Salt 1kg,1,piece,33.4,33.4,9.4,0,0,91.4,91.4,0,21.4,cash:91.4
KOS-2026-005415,2026-06-17,09:45,normal_sale,active,Walk-in,Lifebuoy Soap 125g,2,piece,35.94,71.88,15.88,18,0,331.54,331.54,0,67.54,upi:331.54
KOS-2026-005415,2026-06-17,09:45,normal_sale,active,Walk-in,Maggi Noodles 8-pack,1,piece,112.52,112.52,20.52,12,0,331.54,331.54,0,67.54,upi:331.54
KOS-2026-005415,2026-06-17,09:45,normal_sale,active,Walk-in,Sunfeast Dark Fantasy 75g,1,piece,41.68,41.68,7.68,18,0,331.54,331.54,0,67.54,upi:331.54
KOS-2026-005415,2026-06-17,09:45,normal_sale,active,Walk-in,Candle Pack (6 pc),1,piece,42,42,10,12,0,331.54,331.54,0,67.54,upi:331.54
KOS-2026-005415,2026-06-17,09:45,normal_sale,active,Walk-in,Britannia Good Day 100g,2,piece,31.73,63.46,13.46,18,0,331.54,331.54,0,67.54,upi:331.54
KOS-2026-005414,2026-06-17,09:30,normal_sale,active,Arun Salunkhe,Toor Dal (loose),0.25,kg,161.66,40.42,10.92,0,21.7,666.29,666.29,0,116.49,cash:666.29
KOS-2026-005414,2026-06-17,09:30,normal_sale,active,Arun Salunkhe,Aashirvaad Atta 5kg,1,piece,303.09,303.09,58.09,5,21.7,666.29,666.29,0,116.49,cash:666.29
KOS-2026-005414,2026-06-17,09:30,normal_sale,active,Arun Salunkhe,Potato,0.5,kg,26,13,4,0,21.7,666.29,666.29,0,116.49,cash:666.29
KOS-2026-005414,2026-06-17,09:30,normal_sale,active,Arun Salunkhe,Nescafe Classic 50g,1,piece,206.38,206.38,38.38,18,21.7,666.29,666.29,0,116.49,cash:666.29
KOS-2026-005414,2026-06-17,09:30,normal_sale,active,Arun Salunkhe,Frooti 200ml,1,piece,10.49,10.49,1.99,12,21.7,666.29,666.29,0,116.49,cash:666.29
KOS-2026-005414,2026-06-17,09:30,normal_sale,active,Arun Salunkhe,Lays Classic Salted 52g,1,piece,22.47,22.47,5.97,12,21.7,666.29,666.29,0,116.49,cash:666.29
KOS-2026-005414,2026-06-17,09:30,normal_sale,active,Arun Salunkhe,Amul Masti Dahi 400g,1,piece,40,40,8,5,21.7,666.29,666.29,0,116.49,cash:666.29
KOS-2026-005414,2026-06-17,09:30,normal_sale,active,Arun Salunkhe,Center Fresh Gum (jar pc),2,piece,1.02,2.04,0.34,18,21.7,666.29,666.29,0,116.49,cash:666.29
KOS-2026-005414,2026-06-17,09:30,normal_sale,active,Arun Salunkhe,Parle-G Biscuit 100g,2,piece,10.55,21.1,4.5,18,21.7,666.29,666.29,0,116.49,cash:666.29
KOS-2026-005414,2026-06-17,09:30,normal_sale,active,Arun Salunkhe,Sona Masoori Rice (loose),0.5,kg,58,29,6,0,21.7,666.29,666.29,0,116.49,cash:666.29
KOS-2026-005413,2026-06-17,09:27,normal_sale,active,Walk-in,Reynolds Pen,2,piece,10.92,21.84,7.84,12,0,115.39,115,0,20.7,cash:115
KOS-2026-005413,2026-06-17,09:27,normal_sale,active,Walk-in,5 Star 25g,2,piece,10,20,3,18,0,115.39,115,0,20.7,cash:115
KOS-2026-005413,2026-06-17,09:27,normal_sale,active,Walk-in,Oreo Biscuit 120g,1,piece,35,35,5,18,0,115.39,115,0,20.7,cash:115
KOS-2026-005413,2026-06-17,09:27,normal_sale,active,Walk-in,Amul Taaza Milk 500ml,1,piece,28,28,3,0,0,115.39,115,0,20.7,cash:115
KOS-2026-005413,2026-06-17,09:27,normal_sale,active,Walk-in,Parle-G Biscuit 100g,1,piece,10.55,10.55,2.25,18,0,115.39,115,0,20.7,cash:115
KOS-2026-005412,2026-06-17,09:12,normal_sale,active,Meena Rane,Coca-Cola 750ml,2,piece,42.7,85.4,21.4,28,0,312.49,156,156.49,58.14,upi:156
KOS-2026-005412,2026-06-17,09:12,normal_sale,active,Meena Rane,Center Fresh Gum (jar pc),1,piece,1.02,1.02,0.17,18,0,312.49,156,156.49,58.14,upi:156
KOS-2026-005412,2026-06-17,09:12,normal_sale,active,Meena Rane,5 Star 25g,2,piece,10,20,3,18,0,312.49,156,156.49,58.14,upi:156
KOS-2026-005412,2026-06-17,09:12,normal_sale,active,Meena Rane,Dhara Mustard Oil 1L,1,piece,181.11,181.11,29.11,5,0,312.49,156,156.49,58.14,upi:156
KOS-2026-005412,2026-06-17,09:12,normal_sale,active,Meena Rane,Sugar (loose),0.5,kg,49.91,24.96,4.46,5,0,312.49,156,156.49,58.14,upi:156
KOS-2026-005411,2026-06-17,08:57,normal_sale,active,Walk-in,Tata Salt 1kg,3,piece,33.4,100.2,28.2,0,0,134.99,134.99,0,32.99,upi:134.99
KOS-2026-005411,2026-06-17,08:57,normal_sale,active,Walk-in,Amul Gold Milk 500ml,1,piece,34.79,34.79,4.79,0,0,134.99,134.99,0,32.99,upi:134.99
KOS-2026-005410,2026-06-17,08:41,normal_sale,active,Walk-in,Chana Dal (loose),2,kg,95.24,190.48,42.48,0,0,622.76,622.76,0,124.76,upi:622.76
KOS-2026-005410,2026-06-17,08:41,normal_sale,active,Walk-in,Amul Taaza Milk 500ml,1,piece,28,28,3,0,0,622.76,622.76,0,124.76,upi:622.76
KOS-2026-005410,2026-06-17,08:41,normal_sale,active,Walk-in,Lifebuoy Soap 125g,1,piece,35.94,35.94,7.94,18,0,622.76,622.76,0,124.76,upi:622.76
KOS-2026-005410,2026-06-17,08:41,normal_sale,active,Walk-in,Ariel Detergent 1kg,2,piece,163.43,326.86,62.86,18,0,622.76,622.76,0,124.76,upi:622.76
KOS-2026-005410,2026-06-17,08:41,normal_sale,active,Walk-in,Britannia Marie Gold 250g,1,piece,41.48,41.48,8.48,18,0,622.76,622.76,0,124.76,upi:622.76
KOS-2026-005408,2026-06-17,08:19,normal_sale,active,Imran Singh,Sprite 750ml,1,piece,40,40,8,28,0,40,40,0,8,cash:40
KOS-2026-005409,2026-06-17,08:19,normal_sale,active,Walk-in,Wheat Atta (loose),1,kg,42,42,10,0,0,42,42,0,10,upi:42
KOS-2026-005407,2026-06-16,21:51,normal_sale,active,Suresh Verma,Thums Up 750ml,1,piece,41.23,41.23,9.23,28,16.7,24.53,0,24.53,-7.47,
KOS-2026-005406,2026-06-16,21:49,normal_sale,active,Walk-in,Sugar (loose),0.5,kg,49.91,24.96,4.46,5,0,389.67,389.67,0,74.17,upi:389.67
KOS-2026-005406,2026-06-16,21:49,normal_sale,active,Walk-in,Maggi Noodles 70g,1,piece,14.55,14.55,3.05,12,0,389.67,389.67,0,74.17,upi:389.67
KOS-2026-005406,2026-06-16,21:49,normal_sale,active,Walk-in,Onion,1,kg,36.44,36.44,12.44,0,0,389.67,389.67,0,74.17,upi:389.67
KOS-2026-005406,2026-06-16,21:49,normal_sale,active,Walk-in,Frooti 200ml,9,piece,10.49,94.41,17.91,12,0,389.67,389.67,0,74.17,upi:389.67
KOS-2026-005406,2026-06-16,21:49,normal_sale,active,Walk-in,Lays Classic Salted 52g,2,piece,22.47,44.94,11.94,12,0,389.67,389.67,0,74.17,upi:389.67
KOS-2026-005406,2026-06-16,21:49,normal_sale,active,Walk-in,Oreo Biscuit 120g,2,piece,35,70,10,18,0,389.67,389.67,0,74.17,upi:389.67
KOS-2026-005406,2026-06-16,21:49,normal_sale,active,Walk-in,Amul Gold Milk 500ml,3,piece,34.79,104.37,14.37,0,0,389.67,389.67,0,74.17,upi:389.67
KOS-2026-005405,2026-06-16,20:46,normal_sale,active,Walk-in,Frooti 200ml,1,piece,10.49,10.49,1.99,12,0,604.06,604,0,114.9,cash:604
KOS-2026-005405,2026-06-16,20:46,normal_sale,active,Walk-in,Britannia Good Day 100g,2,piece,31.73,63.46,13.46,18,0,604.06,604,0,114.9,cash:604
KOS-2026-005405,2026-06-16,20:46,normal_sale,active,Walk-in,Match Box,1,piece,2.08,2.08,0.98,18,0,604.06,604,0,114.9,cash:604
KOS-2026-005405,2026-06-16,20:46,normal_sale,active,Walk-in,Sugar (loose),1,kg,49.91,49.91,8.91,5,0,604.06,604,0,114.9,cash:604
KOS-2026-005405,2026-06-16,20:46,normal_sale,active,Walk-in,Maggi Noodles 70g,2,piece,14.55,29.1,6.1,12,0,604.06,604,0,114.9,cash:604
KOS-2026-005405,2026-06-16,20:46,normal_sale,active,Walk-in,Saffola Gold Oil 1L,1,piece,203.57,203.57,38.57,5,0,604.06,604,0,114.9,cash:604
KOS-2026-005405,2026-06-16,20:46,normal_sale,active,Walk-in,Harpic Toilet Cleaner 500ml,2,piece,105,210,34,18,0,604.06,604,0,114.9,cash:604
KOS-2026-005405,2026-06-16,20:46,normal_sale,active,Walk-in,Tomato,0.5,kg,41.9,20.95,7.95,0,0,604.06,604,0,114.9,cash:604
KOS-2026-005405,2026-06-16,20:46,normal_sale,active,Walk-in,Sona Masoori Rice (loose),0.25,kg,58,14.5,3,0,0,604.06,604,0,114.9,cash:604
KOS-2026-005404,2026-06-16,20:43,normal_sale,active,Ashwini Salunkhe,KitKat 4-finger,1,piece,21.23,21.23,4.23,18,0,248.92,248.92,0,49.92,upi:248.92
KOS-2026-005404,2026-06-16,20:43,normal_sale,active,Ashwini Salunkhe,Mustard Oil (loose),0.5,l,167.39,83.7,19.7,5,0,248.92,248.92,0,49.92,upi:248.92
KOS-2026-005404,2026-06-16,20:43,normal_sale,active,Ashwini Salunkhe,Surf Excel Easy Wash 1kg,1,piece,143.99,143.99,25.99,18,0,248.92,248.92,0,49.92,upi:248.92
KOS-2026-005403,2026-06-16,20:14,normal_sale,active,Walk-in,Britannia Brown Bread,1,piece,52.9,52.9,10.9,0,0,561.91,561,0,111,cash:561
KOS-2026-005403,2026-06-16,20:14,normal_sale,active,Walk-in,Haldiram Bhujia 200g,1,piece,57.46,57.46,12.46,12,0,561.91,561,0,111,cash:561
KOS-2026-005403,2026-06-16,20:14,normal_sale,active,Walk-in,KitKat 4-finger,1,piece,21.23,21.23,4.23,18,0,561.91,561,0,111,cash:561
KOS-2026-005403,2026-06-16,20:14,normal_sale,active,Walk-in,Britannia Good Day 100g,2,piece,31.73,63.46,13.46,18,0,561.91,561,0,111,cash:561
KOS-2026-005403,2026-06-16,20:14,normal_sale,active,Walk-in,Amul Masti Dahi 400g,1,piece,40,40,8,5,0,561.91,561,0,111,cash:561
KOS-2026-005403,2026-06-16,20:14,normal_sale,active,Walk-in,Ariel Detergent 1kg,2,piece,163.43,326.86,62.86,18,0,561.91,561,0,111,cash:561
KOS-2026-005402,2026-06-16,18:52,normal_sale,active,Walk-in,Sprite 750ml,1,piece,40,40,8,28,0,281.04,281.04,0,52.64,cash:177|upi:104.04
KOS-2026-005402,2026-06-16,18:52,normal_sale,active,Walk-in,Farm Eggs,2,piece,8,16,3.6,0,0,281.04,281.04,0,52.64,cash:177|upi:104.04
KOS-2026-005402,2026-06-16,18:52,normal_sale,active,Walk-in,Maggi Noodles 8-pack,2,piece,112.52,225.04,41.04,12,0,281.04,281.04,0,52.64,cash:177|upi:104.04
KOS-2026-005401,2026-06-16,18:12,normal_sale,active,Annapurna Mess & Canteen,Harpic Toilet Cleaner 500ml,1,piece,105,105,17,18,0,212.67,212.67,0,46.67,upi:212.67
KOS-2026-005401,2026-06-16,18:12,normal_sale,active,Annapurna Mess & Canteen,Amul Gold Milk 500ml,1,piece,34.79,34.79,4.79,0,0,212.67,212.67,0,46.67,upi:212.67
KOS-2026-005401,2026-06-16,18:12,normal_sale,active,Annapurna Mess & Canteen,Onion,2,kg,36.44,72.88,24.88,0,0,212.67,212.67,0,46.67,upi:212.67
KOS-2026-005400,2026-06-16,17:55,normal_sale,active,Hotel Green Leaf,Bisleri Water 1L,1,piece,20,20,7,18,0,20,0,20,7,
KOS-2026-005399,2026-06-16,17:43,normal_sale,active,Walk-in,Farm Eggs,1,piece,8,8,1.8,0,0,8,8,0,1.8,upi:8
KOS-2026-005398,2026-06-16,17:29,normal_sale,active,Salim Verma,MDH Garam Masala 100g,1,piece,95.44,95.44,17.44,5,0,446.65,446,0,98.7,cash:446
KOS-2026-005398,2026-06-16,17:29,normal_sale,active,Salim Verma,Bisleri Water 1L,2,piece,20,40,14,18,0,446.65,446,0,98.7,cash:446
KOS-2026-005398,2026-06-16,17:29,normal_sale,active,Salim Verma,Parachute Coconut Oil 200ml,1,piece,104.47,104.47,22.47,18,0,446.65,446,0,98.7,cash:446
KOS-2026-005398,2026-06-16,17:29,normal_sale,active,Salim Verma,Parle-G Biscuit 100g,1,piece,10.55,10.55,2.25,18,0,446.65,446,0,98.7,cash:446
KOS-2026-005398,2026-06-16,17:29,normal_sale,active,Salim Verma,Good Knight Refill 45ml,2,piece,91.97,183.94,39.94,18,0,446.65,446,0,98.7,cash:446
KOS-2026-005398,2026-06-16,17:29,normal_sale,active,Salim Verma,Rava / Sooji (loose),0.25,kg,48.98,12.25,3.25,5,0,446.65,446,0,98.7,cash:446
KOS-2026-005397,2026-06-16,17:07,normal_sale,active,Rakesh Salunkhe,Amul Cheese Slices 200g,1,piece,140,140,18,12,0,913.04,913.04,0,160.74,cash:913.04
KOS-2026-005397,2026-06-16,17:07,normal_sale,active,Rakesh Salunkhe,Amul Gold Milk 500ml,1,piece,34.79,34.79,4.79,0,0,913.04,913.04,0,160.74,cash:913.04
KOS-2026-005397,2026-06-16,17:07,normal_sale,active,Rakesh Salunkhe,Tata Tea Gold 500g,2,piece,323.95,647.9,117.9,5,0,913.04,913.04,0,160.74,cash:913.04
KOS-2026-005397,2026-06-16,17:07,normal_sale,active,Rakesh Salunkhe,Parle-G Biscuit 100g,1,piece,10.55,10.55,2.25,18,0,913.04,913.04,0,160.74,cash:913.04
KOS-2026-005397,2026-06-16,17:07,normal_sale,active,Rakesh Salunkhe,Everest Turmeric 200g,1,piece,79.8,79.8,17.8,5,0,913.04,913.04,0,160.74,cash:913.04
KOS-2026-005396,2026-06-16,16:39,normal_sale,active,Vijay Bhosale,Thums Up 750ml,2,piece,41.23,82.46,18.46,28,0,428.08,428.08,0,86.08,upi:428.08
KOS-2026-005396,2026-06-16,16:39,normal_sale,active,Vijay Bhosale,Frooti 200ml,2,piece,10.49,20.98,3.98,12,0,428.08,428.08,0,86.08,upi:428.08
KOS-2026-005396,2026-06-16,16:39,normal_sale,active,Vijay Bhosale,Tata Salt 1kg,1,piece,33.4,33.4,9.4,0,0,428.08,428.08,0,86.08,upi:428.08
KOS-2026-005396,2026-06-16,16:39,normal_sale,active,Vijay Bhosale,Sprite 750ml,3,piece,40,120,24,28,0,428.08,428.08,0,86.08,upi:428.08
KOS-2026-005396,2026-06-16,16:39,normal_sale,active,Vijay Bhosale,Kurkure Masala Munch 70g,1,piece,20,20,3.5,12,0,428.08,428.08,0,86.08,upi:428.08
KOS-2026-005396,2026-06-16,16:39,normal_sale,active,Vijay Bhosale,Amul Gold Milk 500ml,1,piece,34.79,34.79,4.79,0,0,428.08,428.08,0,86.08,upi:428.08
KOS-2026-005396,2026-06-16,16:39,normal_sale,active,Vijay Bhosale,MDH Garam Masala 100g,1,piece,95.44,95.44,17.44,5,0,428.08,428.08,0,86.08,upi:428.08
KOS-2026-005396,2026-06-16,16:39,normal_sale,active,Vijay Bhosale,Bingo Mad Angles 66g,1,piece,21.01,21.01,4.51,12,0,428.08,428.08,0,86.08,upi:428.08
KOS-2026-005395,2026-06-16,15:35,normal_sale,active,Salim Verma,Sona Masoori Rice (loose),0.5,kg,58,29,6,0,0,311.56,311.56,0,58.56,cash:311.56
KOS-2026-005395,2026-06-16,15:35,normal_sale,active,Salim Verma,Vim Liquid 500ml,1,piece,122.49,122.49,24.49,18,0,311.56,311.56,0,58.56,cash:311.56
KOS-2026-005395,2026-06-16,15:35,normal_sale,active,Salim Verma,Dettol Antiseptic 250ml,1,piece,160.07,160.07,28.07,18,0,311.56,311.56,0,58.56,cash:311.56
KOS-2026-005394,2026-06-16,14:40,normal_sale,active,Imran Kadam,Britannia Brown Bread,1,piece,52.9,52.9,10.9,0,0,315.34,315.34,0,53.04,cash:315.34
KOS-2026-005394,2026-06-16,14:40,normal_sale,active,Imran Kadam,Amul Gold Milk 500ml,3,piece,34.79,104.37,14.37,0,0,315.34,315.34,0,53.04,cash:315.34
KOS-2026-005394,2026-06-16,14:40,normal_sale,active,Imran Kadam,Parle-G Biscuit 100g,1,piece,10.55,10.55,2.25,18,0,315.34,315.34,0,53.04,cash:315.34
KOS-2026-005394,2026-06-16,14:40,normal_sale,active,Imran Kadam,Maggi Noodles 8-pack,1,piece,112.52,112.52,20.52,12,0,315.34,315.34,0,53.04,cash:315.34
KOS-2026-005394,2026-06-16,14:40,normal_sale,active,Imran Kadam,Oreo Biscuit 120g,1,piece,35,35,5,18,0,315.34,315.34,0,53.04,cash:315.34
KOS-2026-005393,2026-06-16,12:44,normal_sale,active,Walk-in,Farm Eggs,1,piece,8,8,1.8,0,12.44,185.04,185.04,0,24.84,cash:115|upi:70.04
KOS-2026-005393,2026-06-16,12:44,normal_sale,active,Walk-in,Wheat Atta (loose),0.5,kg,42,21,5,0,12.44,185.04,185.04,0,24.84,cash:115|upi:70.04
KOS-2026-005393,2026-06-16,12:44,normal_sale,active,Walk-in,Fortune Sunflower Oil 1L,1,piece,168.48,168.48,30.48,5,12.44,185.04,185.04,0,24.84,cash:115|upi:70.04
KOS-2026-005392,2026-06-16,12:43,normal_sale,active,Walk-in,Parle-G Biscuit 100g,1,piece,10.55,10.55,2.25,18,0,344.54,344.54,0,65.04,upi:344.54
KOS-2026-005392,2026-06-16,12:43,normal_sale,active,Walk-in,Harpic Toilet Cleaner 500ml,2,piece,105,210,34,18,0,344.54,344.54,0,65.04,upi:344.54
KOS-2026-005392,2026-06-16,12:43,normal_sale,active,Walk-in,Britannia Good Day 100g,2,piece,31.73,63.46,13.46,18,0,344.54,344.54,0,65.04,upi:344.54
KOS-2026-005392,2026-06-16,12:43,normal_sale,active,Walk-in,Besan (loose),0.5,kg,105.06,52.53,13.53,5,0,344.54,344.54,0,65.04,upi:344.54
KOS-2026-005392,2026-06-16,12:43,normal_sale,active,Walk-in,Farm Eggs,1,piece,8,8,1.8,0,0,344.54,344.54,0,65.04,upi:344.54
KOS-2026-005391,2026-06-16,12:43,normal_sale,active,Walk-in,Classmate Notebook 172pg,3,piece,57.68,173.04,47.04,12,0,173.04,173.04,0,47.04,upi:173.04
KOS-2026-005390,2026-06-16,12:30,normal_sale,active,Walk-in,Britannia Good Day 100g,1,piece,31.73,31.73,6.73,18,0,31.73,31.73,0,6.73,upi:31.73
KOS-2026-005389,2026-06-16,12:01,normal_sale,active,Pooja Patil,Close Up Red 150g,3,piece,95.79,287.37,53.37,18,0,363.25,363.25,0,74.25,bank:363.25
KOS-2026-005389,2026-06-16,12:01,normal_sale,active,Pooja Patil,Groundnut / Peanut (loose),0.25,kg,123.75,30.94,8.94,5,0,363.25,363.25,0,74.25,bank:363.25
KOS-2026-005389,2026-06-16,12:01,normal_sale,active,Pooja Patil,Lays Classic Salted 52g,2,piece,22.47,44.94,11.94,12,0,363.25,363.25,0,74.25,bank:363.25
KOS-2026-005388,2026-06-16,11:54,normal_sale,active,Salim Rane,Rava / Sooji (loose),0.25,kg,48.98,12.25,3.25,5,0,533.69,533.69,0,98.29,upi:533.69
KOS-2026-005388,2026-06-16,11:54,normal_sale,active,Salim Rane,Farm Eggs,2,piece,8,16,3.6,0,0,533.69,533.69,0,98.29,upi:533.69
KOS-2026-005388,2026-06-16,11:54,normal_sale,active,Salim Rane,Fortune Sunflower Oil 1L,3,piece,168.48,505.44,91.44,5,0,533.69,533.69,0,98.29,upi:533.69
KOS-2026-005387,2026-06-16,11:01,normal_sale,active,Walk-in,Lemon,1,piece,5.14,5.14,1.94,0,35.87,89.45,89,0,-10,cash:89
KOS-2026-005387,2026-06-16,11:01,normal_sale,active,Walk-in,Sunfeast Dark Fantasy 75g,2,piece,41.68,83.36,15.36,18,35.87,89.45,89,0,-10,cash:89
KOS-2026-005387,2026-06-16,11:01,normal_sale,active,Walk-in,Parle-G Biscuit 100g,1,piece,10.55,10.55,2.25,18,35.87,89.45,89,0,-10,cash:89
KOS-2026-005387,2026-06-16,11:01,normal_sale,active,Walk-in,Besan (loose),0.25,kg,105.06,26.27,6.77,5,35.87,89.45,89,0,-10,cash:89
KOS-2026-005386,2026-06-16,10:42,normal_sale,active,Walk-in,Mustard Oil (loose),1,l,167.39,167.39,39.39,5,0,559.54,559.54,0,115.54,cash:559.54
KOS-2026-005386,2026-06-16,10:42,normal_sale,active,Walk-in,Colgate Strong Teeth 200g,1,piece,113.64,113.64,21.64,18,0,559.54,559.54,0,115.54,cash:559.54
KOS-2026-005386,2026-06-16,10:42,normal_sale,active,Walk-in,Clinic Plus Shampoo 175ml,1,piece,140,140,22,18,0,559.54,559.54,0,115.54,cash:559.54
KOS-2026-005386,2026-06-16,10:42,normal_sale,active,Walk-in,Nirma Washing Powder 1kg,1,piece,75.46,75.46,17.46,18,0,559.54,559.54,0,115.54,cash:559.54
KOS-2026-005386,2026-06-16,10:42,normal_sale,active,Walk-in,Catch Red Chilli Powder 100g,1,piece,63.05,63.05,15.05,5,0,559.54,559.54,0,115.54,cash:559.54
KOS-2026-005385,2026-06-16,09:55,normal_sale,active,Walk-in,Frooti 200ml,2,piece,10.49,20.98,3.98,12,0,590.98,590.98,0,82.88,upi:590.98
KOS-2026-005385,2026-06-16,09:55,normal_sale,active,Walk-in,Match Box,1,piece,2.08,2.08,0.98,18,0,590.98,590.98,0,82.88,upi:590.98
KOS-2026-005385,2026-06-16,09:55,normal_sale,active,Walk-in,Tomato,1,kg,41.9,41.9,15.9,0,0,590.98,590.98,0,82.88,upi:590.98
KOS-2026-005385,2026-06-16,09:55,normal_sale,active,Walk-in,Bournvita 500g,2,piece,275.51,526.02,62.02,18,0,590.98,590.98,0,82.88,upi:590.98
KOS-2026-005384,2026-06-16,09:24,normal_sale,active,Mahesh Rane,Close Up Red 150g,1,piece,95.79,95.79,17.79,18,0,217.8,217,0,53.75,cash:217
KOS-2026-005384,2026-06-16,09:24,normal_sale,active,Mahesh Rane,Urad Dal (loose),0.25,kg,140.67,35.17,8.92,0,0,217.8,217,0,53.75,cash:217
KOS-2026-005384,2026-06-16,09:24,normal_sale,active,Mahesh Rane,Lays Classic Salted 52g,2,piece,22.47,44.94,11.94,12,0,217.8,217,0,53.75,cash:217
KOS-2026-005384,2026-06-16,09:24,normal_sale,active,Mahesh Rane,Tomato,1,kg,41.9,41.9,15.9,0,0,217.8,217,0,53.75,cash:217
EST-2026-000059,2026-06-16,09:19,estimate,active,Annapurna Mess & Canteen,Parle-G Biscuit 100g,1,piece,10.55,10.55,2.25,18,0,595.06,595.06,0,120.76,upi:595.06
EST-2026-000059,2026-06-16,09:19,estimate,active,Annapurna Mess & Canteen,Coca-Cola 750ml,2,piece,42.7,85.4,21.4,28,0,595.06,595.06,0,120.76,upi:595.06
EST-2026-000059,2026-06-16,09:19,estimate,active,Annapurna Mess & Canteen,Good Knight Refill 45ml,1,piece,91.97,91.97,19.97,18,0,595.06,595.06,0,120.76,upi:595.06
EST-2026-000059,2026-06-16,09:19,estimate,active,Annapurna Mess & Canteen,Saffola Gold Oil 1L,2,piece,203.57,407.14,77.14,5,0,595.06,595.06,0,120.76,upi:595.06
KOS-2026-005383,2026-06-16,08:45,normal_sale,active,Walk-in,Kissan Tomato Ketchup 500g,3,piece,105,315,51,12,0,683.8,683.8,0,125.8,upi:683.8
KOS-2026-005383,2026-06-16,08:45,normal_sale,active,Walk-in,Agarbatti Pack (20 sticks),1,piece,31.3,31.3,7.3,12,0,683.8,683.8,0,125.8,upi:683.8
KOS-2026-005383,2026-06-16,08:45,normal_sale,active,Walk-in,Maggi Noodles 8-pack,2,piece,112.52,225.04,41.04,12,0,683.8,683.8,0,125.8,upi:683.8
KOS-2026-005383,2026-06-16,08:45,normal_sale,active,Walk-in,Sona Masoori Rice (loose),0.5,kg,58,29,6,0,0,683.8,683.8,0,125.8,upi:683.8
KOS-2026-005383,2026-06-16,08:45,normal_sale,active,Walk-in,Bisleri Water 1L,1,piece,20,20,7,18,0,683.8,683.8,0,125.8,upi:683.8
KOS-2026-005383,2026-06-16,08:45,normal_sale,active,Walk-in,Britannia Good Day 100g,2,piece,31.73,63.46,13.46,18,0,683.8,683.8,0,125.8,upi:683.8
KOS-2026-005382,2026-06-16,08:42,normal_sale,active,Dattatray Jadhav,Dairy Milk 50g,1,piece,40,40,6,18,0,40,40,0,6,cash:40
KOS-2026-005381,2026-06-16,08:41,normal_sale,active,Walk-in,Bisleri Water 1L,1,piece,20,20,7,18,0,490.85,490.85,0,95.85,cash:490.85
KOS-2026-005381,2026-06-16,08:41,normal_sale,active,Walk-in,Surf Excel Easy Wash 1kg,1,piece,143.99,143.99,25.99,18,0,490.85,490.85,0,95.85,cash:490.85
KOS-2026-005381,2026-06-16,08:41,normal_sale,active,Walk-in,Ariel Detergent 1kg,2,piece,163.43,326.86,62.86,18,0,490.85,490.85,0,95.85,cash:490.85
KOS-2026-005379,2026-06-16,08:27,normal_sale,active,Walk-in,Good Knight Refill 45ml,2,piece,91.97,183.94,39.94,18,0,770.41,770,0,136.5,cash:770
KOS-2026-005379,2026-06-16,08:27,normal_sale,active,Walk-in,Amul Ghee 500ml,1,piece,369.67,369.67,54.67,12,0,770.41,770,0,136.5,cash:770
KOS-2026-005379,2026-06-16,08:27,normal_sale,active,Walk-in,5 Star 25g,1,piece,10,10,1.5,18,0,770.41,770,0,136.5,cash:770
KOS-2026-005379,2026-06-16,08:27,normal_sale,active,Walk-in,Tata Salt 1kg,2,piece,33.4,66.8,18.8,0,0,770.41,770,0,136.5,cash:770
KOS-2026-005379,2026-06-16,08:27,normal_sale,active,Walk-in,Clinic Plus Shampoo 175ml,1,piece,140,140,22,18,0,770.41,770,0,136.5,cash:770
KOS-2026-005380,2026-06-16,08:27,normal_sale,active,Walk-in,Dettol Antiseptic 250ml,2,piece,160.07,320.14,56.14,18,0,372.54,372,0,68,cash:372
KOS-2026-005380,2026-06-16,08:27,normal_sale,active,Walk-in,Reynolds Pen,1,piece,10.92,10.92,3.92,12,0,372.54,372,0,68,cash:372
KOS-2026-005380,2026-06-16,08:27,normal_sale,active,Walk-in,Britannia Marie Gold 250g,1,piece,41.48,41.48,8.48,18,0,372.54,372,0,68,cash:372
KOS-2026-005378,2026-06-16,08:16,normal_sale,active,Walk-in,Frooti 200ml,1,piece,10.49,10.49,1.99,12,0,38.49,38.49,0,4.99,cash:38.49
KOS-2026-005378,2026-06-16,08:16,normal_sale,active,Walk-in,Amul Taaza Milk 500ml,1,piece,28,28,3,0,0,38.49,38.49,0,4.99,cash:38.49
KOS-2026-005377,2026-06-15,21:41,normal_sale,active,Arun Shaikh,Maggi Noodles 70g,1,piece,14.55,14.55,3.05,12,0,14.55,14,0,2.5,cash:14
KOS-2026-005376,2026-06-15,20:57,normal_sale,active,Walk-in,Amul Masti Dahi 400g,1,piece,40,40,8,5,0,135.79,135.79,0,25.79,upi:135.79
KOS-2026-005376,2026-06-15,20:57,normal_sale,active,Walk-in,Close Up Red 150g,1,piece,95.79,95.79,17.79,18,0,135.79,135.79,0,25.79,upi:135.79
KOS-2026-005375,2026-06-15,20:29,normal_sale,active,Walk-in,Parachute Coconut Oil 200ml,1,piece,104.47,104.47,22.47,18,0,1598.12,1598,0,317,cash:1598
KOS-2026-005375,2026-06-15,20:29,normal_sale,active,Walk-in,Horlicks 500g,3,piece,314.21,942.63,207.63,18,0,1598.12,1598,0,317,cash:1598
KOS-2026-005375,2026-06-15,20:29,normal_sale,active,Walk-in,Bournvita 500g,2,piece,275.51,551.02,87.02,18,0,1598.12,1598,0,317,cash:1598
KOS-2026-005374,2026-06-15,20:18,normal_sale,active,Walk-in,Reynolds Pen,2,piece,10.92,21.84,7.84,12,25.03,158.16,158.16,0,25.66,cash:158.16
KOS-2026-005374,2026-06-15,20:18,normal_sale,active,Walk-in,Camphor 50g,2,piece,58.85,117.7,33.7,12,25.03,158.16,158.16,0,25.66,cash:158.16
KOS-2026-005374,2026-06-15,20:18,normal_sale,active,Walk-in,Maggi Noodles 70g,3,piece,14.55,43.65,9.15,12,25.03,158.16,158.16,0,25.66,cash:158.16
KOS-2026-005373,2026-06-15,20:15,normal_sale,active,Salim Patil,Ariel Detergent 1kg,1,piece,163.43,163.43,31.43,18,0,178.85,178.85,0,37.25,bank:178.85
KOS-2026-005373,2026-06-15,20:15,normal_sale,active,Salim Patil,Lemon,3,piece,5.14,15.42,5.82,0,0,178.85,178.85,0,37.25,bank:178.85
KOS-2026-005372,2026-06-15,19:32,normal_sale,active,Nilesh Joshi,Sugar (loose),0.25,kg,49.91,12.48,2.23,5,0,117.38,117.38,0,29.13,upi:117.38
KOS-2026-005372,2026-06-15,19:32,normal_sale,active,Nilesh Joshi,Britannia Brown Bread,1,piece,52.9,52.9,10.9,0,0,117.38,117.38,0,29.13,upi:117.38
KOS-2026-005372,2026-06-15,19:32,normal_sale,active,Nilesh Joshi,Potato,2,kg,26,52,16,0,0,117.38,117.38,0,29.13,upi:117.38
KOS-2026-005371,2026-06-15,19:14,normal_sale,active,Sneha Rane,Thums Up 750ml,1,piece,41.23,41.23,9.23,28,0,90.21,90,0,22,cash:90
KOS-2026-005371,2026-06-15,19:14,normal_sale,active,Sneha Rane,Rava / Sooji (loose),1,kg,48.98,48.98,12.98,5,0,90.21,90,0,22,cash:90
KOS-2026-005370,2026-06-15,18:26,normal_sale,active,Manisha Deshmukh,Dhara Mustard Oil 1L,1,piece,181.11,181.11,29.11,5,0,821.71,821.71,0,151.71,cash:821.71
KOS-2026-005370,2026-06-15,18:26,normal_sale,active,Manisha Deshmukh,Potato,0.5,kg,26,13,4,0,0,821.71,821.71,0,151.71,cash:821.71
KOS-2026-005370,2026-06-15,18:26,normal_sale,active,Manisha Deshmukh,Clinic Plus Shampoo 175ml,1,piece,140,140,22,18,0,821.71,821.71,0,151.71,cash:821.71
KOS-2026-005370,2026-06-15,18:26,normal_sale,active,Manisha Deshmukh,Close Up Red 150g,1,piece,95.79,95.79,17.79,18,0,821.71,821.71,0,151.71,cash:821.71
KOS-2026-005370,2026-06-15,18:26,normal_sale,active,Manisha Deshmukh,Britannia Good Day 100g,2,piece,31.73,63.46,13.46,18,0,821.71,821.71,0,151.71,cash:821.71
KOS-2026-005370,2026-06-15,18:26,normal_sale,active,Manisha Deshmukh,Saffola Gold Oil 1L,1,piece,203.57,203.57,38.57,5,0,821.71,821.71,0,151.71,cash:821.71
KOS-2026-005370,2026-06-15,18:26,normal_sale,active,Manisha Deshmukh,Lifebuoy Soap 125g,2,piece,35.94,71.88,15.88,18,0,821.71,821.71,0,151.71,cash:821.71
KOS-2026-005370,2026-06-15,18:26,normal_sale,active,Manisha Deshmukh,Britannia Brown Bread,1,piece,52.9,52.9,10.9,0,0,821.71,821.71,0,151.71,cash:821.71
KOS-2026-005369,2026-06-15,18:22,normal_sale,active,Walk-in,Sprite 750ml,1,piece,40,40,8,28,18.2,167.34,167.34,0,18.54,cash:167.34
KOS-2026-005369,2026-06-15,18:22,normal_sale,active,Walk-in,Lays Classic Salted 52g,1,piece,22.47,22.47,5.97,12,18.2,167.34,167.34,0,18.54,cash:167.34
KOS-2026-005369,2026-06-15,18:22,normal_sale,active,Walk-in,Maggi Noodles 8-pack,1,piece,112.52,112.52,20.52,12,18.2,167.34,167.34,0,18.54,cash:167.34
KOS-2026-005369,2026-06-15,18:22,normal_sale,active,Walk-in,Parle-G Biscuit 100g,1,piece,10.55,10.55,2.25,18,18.2,167.34,167.34,0,18.54,cash:167.34
KOS-2026-005368,2026-06-15,18:15,normal_sale,active,Rohit Salunkhe,Britannia Good Day 100g,4,piece,31.73,126.92,26.92,18,0,127.94,127.94,0,27.09,upi:127.94
KOS-2026-005368,2026-06-15,18:15,normal_sale,active,Rohit Salunkhe,Center Fresh Gum (jar pc),1,piece,1.02,1.02,0.17,18,0,127.94,127.94,0,27.09,upi:127.94
KOS-2026-005367,2026-06-15,17:19,normal_sale,active,Farida Pawar,Vim Dishwash Bar 200g,2,piece,21.09,42.18,10.18,18,0,198.48,198.48,0,37.48,upi:198.48
KOS-2026-005367,2026-06-15,17:19,normal_sale,active,Farida Pawar,Lizol Floor Cleaner 500ml,1,piece,125,125,20,18,0,198.48,198.48,0,37.48,upi:198.48
KOS-2026-005367,2026-06-15,17:19,normal_sale,active,Farida Pawar,Agarbatti Pack (20 sticks),1,piece,31.3,31.3,7.3,12,0,198.48,198.48,0,37.48,upi:198.48
KOS-2026-005366,2026-06-15,17:11,normal_sale,active,Walk-in,Sugar (loose),0.25,kg,49.91,12.48,2.23,5,0,1981.59,1981.59,0,340.04,cash:1981.59
KOS-2026-005366,2026-06-15,17:11,normal_sale,active,Walk-in,Amul Ghee 500ml,4,piece,369.67,1478.68,218.68,12,0,1981.59,1981.59,0,340.04,cash:1981.59
KOS-2026-005366,2026-06-15,17:11,normal_sale,active,Walk-in,Garlic,0.25,kg,156.74,39.19,11.19,0,0,1981.59,1981.59,0,340.04,cash:1981.59
KOS-2026-005366,2026-06-15,17:11,normal_sale,active,Walk-in,Match Box,3,piece,2.08,6.24,2.94,18,0,1981.59,1981.59,0,340.04,cash:1981.59
KOS-2026-005366,2026-06-15,17:11,normal_sale,active,Walk-in,Basmati Rice Premium (loose),2,kg,126.71,253.42,69.42,0,0,1981.59,1981.59,0,340.04,cash:1981.59
KOS-2026-005366,2026-06-15,17:11,normal_sale,active,Walk-in,Close Up Red 150g,2,piece,95.79,191.58,35.58,18,0,1981.59,1981.59,0,340.04,cash:1981.59
KOS-2026-005365,2026-06-15,17:03,normal_sale,active,Walk-in,Onion,1,kg,36.44,36.44,12.44,0,42.64,672.8,672,0,95.5,cash:672
KOS-2026-005365,2026-06-15,17:03,normal_sale,active,Walk-in,Aashirvaad Atta 5kg,1,piece,303.09,303.09,58.09,5,42.64,672.8,672,0,95.5,cash:672
KOS-2026-005365,2026-06-15,17:03,normal_sale,active,Walk-in,Tata Tea Gold 500g,1,piece,323.95,323.95,58.95,5,42.64,672.8,672,0,95.5,cash:672
KOS-2026-005365,2026-06-15,17:03,normal_sale,active,Walk-in,5 Star 25g,1,piece,10,10,1.5,18,42.64,672.8,672,0,95.5,cash:672
KOS-2026-005365,2026-06-15,17:03,normal_sale,active,Walk-in,Frooti 200ml,4,piece,10.49,41.96,7.96,12,42.64,672.8,672,0,95.5,cash:672
KOS-2026-005364,2026-06-15,15:55,normal_sale,active,Jyoti Shaikh,Kissan Tomato Ketchup 500g,1,piece,105,105,17,12,0,392.42,392.42,0,73.92,upi:392.42
KOS-2026-005364,2026-06-15,15:55,normal_sale,active,Jyoti Shaikh,Tomato,0.5,kg,41.9,20.95,7.95,0,0,392.42,392.42,0,73.92,upi:392.42
KOS-2026-005364,2026-06-15,15:55,normal_sale,active,Jyoti Shaikh,KitKat 4-finger,1,piece,21.23,21.23,4.23,18,0,392.42,392.42,0,73.92,upi:392.42
KOS-2026-005364,2026-06-15,15:55,normal_sale,active,Jyoti Shaikh,Clinic Plus Shampoo 175ml,1,piece,140,140,22,18,0,392.42,392.42,0,73.92,upi:392.42
KOS-2026-005364,2026-06-15,15:55,normal_sale,active,Jyoti Shaikh,5 Star 25g,1,piece,10,10,1.5,18,0,392.42,392.42,0,73.92,upi:392.42
KOS-2026-005364,2026-06-15,15:55,normal_sale,active,Jyoti Shaikh,Chana Dal (loose),1,kg,95.24,95.24,21.24,0,0,392.42,392.42,0,73.92,upi:392.42
KOS-2026-005363,2026-06-15,15:08,normal_sale,active,Walk-in,Candle Pack (6 pc),1,piece,42,42,10,12,0,261.92,261.92,0,63.52,bank:261.92
KOS-2026-005363,2026-06-15,15:08,normal_sale,active,Walk-in,Good Knight Refill 45ml,2,piece,91.97,183.94,39.94,18,0,261.92,261.92,0,63.52,bank:261.92
KOS-2026-005363,2026-06-15,15:08,normal_sale,active,Walk-in,Lemon,7,piece,5.14,35.98,13.58,0,0,261.92,261.92,0,63.52,bank:261.92
KOS-2026-005362,2026-06-15,14:15,normal_sale,active,Ganesh Jadhav,Aashirvaad Atta 5kg,1,piece,303.09,303.09,58.09,5,0,303.09,303,0,58,cash:303
KOS-2026-005361,2026-06-15,13:31,normal_sale,active,Walk-in,Amul Taaza Milk 500ml,1,piece,28,28,3,0,0,90.7,90.7,0,20.7,upi:90.7
KOS-2026-005361,2026-06-15,13:31,normal_sale,active,Walk-in,Coca-Cola 750ml,1,piece,42.7,42.7,10.7,28,0,90.7,90.7,0,20.7,upi:90.7
KOS-2026-005361,2026-06-15,13:31,normal_sale,active,Walk-in,Bisleri Water 1L,1,piece,20,20,7,18,0,90.7,90.7,0,20.7,upi:90.7
KOS-2026-005360,2026-06-15,13:11,normal_sale,active,Walk-in,Coca-Cola 750ml,1,piece,42.7,42.7,10.7,28,0,163.68,163.68,0,39.68,upi:163.68
KOS-2026-005360,2026-06-15,13:11,normal_sale,active,Walk-in,Rava / Sooji (loose),1,kg,48.98,48.98,12.98,5,0,163.68,163.68,0,39.68,upi:163.68
KOS-2026-005360,2026-06-15,13:11,normal_sale,active,Walk-in,AA Battery (2 pc),2,piece,36,72,16,18,0,163.68,163.68,0,39.68,upi:163.68
KOS-2026-005359,2026-06-15,12:58,normal_sale,active,Walk-in,Tomato,0.5,kg,41.9,20.95,7.95,0,0,21.97,21.97,0,8.12,upi:21.97
KOS-2026-005359,2026-06-15,12:58,normal_sale,active,Walk-in,Center Fresh Gum (jar pc),1,piece,1.02,1.02,0.17,18,0,21.97,21.97,0,8.12,upi:21.97
KOS-2026-005358,2026-06-15,12:25,normal_sale,active,Walk-in,Onion,0.5,kg,36.44,18.22,6.22,0,0,18.22,18.22,0,6.22,upi:18.22
KOS-2026-005357,2026-06-15,12:17,normal_sale,active,Amit Salunkhe,Thums Up 750ml,1,piece,41.23,41.23,9.23,28,0,339.76,339,0,64.15,cash:339
KOS-2026-005357,2026-06-15,12:17,normal_sale,active,Amit Salunkhe,Center Fresh Gum (jar pc),1,piece,1.02,1.02,0.17,18,0,339.76,339,0,64.15,cash:339
KOS-2026-005357,2026-06-15,12:17,normal_sale,active,Amit Salunkhe,Wheat Atta (loose),0.5,kg,42,21,5,0,0,339.76,339,0,64.15,cash:339
KOS-2026-005357,2026-06-15,12:17,normal_sale,active,Amit Salunkhe,Colgate Strong Teeth 200g,2,piece,113.64,227.28,43.28,18,0,339.76,339,0,64.15,cash:339
KOS-2026-005357,2026-06-15,12:17,normal_sale,active,Amit Salunkhe,KitKat 4-finger,1,piece,21.23,21.23,4.23,18,0,339.76,339,0,64.15,cash:339
KOS-2026-005357,2026-06-15,12:17,normal_sale,active,Amit Salunkhe,Amul Taaza Milk 500ml,1,piece,28,28,3,0,0,339.76,339,0,64.15,cash:339
KOS-2026-005356,2026-06-15,12:16,normal_sale,active,Salim Verma,Chana Dal (loose),1,kg,95.24,95.24,21.24,0,0,177.4,177.4,0,39.4,upi:177.4
KOS-2026-005356,2026-06-15,12:16,normal_sale,active,Salim Verma,Sugar (loose),0.5,kg,49.91,24.96,4.46,5,0,177.4,177.4,0,39.4,upi:177.4
KOS-2026-005356,2026-06-15,12:16,normal_sale,active,Salim Verma,Reynolds Pen,1,piece,10.92,10.92,3.92,12,0,177.4,177.4,0,39.4,upi:177.4
KOS-2026-005356,2026-06-15,12:16,normal_sale,active,Salim Verma,Maggi Noodles 70g,1,piece,14.55,14.55,3.05,12,0,177.4,177.4,0,39.4,upi:177.4
KOS-2026-005356,2026-06-15,12:16,normal_sale,active,Salim Verma,Britannia Good Day 100g,1,piece,31.73,31.73,6.73,18,0,177.4,177.4,0,39.4,upi:177.4
KOS-2026-005355,2026-06-15,11:59,normal_sale,active,Walk-in,Bingo Mad Angles 66g,2,piece,21.01,42.02,9.02,12,0,251.96,251.96,0,48.76,bank:251.96
KOS-2026-005355,2026-06-15,11:59,normal_sale,active,Walk-in,Lemon,1,piece,5.14,5.14,1.94,0,0,251.96,251.96,0,48.76,bank:251.96
KOS-2026-005355,2026-06-15,11:59,normal_sale,active,Walk-in,Lizol Floor Cleaner 500ml,1,piece,125,125,20,18,0,251.96,251.96,0,48.76,bank:251.96
KOS-2026-005355,2026-06-15,11:59,normal_sale,active,Walk-in,Everest Turmeric 200g,1,piece,79.8,79.8,17.8,5,0,251.96,251.96,0,48.76,bank:251.96
KOS-2026-005354,2026-06-15,11:53,normal_sale,active,Walk-in,Bisleri Water 1L,2,piece,20,40,14,18,0,164.88,164.88,0,39.38,upi:164.88
KOS-2026-005354,2026-06-15,11:53,normal_sale,active,Walk-in,Maggi Noodles 70g,3,piece,14.55,43.65,9.15,12,0,164.88,164.88,0,39.38,upi:164.88
KOS-2026-005354,2026-06-15,11:53,normal_sale,active,Walk-in,Kurkure Masala Munch 70g,2,piece,20,40,7,12,0,164.88,164.88,0,39.38,upi:164.88
KOS-2026-005354,2026-06-15,11:53,normal_sale,active,Walk-in,Thums Up 750ml,1,piece,41.23,41.23,9.23,28,0,164.88,164.88,0,39.38,upi:164.88
KOS-2026-005353,2026-06-15,11:47,normal_sale,active,Suresh Kulkarni,Reynolds Pen,1,piece,10.92,10.92,3.92,12,0,10.92,10.92,0,3.92,cash:10.92
KOS-2026-005352,2026-06-15,11:11,normal_sale,active,Walk-in,Mother Dairy Paneer 200g,1,piece,105,105,17,5,0,105,105,0,17,cash:105
KOS-2026-005351,2026-06-15,11:01,normal_sale,active,Walk-in,Amul Masti Dahi 400g,4,piece,40,160,32,5,0,459.97,459,0,93.5,cash:459
KOS-2026-005351,2026-06-15,11:01,normal_sale,active,Walk-in,Haldiram Bhujia 200g,2,piece,57.46,114.92,24.92,12,0,459.97,459,0,93.5,cash:459
KOS-2026-005351,2026-06-15,11:01,normal_sale,active,Walk-in,Besan (loose),0.5,kg,105.06,52.53,13.53,5,0,459.97,459,0,93.5,cash:459
KOS-2026-005351,2026-06-15,11:01,normal_sale,active,Walk-in,Maggi Noodles 8-pack,1,piece,112.52,112.52,20.52,12,0,459.97,459,0,93.5,cash:459
KOS-2026-005351,2026-06-15,11:01,normal_sale,active,Walk-in,Kurkure Masala Munch 70g,1,piece,20,20,3.5,12,0,459.97,459,0,93.5,cash:459
KOS-2026-005350,2026-06-15,10:32,normal_sale,active,Suresh Kulkarni,Bingo Mad Angles 66g,6,piece,21.01,126.06,27.06,12,0,188.72,188.72,0,38.72,cash:115|upi:73.72
KOS-2026-005350,2026-06-15,10:32,normal_sale,active,Suresh Kulkarni,Sunfeast Dark Fantasy 75g,1,piece,41.68,41.68,7.68,18,0,188.72,188.72,0,38.72,cash:115|upi:73.72
KOS-2026-005350,2026-06-15,10:32,normal_sale,active,Suresh Kulkarni,Frooti 200ml,2,piece,10.49,20.98,3.98,12,0,188.72,188.72,0,38.72,cash:115|upi:73.72
KOS-2026-005349,2026-06-15,10:10,normal_sale,active,Walk-in,Thums Up 750ml,1,piece,41.23,41.23,9.23,28,0,62.32,62.32,0,14.32,bank:62.32
KOS-2026-005349,2026-06-15,10:10,normal_sale,active,Walk-in,Vim Dishwash Bar 200g,1,piece,21.09,21.09,5.09,18,0,62.32,62.32,0,14.32,bank:62.32
KOS-2026-005348,2026-06-15,09:30,normal_sale,active,Maria Pawar,Lemon,2,piece,5.14,10.28,3.88,0,0,36.83,36.83,0,9.73,upi:36.83
KOS-2026-005348,2026-06-15,09:30,normal_sale,active,Maria Pawar,Farm Eggs,2,piece,8,16,3.6,0,0,36.83,36.83,0,9.73,upi:36.83
KOS-2026-005348,2026-06-15,09:30,normal_sale,active,Maria Pawar,Parle-G Biscuit 100g,1,piece,10.55,10.55,2.25,18,0,36.83,36.83,0,9.73,upi:36.83
KOS-2026-005347,2026-06-14,21:39,normal_sale,active,Rohit Salunkhe,Fortune Sunflower Oil 1L,2,piece,168.48,336.96,60.96,5,0,336.96,336.96,0,60.96,upi:336.96
KOS-2026-005346,2026-06-14,21:28,normal_sale,active,Madhuri Salunkhe,Toor Dal (loose),5,kg,161.66,808.3,218.3,0,0,808.3,808.3,0,218.3,cash:808.3
KOS-2026-005345,2026-06-14,21:18,normal_sale,active,Ashwini Pawar,Dettol Antiseptic 250ml,4,piece,160.07,640.28,112.28,18,0,827.08,827.08,0,161.08,cash:385|upi:442.08
KOS-2026-005345,2026-06-14,21:18,normal_sale,active,Ashwini Pawar,Tata Salt 1kg,2,piece,33.4,66.8,18.8,0,0,827.08,827.08,0,161.08,cash:385|upi:442.08
KOS-2026-005345,2026-06-14,21:18,normal_sale,active,Ashwini Pawar,Bisleri Water 1L,2,piece,20,40,14,18,0,827.08,827.08,0,161.08,cash:385|upi:442.08
KOS-2026-005345,2026-06-14,21:18,normal_sale,active,Ashwini Pawar,Amul Masti Dahi 400g,2,piece,40,80,16,5,0,827.08,827.08,0,161.08,cash:385|upi:442.08
KOS-2026-005344,2026-06-14,20:16,normal_sale,active,Rekha Bhosale,Fortune Sunflower Oil 1L,4,piece,168.48,673.92,121.92,5,25,1060.45,1060.45,0,185.95,upi:1060.45
KOS-2026-005344,2026-06-14,20:16,normal_sale,active,Rekha Bhosale,Good Knight Refill 45ml,4,piece,91.97,367.88,79.88,18,25,1060.45,1060.45,0,185.95,upi:1060.45
KOS-2026-005344,2026-06-14,20:16,normal_sale,active,Rekha Bhosale,Maggi Noodles 70g,3,piece,14.55,43.65,9.15,12,25,1060.45,1060.45,0,185.95,upi:1060.45
KOS-2026-005343,2026-06-14,20:15,normal_sale,active,Walk-in,Nescafe Classic 50g,4,piece,206.38,825.52,153.52,18,25,852.46,852.46,0,140.06,cash:852.46
KOS-2026-005343,2026-06-14,20:15,normal_sale,active,Walk-in,Lifebuoy Soap 125g,1,piece,35.94,35.94,7.94,18,25,852.46,852.46,0,140.06,cash:852.46
KOS-2026-005343,2026-06-14,20:15,normal_sale,active,Walk-in,Farm Eggs,2,piece,8,16,3.6,0,25,852.46,852.46,0,140.06,cash:852.46
KOS-2026-005342,2026-06-14,19:51,normal_sale,active,Walk-in,Haldiram Bhujia 200g,2,piece,57.46,114.92,24.92,12,0,114.92,114.92,0,24.92,upi:114.92
KOS-2026-005341,2026-06-14,19:43,normal_sale,active,Rohit Salunkhe,Kissan Tomato Ketchup 500g,1,piece,105,105,17,12,25,867.72,867,0,172.9,cash:867
KOS-2026-005341,2026-06-14,19:43,normal_sale,active,Rohit Salunkhe,Bisleri Water 1L,2,piece,20,40,14,18,25,867.72,867,0,172.9,cash:867
KOS-2026-005341,2026-06-14,19:43,normal_sale,active,Rohit Salunkhe,Horlicks 500g,1,piece,314.21,314.21,69.21,18,25,867.72,867,0,172.9,cash:867
KOS-2026-005341,2026-06-14,19:43,normal_sale,active,Rohit Salunkhe,Toor Dal (loose),0.5,kg,161.66,80.83,21.83,0,25,867.72,867,0,172.9,cash:867
KOS-2026-005341,2026-06-14,19:43,normal_sale,active,Rohit Salunkhe,Everest Turmeric 200g,1,piece,79.8,79.8,17.8,5,25,867.72,867,0,172.9,cash:867
KOS-2026-005341,2026-06-14,19:43,normal_sale,active,Rohit Salunkhe,Parle-G Biscuit 100g,12,piece,10.55,126.6,27,18,25,867.72,867,0,172.9,cash:867
KOS-2026-005341,2026-06-14,19:43,normal_sale,active,Rohit Salunkhe,Bingo Mad Angles 66g,5,piece,21.01,105.05,22.55,12,25,867.72,867,0,172.9,cash:867
KOS-2026-005341,2026-06-14,19:43,normal_sale,active,Rohit Salunkhe,Thums Up 750ml,1,piece,41.23,41.23,9.23,28,25,867.72,867,0,172.9,cash:867
KOS-2026-005340,2026-06-14,19:30,normal_sale,active,Walk-in,MDH Garam Masala 100g,2,piece,95.44,190.88,34.88,5,0,201.36,201.36,0,38.86,upi:201.36
KOS-2026-005340,2026-06-14,19:30,normal_sale,active,Walk-in,Tomato,0.25,kg,41.9,10.48,3.98,0,0,201.36,201.36,0,38.86,upi:201.36
KOS-2026-005339,2026-06-14,19:15,normal_sale,active,Walk-in,Aashirvaad Atta 5kg,1,piece,303.09,303.09,58.09,5,0,352.9,352.9,0,70.8,cash:138|upi:214.9
KOS-2026-005339,2026-06-14,19:15,normal_sale,active,Walk-in,Onion,0.5,kg,36.44,18.22,6.22,0,0,352.9,352.9,0,70.8,cash:138|upi:214.9
KOS-2026-005339,2026-06-14,19:15,normal_sale,active,Walk-in,Frooti 200ml,1,piece,10.49,10.49,1.99,12,0,352.9,352.9,0,70.8,cash:138|upi:214.9
KOS-2026-005339,2026-06-14,19:15,normal_sale,active,Walk-in,Parle-G Biscuit 100g,2,piece,10.55,21.1,4.5,18,0,352.9,352.9,0,70.8,cash:138|upi:214.9
KOS-2026-005338,2026-06-14,19:02,normal_sale,active,Trupti Shaikh,Reynolds Pen,1,piece,10.92,10.92,3.92,12,0,105.2,105.2,0,25.2,upi:105.2
KOS-2026-005338,2026-06-14,19:02,normal_sale,active,Trupti Shaikh,Rajma (loose),0.25,kg,145.1,36.28,9.28,0,0,105.2,105.2,0,25.2,upi:105.2
KOS-2026-005338,2026-06-14,19:02,normal_sale,active,Trupti Shaikh,Sona Masoori Rice (loose),1,kg,58,58,12,0,0,105.2,105.2,0,25.2,upi:105.2
KOS-2026-005337,2026-06-14,18:53,normal_sale,active,Walk-in,Amul Masti Dahi 400g,2,piece,40,80,16,5,0,80,80,0,16,upi:80
KOS-2026-005336,2026-06-14,18:43,normal_sale,active,Meena Rane,Frooti 200ml,2,piece,10.49,20.98,3.98,12,0,41.99,41.99,0,8.49,cash:23|upi:18.99
KOS-2026-005336,2026-06-14,18:43,normal_sale,active,Meena Rane,Bingo Mad Angles 66g,1,piece,21.01,21.01,4.51,12,0,41.99,41.99,0,8.49,cash:23|upi:18.99
KOS-2026-005335,2026-06-14,18:34,normal_sale,active,Nitin Shaikh,Everest Turmeric 200g,1,piece,79.8,79.8,17.8,5,0,171.77,171.77,0,37.77,upi:171.77
KOS-2026-005335,2026-06-14,18:34,normal_sale,active,Nitin Shaikh,Good Knight Refill 45ml,1,piece,91.97,91.97,19.97,18,0,171.77,171.77,0,37.77,upi:171.77
KOS-2026-005334,2026-06-14,17:24,normal_sale,active,Walk-in,Potato,0.25,kg,26,6.5,2,0,0,6.5,6.5,0,2,cash:6.5
KOS-2026-005333,2026-06-14,15:51,normal_sale,active,Nitin Patil,Amul Taaza Milk 500ml,2,piece,28,56,6,0,0,56,0,56,6,
EST-2026-000058,2026-06-14,15:49,estimate,active,Walk-in,Gillette Guard Razor,1,piece,35.93,35.93,7.93,18,0,350.2,350.2,0,71.2,upi:350.2
EST-2026-000058,2026-06-14,15:49,estimate,active,Walk-in,Mother Dairy Paneer 200g,1,piece,105,105,17,5,0,350.2,350.2,0,71.2,upi:350.2
EST-2026-000058,2026-06-14,15:49,estimate,active,Walk-in,Wheat Atta (loose),0.25,kg,42,10.5,2.5,0,0,350.2,350.2,0,71.2,upi:350.2
EST-2026-000058,2026-06-14,15:49,estimate,active,Walk-in,Sugar (loose),1,kg,49.91,49.91,8.91,5,0,350.2,350.2,0,71.2,upi:350.2
EST-2026-000058,2026-06-14,15:49,estimate,active,Walk-in,Britannia Good Day 100g,2,piece,31.73,63.46,13.46,18,0,350.2,350.2,0,71.2,upi:350.2
EST-2026-000058,2026-06-14,15:49,estimate,active,Walk-in,Coca-Cola 750ml,2,piece,42.7,85.4,21.4,28,0,350.2,350.2,0,71.2,upi:350.2
KOS-2026-005332,2026-06-14,13:57,normal_sale,active,Walk-in,Frooti 200ml,1,piece,10.49,10.49,1.99,12,25,820.73,820.73,0,149.33,upi:820.73
KOS-2026-005332,2026-06-14,13:57,normal_sale,active,Walk-in,Amul Cheese Slices 200g,1,piece,140,140,18,12,25,820.73,820.73,0,149.33,upi:820.73
KOS-2026-005332,2026-06-14,13:57,normal_sale,active,Walk-in,Coca-Cola 750ml,3,piece,42.7,128.1,32.1,28,25,820.73,820.73,0,149.33,upi:820.73
KOS-2026-005332,2026-06-14,13:57,normal_sale,active,Walk-in,Parle-G Biscuit 100g,3,piece,10.55,31.65,6.75,18,25,820.73,820.73,0,149.33,upi:820.73
KOS-2026-005332,2026-06-14,13:57,normal_sale,active,Walk-in,Saffola Gold Oil 1L,1,piece,203.57,203.57,38.57,5,25,820.73,820.73,0,149.33,upi:820.73
KOS-2026-005332,2026-06-14,13:57,normal_sale,active,Walk-in,Everest Turmeric 200g,1,piece,79.8,79.8,17.8,5,25,820.73,820.73,0,149.33,upi:820.73
KOS-2026-005332,2026-06-14,13:57,normal_sale,active,Walk-in,Tata Salt 1kg,2,piece,33.4,66.8,18.8,0,25,820.73,820.73,0,149.33,upi:820.73
KOS-2026-005332,2026-06-14,13:57,normal_sale,active,Walk-in,Classmate Notebook 172pg,1,piece,57.68,57.68,15.68,12,25,820.73,820.73,0,149.33,upi:820.73
KOS-2026-005332,2026-06-14,13:57,normal_sale,active,Walk-in,Yippee Noodles 70g,1,piece,14,14,3,12,25,820.73,820.73,0,149.33,upi:820.73
KOS-2026-005332,2026-06-14,13:57,normal_sale,active,Walk-in,Colgate Strong Teeth 200g,1,piece,113.64,113.64,21.64,18,25,820.73,820.73,0,149.33,upi:820.73
KOS-2026-005331,2026-06-14,13:26,normal_sale,active,Farida Gupta,Match Box,1,piece,2.08,2.08,0.98,18,0,2.08,2.08,0,0.98,upi:2.08
KOS-2026-005330,2026-06-14,12:56,normal_sale,active,Walk-in,Aashirvaad Atta 5kg,4,piece,303.09,1212.36,232.36,5,0,2297.58,2297.58,0,425.08,upi:2297.58
KOS-2026-005330,2026-06-14,12:56,normal_sale,active,Walk-in,Camphor 50g,2,piece,58.85,117.7,33.7,12,0,2297.58,2297.58,0,425.08,upi:2297.58
KOS-2026-005330,2026-06-14,12:56,normal_sale,active,Walk-in,Frooti 200ml,1,piece,10.49,10.49,1.99,12,0,2297.58,2297.58,0,425.08,upi:2297.58
KOS-2026-005330,2026-06-14,12:56,normal_sale,active,Walk-in,Lifebuoy Soap 125g,1,piece,35.94,35.94,7.94,18,0,2297.58,2297.58,0,425.08,upi:2297.58
KOS-2026-005330,2026-06-14,12:56,normal_sale,active,Walk-in,Bournvita 500g,2,piece,275.51,551.02,87.02,18,0,2297.58,2297.58,0,425.08,upi:2297.58
KOS-2026-005330,2026-06-14,12:56,normal_sale,active,Walk-in,Dettol Antiseptic 250ml,1,piece,160.07,160.07,28.07,18,0,2297.58,2297.58,0,425.08,upi:2297.58
KOS-2026-005330,2026-06-14,12:56,normal_sale,active,Walk-in,Harpic Toilet Cleaner 500ml,2,piece,105,210,34,18,0,2297.58,2297.58,0,425.08,upi:2297.58
KOS-2026-005329,2026-06-14,12:29,normal_sale,active,Rekha Bhosale,KitKat 4-finger,1,piece,21.23,21.23,4.23,18,0,420.05,420.05,0,98.55,upi:420.05
KOS-2026-005329,2026-06-14,12:29,normal_sale,active,Rekha Bhosale,Frooti 200ml,2,piece,10.49,20.98,3.98,12,0,420.05,420.05,0,98.55,upi:420.05
KOS-2026-005329,2026-06-14,12:29,normal_sale,active,Rekha Bhosale,Yippee Noodles 70g,3,piece,14,42,9,12,0,420.05,420.05,0,98.55,upi:420.05
KOS-2026-005329,2026-06-14,12:29,normal_sale,active,Rekha Bhosale,Kurkure Masala Munch 70g,2,piece,20,40,7,12,0,420.05,420.05,0,98.55,upi:420.05
KOS-2026-005329,2026-06-14,12:29,normal_sale,active,Rekha Bhosale,Urad Dal (loose),2,kg,140.67,281.34,71.34,0,0,420.05,420.05,0,98.55,upi:420.05
KOS-2026-005329,2026-06-14,12:29,normal_sale,active,Rekha Bhosale,Sona Masoori Rice (loose),0.25,kg,58,14.5,3,0,0,420.05,420.05,0,98.55,upi:420.05
KOS-2026-005328,2026-06-14,12:15,normal_sale,active,Walk-in,Britannia Marie Gold 250g,2,piece,41.48,82.96,16.96,18,0,332.97,332.97,0,73.77,upi:332.97
KOS-2026-005328,2026-06-14,12:15,normal_sale,active,Walk-in,Lemon,11,piece,5.14,56.54,21.34,0,0,332.97,332.97,0,73.77,upi:332.97
KOS-2026-005328,2026-06-14,12:15,normal_sale,active,Walk-in,Frooti 200ml,1,piece,10.49,10.49,1.99,12,0,332.97,332.97,0,73.77,upi:332.97
KOS-2026-005328,2026-06-14,12:15,normal_sale,active,Walk-in,Fortune Sunflower Oil 1L,1,piece,168.48,168.48,30.48,5,0,332.97,332.97,0,73.77,upi:332.97
KOS-2026-005328,2026-06-14,12:15,normal_sale,active,Walk-in,Sona Masoori Rice (loose),0.25,kg,58,14.5,3,0,0,332.97,332.97,0,73.77,upi:332.97
KOS-2026-005327,2026-06-14,12:07,normal_sale,active,Walk-in,Dairy Milk 50g,1,piece,40,40,6,18,0,198.92,198.92,0,43.92,upi:198.92
KOS-2026-005327,2026-06-14,12:07,normal_sale,active,Walk-in,Nirma Washing Powder 1kg,1,piece,75.46,75.46,17.46,18,0,198.92,198.92,0,43.92,upi:198.92
KOS-2026-005327,2026-06-14,12:07,normal_sale,active,Walk-in,Potato,1,kg,26,26,8,0,0,198.92,198.92,0,43.92,upi:198.92
KOS-2026-005327,2026-06-14,12:07,normal_sale,active,Walk-in,Haldiram Bhujia 200g,1,piece,57.46,57.46,12.46,12,0,198.92,198.92,0,43.92,upi:198.92
KOS-2026-005326,2026-06-14,11:24,normal_sale,active,Anita Gupta,Coca-Cola 750ml,2,piece,42.7,85.4,21.4,28,0,357.81,357.81,0,69.81,upi:357.81
KOS-2026-005326,2026-06-14,11:24,normal_sale,active,Anita Gupta,Sugar (loose),0.5,kg,49.91,24.96,4.46,5,0,357.81,357.81,0,69.81,upi:357.81
KOS-2026-005326,2026-06-14,11:24,normal_sale,active,Anita Gupta,Maggi Noodles 70g,1,piece,14.55,14.55,3.05,12,0,357.81,357.81,0,69.81,upi:357.81
KOS-2026-005326,2026-06-14,11:24,normal_sale,active,Anita Gupta,Clinic Plus Shampoo 175ml,1,piece,140,140,22,18,0,357.81,357.81,0,69.81,upi:357.81
KOS-2026-005326,2026-06-14,11:24,normal_sale,active,Anita Gupta,Amul Masti Dahi 400g,1,piece,40,40,8,5,0,357.81,357.81,0,69.81,upi:357.81
KOS-2026-005326,2026-06-14,11:24,normal_sale,active,Anita Gupta,Britannia Brown Bread,1,piece,52.9,52.9,10.9,0,0,357.81,357.81,0,69.81,upi:357.81
KOS-2026-005325,2026-06-14,11:08,normal_sale,active,Mahesh Rane,Coca-Cola 750ml,1,piece,42.7,42.7,10.7,28,0,57.2,57,0,13.5,cash:57
KOS-2026-005325,2026-06-14,11:08,normal_sale,active,Mahesh Rane,Sona Masoori Rice (loose),0.25,kg,58,14.5,3,0,0,57.2,57,0,13.5,cash:57
KOS-2026-005324,2026-06-14,11:06,normal_sale,active,Walk-in,Parle-G Biscuit 100g,9,piece,10.55,94.95,20.25,18,0,545.35,545.35,0,107.15,cash:545.35
KOS-2026-005324,2026-06-14,11:06,normal_sale,active,Walk-in,Saffola Gold Oil 1L,1,piece,203.57,203.57,38.57,5,0,545.35,545.35,0,107.15,cash:545.35
KOS-2026-005324,2026-06-14,11:06,normal_sale,active,Walk-in,Lizol Floor Cleaner 500ml,1,piece,125,125,20,18,0,545.35,545.35,0,107.15,cash:545.35
KOS-2026-005324,2026-06-14,11:06,normal_sale,active,Walk-in,Chana Dal (loose),0.25,kg,95.24,23.81,5.31,0,0,545.35,545.35,0,107.15,cash:545.35
KOS-2026-005324,2026-06-14,11:06,normal_sale,active,Walk-in,Bingo Mad Angles 66g,2,piece,21.01,42.02,9.02,12,0,545.35,545.35,0,107.15,cash:545.35
KOS-2026-005324,2026-06-14,11:06,normal_sale,active,Walk-in,Poha (loose),1,kg,56,56,14,5,0,545.35,545.35,0,107.15,cash:545.35
KOS-2026-005323,2026-06-14,10:55,normal_sale,active,Gurpreet Bhosale,Haldiram Bhujia 200g,1,piece,57.46,57.46,12.46,12,33.53,23.93,23,0,-22,cash:23
KOS-2026-005322,2026-06-14,10:45,normal_sale,active,Walk-in,Britannia Good Day 100g,1,piece,31.73,31.73,6.73,18,32.36,460.39,460,0,75.7,cash:460
KOS-2026-005322,2026-06-14,10:45,normal_sale,active,Walk-in,Parle-G Biscuit 100g,1,piece,10.55,10.55,2.25,18,32.36,460.39,460,0,75.7,cash:460
KOS-2026-005322,2026-06-14,10:45,normal_sale,active,Walk-in,Onion,1,kg,36.44,36.44,12.44,0,32.36,460.39,460,0,75.7,cash:460
KOS-2026-005322,2026-06-14,10:45,normal_sale,active,Walk-in,Horlicks 500g,1,piece,314.21,314.21,69.21,18,32.36,460.39,460,0,75.7,cash:460
KOS-2026-005322,2026-06-14,10:45,normal_sale,active,Walk-in,Sugar (loose),2,kg,49.91,99.82,17.82,5,32.36,460.39,460,0,75.7,cash:460
KOS-2026-005321,2026-06-14,10:25,normal_sale,active,Walk-in,Tata Tea Gold 500g,3,piece,323.95,971.85,176.85,5,0,1130.71,1130.71,0,213.51,cash:1130.71
KOS-2026-005321,2026-06-14,10:25,normal_sale,active,Walk-in,Tata Salt 1kg,2,piece,33.4,66.8,18.8,0,0,1130.71,1130.71,0,213.51,cash:1130.71
KOS-2026-005321,2026-06-14,10:25,normal_sale,active,Walk-in,Match Box,2,piece,2.08,4.16,1.96,18,0,1130.71,1130.71,0,213.51,cash:1130.71
KOS-2026-005321,2026-06-14,10:25,normal_sale,active,Walk-in,Britannia Brown Bread,1,piece,52.9,52.9,10.9,0,0,1130.71,1130.71,0,213.51,cash:1130.71
KOS-2026-005321,2026-06-14,10:25,normal_sale,active,Walk-in,Oreo Biscuit 120g,1,piece,35,35,5,18,0,1130.71,1130.71,0,213.51,cash:1130.71
KOS-2026-005320,2026-06-14,10:10,normal_sale,active,Harshada Khan,Potato,1,kg,26,26,8,0,0,250.03,250.03,0,53.33,bank:250.03
KOS-2026-005320,2026-06-14,10:10,normal_sale,active,Harshada Khan,Maggi Noodles 70g,1,piece,14.55,14.55,3.05,12,0,250.03,250.03,0,53.33,bank:250.03
KOS-2026-005320,2026-06-14,10:10,normal_sale,active,Harshada Khan,Amul Masti Dahi 400g,4,piece,40,160,32,5,0,250.03,250.03,0,53.33,bank:250.03
KOS-2026-005320,2026-06-14,10:10,normal_sale,active,Harshada Khan,Britannia Marie Gold 250g,1,piece,41.48,41.48,8.48,18,0,250.03,250.03,0,53.33,bank:250.03
KOS-2026-005320,2026-06-14,10:10,normal_sale,active,Harshada Khan,Farm Eggs,1,piece,8,8,1.8,0,0,250.03,250.03,0,53.33,bank:250.03
KOS-2026-005319,2026-06-14,10:00,normal_sale,active,Walk-in,Lizol Floor Cleaner 500ml,1,piece,125,125,20,18,0,125,125,0,20,cash:125
KOS-2026-005318,2026-06-14,09:37,normal_sale,active,Walk-in,Thums Up 750ml,1,piece,41.23,41.23,9.23,28,0,1776.61,1776.61,0,299.11,cash:1776.61
KOS-2026-005318,2026-06-14,09:37,normal_sale,active,Walk-in,Maggi Noodles 70g,3,piece,14.55,43.65,9.15,12,0,1776.61,1776.61,0,299.11,cash:1776.61
KOS-2026-005318,2026-06-14,09:37,normal_sale,active,Walk-in,Amul Ghee 500ml,1,piece,369.67,369.67,54.67,12,0,1776.61,1776.61,0,299.11,cash:1776.61
KOS-2026-005318,2026-06-14,09:37,normal_sale,active,Walk-in,Saffola Gold Oil 1L,1,piece,203.57,203.57,38.57,5,0,1776.61,1776.61,0,299.11,cash:1776.61
KOS-2026-005318,2026-06-14,09:37,normal_sale,active,Walk-in,Dairy Milk 50g,3,piece,40,120,18,18,0,1776.61,1776.61,0,299.11,cash:1776.61
KOS-2026-005318,2026-06-14,09:37,normal_sale,active,Walk-in,Britannia Brown Bread,4,piece,52.9,211.6,43.6,0,0,1776.61,1776.61,0,299.11,cash:1776.61
KOS-2026-005318,2026-06-14,09:37,normal_sale,active,Walk-in,Amul Cheese Slices 200g,3,piece,140,420,54,12,0,1776.61,1776.61,0,299.11,cash:1776.61
KOS-2026-005318,2026-06-14,09:37,normal_sale,active,Walk-in,Lux Soap 100g,1,piece,40.33,40.33,10.33,18,0,1776.61,1776.61,0,299.11,cash:1776.61
KOS-2026-005318,2026-06-14,09:37,normal_sale,active,Walk-in,Britannia Marie Gold 250g,2,piece,41.48,82.96,16.96,18,0,1776.61,1776.61,0,299.11,cash:1776.61
KOS-2026-005318,2026-06-14,09:37,normal_sale,active,Walk-in,Amul Taaza Milk 500ml,3,piece,28,84,9,0,0,1776.61,1776.61,0,299.11,cash:1776.61
KOS-2026-005318,2026-06-14,09:37,normal_sale,active,Walk-in,Everest Turmeric 200g,2,piece,79.8,159.6,35.6,5,0,1776.61,1776.61,0,299.11,cash:1776.61
KOS-2026-005317,2026-06-14,09:01,normal_sale,active,Priya Shinde,Dettol Antiseptic 250ml,1,piece,160.07,160.07,28.07,18,0,430.54,430.54,0,91.04,upi:430.54
KOS-2026-005317,2026-06-14,09:01,normal_sale,active,Priya Shinde,Kurkure Masala Munch 70g,1,piece,20,20,3.5,12,0,430.54,430.54,0,91.04,upi:430.54
KOS-2026-005317,2026-06-14,09:01,normal_sale,active,Priya Shinde,Everest Turmeric 200g,1,piece,79.8,79.8,17.8,5,0,430.54,430.54,0,91.04,upi:430.54
KOS-2026-005317,2026-06-14,09:01,normal_sale,active,Priya Shinde,Amul Masti Dahi 400g,2,piece,40,80,16,5,0,430.54,430.54,0,91.04,upi:430.54
KOS-2026-005317,2026-06-14,09:01,normal_sale,active,Priya Shinde,Chana Dal (loose),0.25,kg,95.24,23.81,5.31,0,0,430.54,430.54,0,91.04,upi:430.54
KOS-2026-005317,2026-06-14,09:01,normal_sale,active,Priya Shinde,Tomato,1,kg,41.9,41.9,15.9,0,0,430.54,430.54,0,91.04,upi:430.54
KOS-2026-005317,2026-06-14,09:01,normal_sale,active,Priya Shinde,Sugar (loose),0.5,kg,49.91,24.96,4.46,5,0,430.54,430.54,0,91.04,upi:430.54
KOS-2026-005316,2026-06-14,08:44,normal_sale,active,Ganesh Shaikh,Amul Ghee 500ml,1,piece,369.67,369.67,54.67,12,25,1027.9,1027,0,157,cash:1027
KOS-2026-005316,2026-06-14,08:44,normal_sale,active,Ganesh Shaikh,Fortune Sunflower Oil 1L,2,piece,168.48,336.96,60.96,5,25,1027.9,1027,0,157,cash:1027
KOS-2026-005316,2026-06-14,08:44,normal_sale,active,Ganesh Shaikh,Reynolds Pen,1,piece,10.92,10.92,3.92,12,25,1027.9,1027,0,157,cash:1027
KOS-2026-005316,2026-06-14,08:44,normal_sale,active,Ganesh Shaikh,Dettol Antiseptic 250ml,1,piece,160.07,160.07,28.07,18,25,1027.9,1027,0,157,cash:1027
KOS-2026-005316,2026-06-14,08:44,normal_sale,active,Ganesh Shaikh,Nirma Washing Powder 1kg,1,piece,75.46,75.46,17.46,18,25,1027.9,1027,0,157,cash:1027
KOS-2026-005316,2026-06-14,08:44,normal_sale,active,Ganesh Shaikh,Sugar (loose),2,kg,49.91,99.82,17.82,5,25,1027.9,1027,0,157,cash:1027
KOS-2026-005315,2026-06-13,21:58,normal_sale,cancelled,Walk-in,Potato,1,kg,26,26,8,0,0,40.55,40.55,0,11.05,cash:19|upi:21.55
KOS-2026-005315,2026-06-13,21:58,normal_sale,cancelled,Walk-in,Maggi Noodles 70g,1,piece,14.55,14.55,3.05,12,0,40.55,40.55,0,11.05,cash:19|upi:21.55
KOS-2026-005314,2026-06-13,21:50,normal_sale,active,Walk-in,Onion,5,kg,36.44,182.2,62.2,0,25,350.59,350,0,65,cash:350
KOS-2026-005314,2026-06-13,21:50,normal_sale,active,Walk-in,Saffola Gold Oil 1L,1,piece,203.57,193.39,28.39,5,25,350.59,350,0,65,cash:350
KOS-2026-005313,2026-06-13,21:07,normal_sale,active,Priya Patil,Amul Taaza Milk 500ml,2,piece,28,56,6,0,0,1334.92,1334,0,263.7,cash:1334
KOS-2026-005313,2026-06-13,21:07,normal_sale,active,Priya Patil,Match Box,1,piece,2.08,2.08,0.98,18,0,1334.92,1334,0,263.7,cash:1334
KOS-2026-005313,2026-06-13,21:07,normal_sale,active,Priya Patil,Rajma (loose),0.5,kg,145.1,72.55,18.55,0,0,1334.92,1334,0,263.7,cash:1334
KOS-2026-005313,2026-06-13,21:07,normal_sale,active,Priya Patil,Farm Eggs,1,piece,8,8,1.8,0,0,1334.92,1334,0,263.7,cash:1334
KOS-2026-005313,2026-06-13,21:07,normal_sale,active,Priya Patil,Harpic Toilet Cleaner 500ml,1,piece,105,105,17,18,0,1334.92,1334,0,263.7,cash:1334
KOS-2026-005313,2026-06-13,21:07,normal_sale,active,Priya Patil,Potato,1,kg,26,26,8,0,0,1334.92,1334,0,263.7,cash:1334
KOS-2026-005313,2026-06-13,21:07,normal_sale,active,Priya Patil,Clinic Plus Shampoo 175ml,4,piece,140,560,88,18,0,1334.92,1334,0,263.7,cash:1334
KOS-2026-005313,2026-06-13,21:07,normal_sale,active,Priya Patil,Britannia Good Day 100g,1,piece,31.73,31.73,6.73,18,0,1334.92,1334,0,263.7,cash:1334
KOS-2026-005313,2026-06-13,21:07,normal_sale,active,Priya Patil,Toor Dal (loose),2,kg,161.66,323.32,87.32,0,0,1334.92,1334,0,263.7,cash:1334
KOS-2026-005313,2026-06-13,21:07,normal_sale,active,Priya Patil,Amul Gold Milk 500ml,2,piece,34.79,69.58,9.58,0,0,1334.92,1334,0,263.7,cash:1334
KOS-2026-005313,2026-06-13,21:07,normal_sale,active,Priya Patil,Lux Soap 100g,2,piece,40.33,80.66,20.66,18,0,1334.92,1334,0,263.7,cash:1334
KOS-2026-005312,2026-06-13,21:03,normal_sale,active,Walk-in,Frooti 200ml,2,piece,10.49,20.98,3.98,12,0,1050.35,1050.35,0,276.75,upi:1050.35
KOS-2026-005312,2026-06-13,21:03,normal_sale,active,Walk-in,Close Up Red 150g,1,piece,95.79,95.79,17.79,18,0,1050.35,1050.35,0,276.75,upi:1050.35
KOS-2026-005312,2026-06-13,21:03,normal_sale,active,Walk-in,Wheat Atta (loose),0.25,kg,42,10.5,2.5,0,0,1050.35,1050.35,0,276.75,upi:1050.35
KOS-2026-005312,2026-06-13,21:03,normal_sale,active,Walk-in,Ginger,5,kg,116.02,580.1,190.1,0,0,1050.35,1050.35,0,276.75,upi:1050.35
KOS-2026-005312,2026-06-13,21:03,normal_sale,active,Walk-in,Kissan Tomato Ketchup 500g,2,piece,105,210,34,12,0,1050.35,1050.35,0,276.75,upi:1050.35
KOS-2026-005312,2026-06-13,21:03,normal_sale,active,Walk-in,Amul Masti Dahi 400g,1,piece,40,40,8,5,0,1050.35,1050.35,0,276.75,upi:1050.35
KOS-2026-005312,2026-06-13,21:03,normal_sale,active,Walk-in,Lifebuoy Soap 125g,2,piece,35.94,71.88,15.88,18,0,1050.35,1050.35,0,276.75,upi:1050.35
KOS-2026-005312,2026-06-13,21:03,normal_sale,active,Walk-in,Parle-G Biscuit 100g,2,piece,10.55,21.1,4.5,18,0,1050.35,1050.35,0,276.75,upi:1050.35
KOS-2026-005311,2026-06-13,20:20,normal_sale,active,Walk-in,Rajma (loose),0.25,kg,145.1,36.28,9.28,0,0,151.03,151.03,0,45.53,upi:151.03
KOS-2026-005311,2026-06-13,20:20,normal_sale,active,Walk-in,Tomato,1,kg,41.9,41.9,15.9,0,0,151.03,151.03,0,45.53,upi:151.03
KOS-2026-005311,2026-06-13,20:20,normal_sale,active,Walk-in,Camphor 50g,1,piece,58.85,58.85,16.85,12,0,151.03,151.03,0,45.53,upi:151.03
KOS-2026-005311,2026-06-13,20:20,normal_sale,active,Walk-in,Poha (loose),0.25,kg,56,14,3.5,5,0,151.03,151.03,0,45.53,upi:151.03
KOS-2026-005310,2026-06-13,19:57,normal_sale,active,Walk-in,Reynolds Pen,2,piece,10.92,21.84,7.84,12,25,352.38,352.38,0,65.48,upi:352.38
KOS-2026-005310,2026-06-13,19:57,normal_sale,active,Walk-in,Onion,0.5,kg,36.44,18.22,6.22,0,25,352.38,352.38,0,65.48,upi:352.38
KOS-2026-005310,2026-06-13,19:57,normal_sale,active,Walk-in,Parle-G Biscuit 100g,1,piece,10.55,10.55,2.25,18,25,352.38,352.38,0,65.48,upi:352.38
KOS-2026-005310,2026-06-13,19:57,normal_sale,active,Walk-in,Match Box,1,piece,2.08,2.08,0.98,18,25,352.38,352.38,0,65.48,upi:352.38
KOS-2026-005310,2026-06-13,19:57,normal_sale,active,Walk-in,Tomato,0.25,kg,41.9,10.48,3.98,0,25,352.38,352.38,0,65.48,upi:352.38
KOS-2026-005310,2026-06-13,19:57,normal_sale,active,Walk-in,Horlicks 500g,1,piece,314.21,314.21,69.21,18,25,352.38,352.38,0,65.48,upi:352.38
KOS-2026-005309,2026-06-13,19:56,normal_sale,active,Walk-in,Lemon,1,piece,5.14,5.14,1.94,0,0,23.36,23.36,0,8.16,cash:23.36
KOS-2026-005309,2026-06-13,19:56,normal_sale,active,Walk-in,Onion,0.5,kg,36.44,18.22,6.22,0,0,23.36,23.36,0,8.16,cash:23.36
KOS-2026-005308,2026-06-13,19:51,normal_sale,active,Walk-in,Amul Butter 100g,1,piece,63.31,63.31,9.31,12,41.21,34.58,34.58,0,-29.67,upi:34.58
KOS-2026-005308,2026-06-13,19:51,normal_sale,active,Walk-in,Sugar (loose),0.25,kg,49.91,12.48,2.23,5,41.21,34.58,34.58,0,-29.67,upi:34.58
KOS-2026-005307,2026-06-13,19:33,normal_sale,active,Nitin Shaikh,Frooti 200ml,1,piece,10.49,10.49,1.99,12,0,91.31,91.31,0,25.31,upi:91.31
KOS-2026-005307,2026-06-13,19:33,normal_sale,active,Nitin Shaikh,Coca-Cola 750ml,1,piece,42.7,42.7,10.7,28,0,91.31,91.31,0,25.31,upi:91.31
KOS-2026-005307,2026-06-13,19:33,normal_sale,active,Nitin Shaikh,Onion,0.25,kg,36.44,9.11,3.11,0,0,91.31,91.31,0,25.31,upi:91.31
KOS-2026-005307,2026-06-13,19:33,normal_sale,active,Nitin Shaikh,Ginger,0.25,kg,116.02,29.01,9.51,0,0,91.31,91.31,0,25.31,upi:91.31
KOS-2026-005306,2026-06-13,19:18,normal_sale,active,Maria Shinde,Tata Salt 1kg,1,piece,33.4,33.4,9.4,0,0,188.52,0,188.52,39.52,
KOS-2026-005306,2026-06-13,19:18,normal_sale,active,Maria Shinde,Britannia Marie Gold 250g,1,piece,41.48,41.48,8.48,18,0,188.52,0,188.52,39.52,
KOS-2026-005306,2026-06-13,19:18,normal_sale,active,Maria Shinde,Colgate Strong Teeth 200g,1,piece,113.64,113.64,21.64,18,0,188.52,0,188.52,39.52,
KOS-2026-005305,2026-06-13,18:54,normal_sale,active,Walk-in,Thums Up 750ml,2,piece,41.23,82.46,18.46,28,0,242.46,242,0,46,cash:242
KOS-2026-005305,2026-06-13,18:54,normal_sale,active,Walk-in,Kurkure Masala Munch 70g,8,piece,20,160,28,12,0,242.46,242,0,46,cash:242
KOS-2026-005304,2026-06-13,18:20,normal_sale,active,Meena Rane,Kissan Tomato Ketchup 500g,2,piece,105,210,34,12,0,362.71,0,362.71,68.21,
KOS-2026-005304,2026-06-13,18:20,normal_sale,active,Meena Rane,Gillette Guard Razor,1,piece,35.93,35.93,7.93,18,0,362.71,0,362.71,68.21,
KOS-2026-005304,2026-06-13,18:20,normal_sale,active,Meena Rane,Lifebuoy Soap 125g,2,piece,35.94,71.88,15.88,18,0,362.71,0,362.71,68.21,
KOS-2026-005304,2026-06-13,18:20,normal_sale,active,Meena Rane,Vim Dishwash Bar 200g,1,piece,21.09,21.09,5.09,18,0,362.71,0,362.71,68.21,
KOS-2026-005304,2026-06-13,18:20,normal_sale,active,Meena Rane,Chana Dal (loose),0.25,kg,95.24,23.81,5.31,0,0,362.71,0,362.71,68.21,
KOS-2026-005303,2026-06-13,17:54,normal_sale,active,Rohit Kulkarni,Ariel Detergent 1kg,1,piece,163.43,163.43,31.43,18,0,232,64,168,50,upi:64
KOS-2026-005303,2026-06-13,17:54,normal_sale,active,Rohit Kulkarni,Tomato,0.5,kg,41.9,20.95,7.95,0,0,232,64,168,50,upi:64
KOS-2026-005303,2026-06-13,17:54,normal_sale,active,Rohit Kulkarni,Chana Dal (loose),0.5,kg,95.24,47.62,10.62,0,0,232,64,168,50,upi:64
KOS-2026-005302,2026-06-13,17:52,normal_sale,active,Walk-in,Maggi Noodles 70g,1,piece,14.55,14.55,3.05,12,0,14.55,14.55,0,3.05,cash:14.55
KOS-2026-005301,2026-06-13,17:48,normal_sale,active,Walk-in,Bisleri Water 1L,1,piece,20,20,7,18,0,1660.54,1660.54,0,325.54,bank:1660.54
KOS-2026-005301,2026-06-13,17:48,normal_sale,active,Walk-in,Dairy Milk 50g,1,piece,40,40,6,18,0,1660.54,1660.54,0,325.54,bank:1660.54
KOS-2026-005301,2026-06-13,17:48,normal_sale,active,Walk-in,Surf Excel Easy Wash 1kg,2,piece,143.99,287.98,51.98,18,0,1660.54,1660.54,0,325.54,bank:1660.54
KOS-2026-005301,2026-06-13,17:48,normal_sale,active,Walk-in,Tata Salt 1kg,3,piece,33.4,100.2,28.2,0,0,1660.54,1660.54,0,325.54,bank:1660.54
KOS-2026-005301,2026-06-13,17:48,normal_sale,active,Walk-in,Aashirvaad Atta 5kg,4,piece,303.09,1212.36,232.36,5,0,1660.54,1660.54,0,325.54,bank:1660.54
KOS-2026-005300,2026-06-13,17:38,normal_sale,active,Shalini Sharma,Frooti 200ml,1,piece,10.49,10.49,1.99,12,0,645.39,645.39,0,108.89,cash:303|upi:342.39
KOS-2026-005300,2026-06-13,17:38,normal_sale,active,Shalini Sharma,AA Battery (2 pc),1,piece,36,36,8,18,0,645.39,645.39,0,108.89,cash:303|upi:342.39
KOS-2026-005300,2026-06-13,17:38,normal_sale,active,Shalini Sharma,Ariel Detergent 1kg,2,piece,163.43,310.52,46.52,18,0,645.39,645.39,0,108.89,cash:303|upi:342.39
KOS-2026-005300,2026-06-13,17:38,normal_sale,active,Shalini Sharma,Kissan Mixed Fruit Jam 200g,1,piece,82,82,14,12,0,645.39,645.39,0,108.89,cash:303|upi:342.39
KOS-2026-005300,2026-06-13,17:38,normal_sale,active,Shalini Sharma,Nescafe Classic 50g,1,piece,206.38,206.38,38.38,18,0,645.39,645.39,0,108.89,cash:303|upi:342.39
KOS-2026-005299,2026-06-13,17:35,normal_sale,active,Walk-in,Chana Dal (loose),0.25,kg,95.24,23.81,5.31,0,0,120.05,120.05,0,31.55,upi:120.05
KOS-2026-005299,2026-06-13,17:35,normal_sale,active,Walk-in,Bingo Mad Angles 66g,1,piece,21.01,21.01,4.51,12,0,120.05,120.05,0,31.55,upi:120.05
KOS-2026-005299,2026-06-13,17:35,normal_sale,active,Walk-in,Bisleri Water 1L,2,piece,20,40,14,18,0,120.05,120.05,0,31.55,upi:120.05
KOS-2026-005299,2026-06-13,17:35,normal_sale,active,Walk-in,Poha (loose),0.25,kg,56,14,3.5,5,0,120.05,120.05,0,31.55,upi:120.05
KOS-2026-005299,2026-06-13,17:35,normal_sale,active,Walk-in,KitKat 4-finger,1,piece,21.23,21.23,4.23,18,0,120.05,120.05,0,31.55,upi:120.05
KOS-2026-005298,2026-06-13,17:32,normal_sale,active,Harshada Khan,Ginger,5,kg,116.02,580.1,190.1,0,21.72,749.57,749.57,0,215.57,upi:749.57
KOS-2026-005298,2026-06-13,17:32,normal_sale,active,Harshada Khan,Rava / Sooji (loose),2,kg,48.98,97.96,25.96,5,21.72,749.57,749.57,0,215.57,upi:749.57
KOS-2026-005298,2026-06-13,17:32,normal_sale,active,Harshada Khan,Britannia Brown Bread,1,piece,52.9,52.9,10.9,0,21.72,749.57,749.57,0,215.57,upi:749.57
KOS-2026-005298,2026-06-13,17:32,normal_sale,active,Harshada Khan,Lux Soap 100g,1,piece,40.33,40.33,10.33,18,21.72,749.57,749.57,0,215.57,upi:749.57
KOS-2026-005297,2026-06-13,17:25,normal_sale,active,Walk-in,Tata Salt 1kg,3,piece,33.4,100.2,28.2,0,0,234.87,234,0,58,cash:234
KOS-2026-005297,2026-06-13,17:25,normal_sale,active,Walk-in,Coca-Cola 750ml,1,piece,42.7,42.7,10.7,28,0,234.87,234,0,58,cash:234
KOS-2026-005297,2026-06-13,17:25,normal_sale,active,Walk-in,Good Knight Refill 45ml,1,piece,91.97,91.97,19.97,18,0,234.87,234,0,58,cash:234
KOS-2026-005296,2026-06-13,17:24,normal_sale,active,Walk-in,MDH Garam Masala 100g,1,piece,95.44,95.44,17.44,5,0,95.44,95,0,17,cash:95
KOS-2026-005295,2026-06-13,17:18,normal_sale,active,Walk-in,Parle-G Biscuit 100g,2,piece,10.55,21.1,4.5,18,25,940.05,940.05,0,154.95,upi:940.05
KOS-2026-005295,2026-06-13,17:18,normal_sale,active,Walk-in,Vim Liquid 500ml,2,piece,122.49,244.98,48.98,18,25,940.05,940.05,0,154.95,upi:940.05
KOS-2026-005295,2026-06-13,17:18,normal_sale,active,Walk-in,Frooti 200ml,1,piece,10.49,10.49,1.99,12,25,940.05,940.05,0,154.95,upi:940.05
KOS-2026-005295,2026-06-13,17:18,normal_sale,active,Walk-in,Surf Excel Easy Wash 1kg,4,piece,143.99,575.96,103.96,18,25,940.05,940.05,0,154.95,upi:940.05
KOS-2026-005295,2026-06-13,17:18,normal_sale,active,Walk-in,Maggi Noodles 8-pack,1,piece,112.52,112.52,20.52,12,25,940.05,940.05,0,154.95,upi:940.05
KOS-2026-005294,2026-06-13,17:17,normal_sale,active,Lata Sharma,Bingo Mad Angles 66g,2,piece,21.01,42.02,9.02,12,0,407.99,407.99,0,91.49,cash:407.99
KOS-2026-005294,2026-06-13,17:17,normal_sale,active,Lata Sharma,Coca-Cola 750ml,1,piece,42.7,42.7,10.7,28,0,407.99,407.99,0,91.49,cash:407.99
KOS-2026-005294,2026-06-13,17:17,normal_sale,active,Lata Sharma,Sona Masoori Rice (loose),0.5,kg,58,29,6,0,0,407.99,407.99,0,91.49,cash:407.99
KOS-2026-005294,2026-06-13,17:17,normal_sale,active,Lata Sharma,Amul Masti Dahi 400g,1,piece,40,40,8,5,0,407.99,407.99,0,91.49,cash:407.99
KOS-2026-005294,2026-06-13,17:17,normal_sale,active,Lata Sharma,Urad Dal (loose),0.5,kg,140.67,70.33,17.83,0,0,407.99,407.99,0,91.49,cash:407.99
KOS-2026-005294,2026-06-13,17:17,normal_sale,active,Lata Sharma,Good Knight Refill 45ml,2,piece,91.97,183.94,39.94,18,0,407.99,407.99,0,91.49,cash:407.99
KOS-2026-005293,2026-06-13,16:19,normal_sale,active,Joseph Sharma,Rava / Sooji (loose),0.5,kg,48.98,24.49,6.49,5,0,930.4,930.4,0,199.65,cash:930.4
KOS-2026-005293,2026-06-13,16:19,normal_sale,active,Joseph Sharma,Kissan Mixed Fruit Jam 200g,3,piece,82,246,42,12,0,930.4,930.4,0,199.65,cash:930.4
KOS-2026-005293,2026-06-13,16:19,normal_sale,active,Joseph Sharma,Good Knight Refill 45ml,4,piece,91.97,367.88,79.88,18,0,930.4,930.4,0,199.65,cash:930.4
KOS-2026-005293,2026-06-13,16:19,normal_sale,active,Joseph Sharma,Poha (loose),0.5,kg,56,28,7,5,0,930.4,930.4,0,199.65,cash:930.4
KOS-2026-005293,2026-06-13,16:19,normal_sale,active,Joseph Sharma,Toor Dal (loose),0.5,kg,161.66,80.83,21.83,0,0,930.4,930.4,0,199.65,cash:930.4
KOS-2026-005293,2026-06-13,16:19,normal_sale,active,Joseph Sharma,Kurkure Masala Munch 70g,3,piece,20,60,10.5,12,0,930.4,930.4,0,199.65,cash:930.4
KOS-2026-005293,2026-06-13,16:19,normal_sale,active,Joseph Sharma,KitKat 4-finger,1,piece,21.23,21.23,4.23,18,0,930.4,930.4,0,199.65,cash:930.4
KOS-2026-005293,2026-06-13,16:19,normal_sale,active,Joseph Sharma,Tata Salt 1kg,2,piece,33.4,66.8,18.8,0,0,930.4,930.4,0,199.65,cash:930.4
KOS-2026-005293,2026-06-13,16:19,normal_sale,active,Joseph Sharma,Urad Dal (loose),0.25,kg,140.67,35.17,8.92,0,0,930.4,930.4,0,199.65,cash:930.4
EST-2026-000057,2026-06-13,13:56,estimate,active,Anita More,Everest Turmeric 200g,1,piece,79.8,79.8,17.8,5,0,1210.78,1210.78,0,243.78,cash:1210.78
EST-2026-000057,2026-06-13,13:56,estimate,active,Anita More,Amul Butter 100g,3,piece,63.31,189.93,27.93,12,0,1210.78,1210.78,0,243.78,cash:1210.78
EST-2026-000057,2026-06-13,13:56,estimate,active,Anita More,Potato,1,kg,26,26,8,0,0,1210.78,1210.78,0,243.78,cash:1210.78
EST-2026-000057,2026-06-13,13:56,estimate,active,Anita More,Lifebuoy Soap 125g,1,piece,35.94,35.94,7.94,18,0,1210.78,1210.78,0,243.78,cash:1210.78
EST-2026-000057,2026-06-13,13:56,estimate,active,Anita More,Sugar (loose),2,kg,49.91,99.82,17.82,5,0,1210.78,1210.78,0,243.78,cash:1210.78
EST-2026-000057,2026-06-13,13:56,estimate,active,Anita More,Aashirvaad Atta 5kg,1,piece,303.09,303.09,58.09,5,0,1210.78,1210.78,0,243.78,cash:1210.78
EST-2026-000057,2026-06-13,13:56,estimate,active,Anita More,Chana Dal (loose),5,kg,95.24,476.2,106.2,0,0,1210.78,1210.78,0,243.78,cash:1210.78
KOS-2026-005292,2026-06-13,12:56,normal_sale,active,Walk-in,Sona Masoori Rice (loose),1,kg,58,58,12,0,0,110.53,110.53,0,22.33,cash:110.53
KOS-2026-005292,2026-06-13,12:56,normal_sale,active,Walk-in,Amul Masti Dahi 400g,1,piece,40,40,8,5,0,110.53,110.53,0,22.33,cash:110.53
KOS-2026-005292,2026-06-13,12:56,normal_sale,active,Walk-in,Frooti 200ml,1,piece,10.49,10.49,1.99,12,0,110.53,110.53,0,22.33,cash:110.53
KOS-2026-005292,2026-06-13,12:56,normal_sale,active,Walk-in,Center Fresh Gum (jar pc),2,piece,1.02,2.04,0.34,18,0,110.53,110.53,0,22.33,cash:110.53
KOS-2026-005291,2026-06-13,12:28,normal_sale,active,Trupti Rane,Frooti 200ml,1,piece,10.49,10.49,1.99,12,0,10.49,10.49,0,1.99,bank:10.49
KOS-2026-005290,2026-06-13,12:27,normal_sale,active,Walk-in,5 Star 25g,1,piece,10,10,1.5,18,0,69.45,69.45,0,16.95,upi:69.45
KOS-2026-005290,2026-06-13,12:27,normal_sale,active,Walk-in,Onion,0.5,kg,36.44,18.22,6.22,0,0,69.45,69.45,0,16.95,upi:69.45
KOS-2026-005290,2026-06-13,12:27,normal_sale,active,Walk-in,Thums Up 750ml,1,piece,41.23,41.23,9.23,28,0,69.45,69.45,0,16.95,upi:69.45
KOS-2026-005289,2026-06-13,11:32,normal_sale,active,Walk-in,Saffola Gold Oil 1L,1,piece,203.57,203.57,38.57,5,25.62,199.18,199.18,0,17.18,upi:199.18
KOS-2026-005289,2026-06-13,11:32,normal_sale,active,Walk-in,KitKat 4-finger,1,piece,21.23,21.23,4.23,18,25.62,199.18,199.18,0,17.18,upi:199.18
KOS-2026-005288,2026-06-13,11:09,normal_sale,active,Walk-in,Amul Gold Milk 500ml,1,piece,34.79,34.79,4.79,0,0,232.48,232,0,54,cash:232
KOS-2026-005288,2026-06-13,11:09,normal_sale,active,Walk-in,Bisleri Water 1L,2,piece,20,40,14,18,0,232.48,232,0,54,cash:232
KOS-2026-005288,2026-06-13,11:09,normal_sale,active,Walk-in,Good Knight Refill 45ml,1,piece,91.97,91.97,19.97,18,0,232.48,232,0,54,cash:232
KOS-2026-005288,2026-06-13,11:09,normal_sale,active,Walk-in,Thums Up 750ml,1,piece,41.23,41.23,9.23,28,0,232.48,232,0,54,cash:232
KOS-2026-005288,2026-06-13,11:09,normal_sale,active,Walk-in,Rava / Sooji (loose),0.5,kg,48.98,24.49,6.49,5,0,232.48,232,0,54,cash:232
KOS-2026-005287,2026-06-13,10:50,normal_sale,active,Walk-in,AA Battery (2 pc),3,piece,36,108,24,18,0,149.23,149.23,0,33.23,upi:149.23
KOS-2026-005287,2026-06-13,10:50,normal_sale,active,Walk-in,Thums Up 750ml,1,piece,41.23,41.23,9.23,28,0,149.23,149.23,0,33.23,upi:149.23
KOS-2026-005286,2026-06-13,10:47,normal_sale,active,Walk-in,Agarbatti Pack (20 sticks),4,piece,31.3,125.2,29.2,12,0,179.7,179.7,0,40.2,cash:179.7
KOS-2026-005286,2026-06-13,10:47,normal_sale,active,Walk-in,Amul Masti Dahi 400g,1,piece,40,40,8,5,0,179.7,179.7,0,40.2,cash:179.7
KOS-2026-005286,2026-06-13,10:47,normal_sale,active,Walk-in,Sona Masoori Rice (loose),0.25,kg,58,14.5,3,0,0,179.7,179.7,0,40.2,cash:179.7
KOS-2026-005285,2026-06-13,10:45,normal_sale,active,Walk-in,Lemon,3,piece,5.14,15.42,5.82,0,0,25.91,25,0,6.9,cash:25
KOS-2026-005285,2026-06-13,10:45,normal_sale,active,Walk-in,Frooti 200ml,1,piece,10.49,10.49,1.99,12,0,25.91,25,0,6.9,cash:25
KOS-2026-005284,2026-06-13,10:36,normal_sale,active,Walk-in,Harpic Toilet Cleaner 500ml,1,piece,105,105,17,18,0,115.49,115.49,0,18.99,cash:115.49
KOS-2026-005284,2026-06-13,10:36,normal_sale,active,Walk-in,Frooti 200ml,1,piece,10.49,10.49,1.99,12,0,115.49,115.49,0,18.99,cash:115.49
KOS-2026-005283,2026-06-13,10:09,normal_sale,active,Walk-in,Parle-G Biscuit 100g,1,piece,10.55,10.55,2.25,18,0,10.55,10,0,1.7,cash:10
KOS-2026-005282,2026-06-13,10:01,normal_sale,active,Walk-in,Chana Dal (loose),5,kg,95.24,476.2,106.2,0,0,2157.94,2157.94,0,588.89,cash:2157.94
KOS-2026-005282,2026-06-13,10:01,normal_sale,active,Walk-in,Ginger,5,kg,116.02,580.1,190.1,0,0,2157.94,2157.94,0,588.89,cash:2157.94
KOS-2026-005282,2026-06-13,10:01,normal_sale,active,Walk-in,Garlic,5,kg,156.74,783.7,223.7,0,0,2157.94,2157.94,0,588.89,cash:2157.94
KOS-2026-005282,2026-06-13,10:01,normal_sale,active,Walk-in,Coca-Cola 750ml,2,piece,42.7,85.4,21.4,28,0,2157.94,2157.94,0,588.89,cash:2157.94
KOS-2026-005282,2026-06-13,10:01,normal_sale,active,Walk-in,Lemon,1,piece,5.14,5.14,1.94,0,0,2157.94,2157.94,0,588.89,cash:2157.94
KOS-2026-005282,2026-06-13,10:01,normal_sale,active,Walk-in,Center Fresh Gum (jar pc),1,piece,1.02,1.02,0.17,18,0,2157.94,2157.94,0,588.89,cash:2157.94
KOS-2026-005282,2026-06-13,10:01,normal_sale,active,Walk-in,Nescafe Classic 50g,1,piece,206.38,206.38,38.38,18,0,2157.94,2157.94,0,588.89,cash:2157.94
KOS-2026-005282,2026-06-13,10:01,normal_sale,active,Walk-in,Bisleri Water 1L,1,piece,20,20,7,18,0,2157.94,2157.94,0,588.89,cash:2157.94
KOS-2026-005281,2026-06-13,09:46,normal_sale,active,Walk-in,Center Fresh Gum (jar pc),1,piece,1.02,1.02,0.17,18,0,1057.39,1057,0,195.35,cash:1057
KOS-2026-005281,2026-06-13,09:46,normal_sale,active,Walk-in,Tata Salt 1kg,1,piece,33.4,33.4,9.4,0,0,1057.39,1057,0,195.35,cash:1057
KOS-2026-005281,2026-06-13,09:46,normal_sale,active,Walk-in,Parle-G Biscuit 100g,1,piece,10.55,10.55,2.25,18,0,1057.39,1057,0,195.35,cash:1057
KOS-2026-005281,2026-06-13,09:46,normal_sale,active,Walk-in,Maggi Noodles 70g,1,piece,14.55,14.55,3.05,12,0,1057.39,1057,0,195.35,cash:1057
KOS-2026-005281,2026-06-13,09:46,normal_sale,active,Walk-in,Fortune Sunflower Oil 1L,4,piece,168.48,673.92,121.92,5,0,1057.39,1057,0,195.35,cash:1057
KOS-2026-005281,2026-06-13,09:46,normal_sale,active,Walk-in,Tata Tea Gold 500g,1,piece,323.95,323.95,58.95,5,0,1057.39,1057,0,195.35,cash:1057
KOS-2026-005280,2026-06-13,09:16,normal_sale,active,Imran Dsouza,Kurkure Masala Munch 70g,2,piece,20,40,7,12,0,396.86,0,396.86,72.76,
KOS-2026-005280,2026-06-13,09:16,normal_sale,active,Imran Dsouza,Harpic Toilet Cleaner 500ml,2,piece,105,210,34,18,0,396.86,0,396.86,72.76,
KOS-2026-005280,2026-06-13,09:16,normal_sale,active,Imran Dsouza,Lux Soap 100g,1,piece,40.33,40.33,10.33,18,0,396.86,0,396.86,72.76,
KOS-2026-005280,2026-06-13,09:16,normal_sale,active,Imran Dsouza,Sunfeast Dark Fantasy 75g,2,piece,41.68,83.36,15.36,18,0,396.86,0,396.86,72.76,
KOS-2026-005280,2026-06-13,09:16,normal_sale,active,Imran Dsouza,Match Box,1,piece,2.08,2.08,0.98,18,0,396.86,0,396.86,72.76,
KOS-2026-005280,2026-06-13,09:16,normal_sale,active,Imran Dsouza,Vim Dishwash Bar 200g,1,piece,21.09,21.09,5.09,18,0,396.86,0,396.86,72.76,
KOS-2026-005279,2026-06-13,09:12,normal_sale,active,Walk-in,Dettol Antiseptic 250ml,2,piece,160.07,320.14,56.14,18,0,320.14,320,0,56,cash:320
KOS-2026-005278,2026-06-13,08:34,normal_sale,active,Suresh Kulkarni,Lizol Floor Cleaner 500ml,3,piece,125,375,60,18,0,414.19,414.19,0,71.19,upi:414.19
KOS-2026-005278,2026-06-13,08:34,normal_sale,active,Suresh Kulkarni,Garlic,0.25,kg,156.74,39.19,11.19,0,0,414.19,414.19,0,71.19,upi:414.19
KOS-2026-005277,2026-06-13,08:13,normal_sale,active,Walk-in,Bingo Mad Angles 66g,1,piece,21.01,21.01,4.51,12,0,582.41,582,0,107,cash:582
KOS-2026-005277,2026-06-13,08:13,normal_sale,active,Walk-in,Amul Butter 100g,1,piece,63.31,63.31,9.31,12,0,582.41,582,0,107,cash:582
KOS-2026-005277,2026-06-13,08:13,normal_sale,active,Walk-in,Frooti 200ml,1,piece,10.49,10.49,1.99,12,0,582.41,582,0,107,cash:582
KOS-2026-005277,2026-06-13,08:13,normal_sale,active,Walk-in,Lizol Floor Cleaner 500ml,2,piece,125,250,40,18,0,582.41,582,0,107,cash:582
KOS-2026-005277,2026-06-13,08:13,normal_sale,active,Walk-in,Potato,1,kg,26,26,8,0,0,582.41,582,0,107,cash:582
KOS-2026-005277,2026-06-13,08:13,normal_sale,active,Walk-in,Britannia Brown Bread,4,piece,52.9,211.6,43.6,0,0,582.41,582,0,107,cash:582
KOS-2026-005276,2026-06-12,21:53,normal_sale,active,Hotel Green Leaf,Garlic,0.25,kg,156.74,39.19,11.19,0,0,97.2,0,97.2,30.2,
KOS-2026-005276,2026-06-12,21:53,normal_sale,active,Hotel Green Leaf,Ginger,0.5,kg,116.02,58.01,19.01,0,0,97.2,0,97.2,30.2,
KOS-2026-005275,2026-06-12,21:42,normal_sale,active,Walk-in,Amul Butter 100g,1,piece,63.31,63.31,9.31,12,0,92.33,92.33,0,12.48,upi:92.33
KOS-2026-005275,2026-06-12,21:42,normal_sale,active,Walk-in,Amul Taaza Milk 500ml,1,piece,28,28,3,0,0,92.33,92.33,0,12.48,upi:92.33
KOS-2026-005275,2026-06-12,21:42,normal_sale,active,Walk-in,Center Fresh Gum (jar pc),1,piece,1.02,1.02,0.17,18,0,92.33,92.33,0,12.48,upi:92.33
KOS-2026-005274,2026-06-12,21:41,normal_sale,active,Walk-in,AA Battery (2 pc),2,piece,36,72,16,18,25,1499.15,1499.15,0,225.65,upi:1499.15
KOS-2026-005274,2026-06-12,21:41,normal_sale,active,Walk-in,Sugar (loose),0.5,kg,49.91,24.96,4.46,5,25,1499.15,1499.15,0,225.65,upi:1499.15
KOS-2026-005274,2026-06-12,21:41,normal_sale,active,Walk-in,Moong Dal (loose),0.25,kg,130.61,32.65,8.65,0,25,1499.15,1499.15,0,225.65,upi:1499.15
KOS-2026-005274,2026-06-12,21:41,normal_sale,active,Walk-in,Mother Dairy Paneer 200g,4,piece,105,399,47,5,25,1499.15,1499.15,0,225.65,upi:1499.15
KOS-2026-005274,2026-06-12,21:41,normal_sale,active,Walk-in,Amul Cheese Slices 200g,4,piece,140,560,72,12,25,1499.15,1499.15,0,225.65,upi:1499.15
KOS-2026-005274,2026-06-12,21:41,normal_sale,active,Walk-in,Camphor 50g,2,piece,58.85,117.7,33.7,12,25,1499.15,1499.15,0,225.65,upi:1499.15
KOS-2026-005274,2026-06-12,21:41,normal_sale,active,Walk-in,Frooti 200ml,1,piece,10.49,10.49,1.99,12,25,1499.15,1499.15,0,225.65,upi:1499.15
KOS-2026-005274,2026-06-12,21:41,normal_sale,active,Walk-in,Basmati Rice Premium (loose),0.5,kg,126.71,63.36,17.36,0,25,1499.15,1499.15,0,225.65,upi:1499.15
KOS-2026-005274,2026-06-12,21:41,normal_sale,active,Walk-in,Toor Dal (loose),0.25,kg,161.66,40.42,10.92,0,25,1499.15,1499.15,0,225.65,upi:1499.15
KOS-2026-005274,2026-06-12,21:41,normal_sale,active,Walk-in,Saffola Gold Oil 1L,1,piece,203.57,203.57,38.57,5,25,1499.15,1499.15,0,225.65,upi:1499.15
KOS-2026-005273,2026-06-12,21:32,normal_sale,active,Walk-in,Tomato,2,kg,41.9,83.8,31.8,0,0,482.35,482.35,0,105.85,bank:482.35
KOS-2026-005273,2026-06-12,21:32,normal_sale,active,Walk-in,Lux Soap 100g,2,piece,40.33,80.66,20.66,18,0,482.35,482.35,0,105.85,bank:482.35
KOS-2026-005273,2026-06-12,21:32,normal_sale,active,Walk-in,Lays Classic Salted 52g,1,piece,22.47,22.47,5.97,12,0,482.35,482.35,0,105.85,bank:482.35
KOS-2026-005273,2026-06-12,21:32,normal_sale,active,Walk-in,Amul Butter 100g,4,piece,63.31,253.24,37.24,12,0,482.35,482.35,0,105.85,bank:482.35
KOS-2026-005273,2026-06-12,21:32,normal_sale,active,Walk-in,Vim Dishwash Bar 200g,2,piece,21.09,42.18,10.18,18,0,482.35,482.35,0,105.85,bank:482.35
KOS-2026-005272,2026-06-12,21:15,normal_sale,active,Walk-in,Colgate Strong Teeth 200g,3,piece,113.64,340.92,64.92,18,12.2,338.72,338.72,0,54.22,cash:212|upi:126.72
KOS-2026-005272,2026-06-12,21:15,normal_sale,active,Walk-in,5 Star 25g,1,piece,10,10,1.5,18,12.2,338.72,338.72,0,54.22,cash:212|upi:126.72
KOS-2026-005271,2026-06-12,20:43,normal_sale,active,Walk-in,Vim Liquid 500ml,1,piece,122.49,122.49,24.49,18,0,335.28,335.28,0,62.28,cash:335.28
KOS-2026-005271,2026-06-12,20:43,normal_sale,active,Walk-in,Dhara Mustard Oil 1L,1,piece,181.11,181.11,29.11,5,0,335.28,335.28,0,62.28,cash:335.28
KOS-2026-005271,2026-06-12,20:43,normal_sale,active,Walk-in,Basmati Rice Premium (loose),0.25,kg,126.71,31.68,8.68,0,0,335.28,335.28,0,62.28,cash:335.28
KOS-2026-005270,2026-06-12,20:38,normal_sale,active,Walk-in,Potato,0.5,kg,26,13,4,0,0,13,13,0,4,upi:13
KOS-2026-005269,2026-06-12,19:36,normal_sale,active,Nasreen Rane,Britannia Marie Gold 250g,2,piece,41.48,82.96,16.96,18,0,260.38,260.38,0,58.48,upi:260.38
KOS-2026-005269,2026-06-12,19:36,normal_sale,active,Nasreen Rane,Britannia Brown Bread,3,piece,52.9,158.7,32.7,0,0,260.38,260.38,0,58.48,upi:260.38
KOS-2026-005269,2026-06-12,19:36,normal_sale,active,Nasreen Rane,Match Box,9,piece,2.08,18.72,8.82,18,0,260.38,260.38,0,58.48,upi:260.38
KOS-2026-005268,2026-06-12,18:52,normal_sale,active,Walk-in,Frooti 200ml,6,piece,10.49,62.94,11.94,12,0,62.94,62.94,0,11.94,upi:62.94
EST-2026-000056,2026-06-12,18:48,estimate,active,Walk-in,Amul Cheese Slices 200g,1,piece,140,140,18,12,0,466.82,466.82,0,82.02,upi:466.82
EST-2026-000056,2026-06-12,18:48,estimate,active,Walk-in,MDH Garam Masala 100g,1,piece,95.44,95.44,17.44,5,0,466.82,466.82,0,82.02,upi:466.82
EST-2026-000056,2026-06-12,18:48,estimate,active,Walk-in,Thums Up 750ml,1,piece,41.23,41.23,9.23,28,0,466.82,466.82,0,82.02,upi:466.82
EST-2026-000056,2026-06-12,18:48,estimate,active,Walk-in,Parle-G Biscuit 100g,1,piece,10.55,10.55,2.25,18,0,466.82,466.82,0,82.02,upi:466.82
EST-2026-000056,2026-06-12,18:48,estimate,active,Walk-in,Red Label Tea 250g,1,piece,157.13,157.13,29.13,5,0,466.82,466.82,0,82.02,upi:466.82
EST-2026-000056,2026-06-12,18:48,estimate,active,Walk-in,Lays Classic Salted 52g,1,piece,22.47,22.47,5.97,12,0,466.82,466.82,0,82.02,upi:466.82
KOS-2026-005267,2026-06-12,18:37,normal_sale,active,Walk-in,Gillette Guard Razor,2,piece,35.93,71.86,15.86,18,0,536.67,536,0,112.7,cash:536
KOS-2026-005267,2026-06-12,18:37,normal_sale,active,Walk-in,Kurkure Masala Munch 70g,1,piece,20,20,3.5,12,0,536.67,536,0,112.7,cash:536
KOS-2026-005267,2026-06-12,18:37,normal_sale,active,Walk-in,Good Knight Refill 45ml,1,piece,91.97,91.97,19.97,18,0,536.67,536,0,112.7,cash:536
KOS-2026-005267,2026-06-12,18:37,normal_sale,active,Walk-in,Amul Gold Milk 500ml,3,piece,34.79,104.37,14.37,0,0,536.67,536,0,112.7,cash:536
KOS-2026-005267,2026-06-12,18:37,normal_sale,active,Walk-in,Onion,0.5,kg,36.44,18.22,6.22,0,0,536.67,536,0,112.7,cash:536
KOS-2026-005267,2026-06-12,18:37,normal_sale,active,Walk-in,Tomato,1,kg,41.9,41.9,15.9,0,0,536.67,536,0,112.7,cash:536
KOS-2026-005267,2026-06-12,18:37,normal_sale,active,Walk-in,Farm Eggs,1,piece,8,8,1.8,0,0,536.67,536,0,112.7,cash:536
KOS-2026-005267,2026-06-12,18:37,normal_sale,active,Walk-in,Close Up Red 150g,1,piece,95.79,95.79,17.79,18,0,536.67,536,0,112.7,cash:536
KOS-2026-005267,2026-06-12,18:37,normal_sale,active,Walk-in,Britannia Good Day 100g,2,piece,31.73,63.46,13.46,18,0,536.67,536,0,112.7,cash:536
KOS-2026-005267,2026-06-12,18:37,normal_sale,active,Walk-in,Parle-G Biscuit 100g,2,piece,10.55,21.1,4.5,18,0,536.67,536,0,112.7,cash:536
KOS-2026-005266,2026-06-12,18:36,normal_sale,active,Sneha Jadhav,Potato,0.25,kg,26,6.5,2,0,0,6.5,6.5,0,2,cash:6.5
KOS-2026-005265,2026-06-12,18:13,normal_sale,active,Walk-in,Maggi Noodles 70g,3,piece,14.55,43.65,9.15,12,0,127.58,127,0,28.5,cash:127
KOS-2026-005265,2026-06-12,18:13,normal_sale,active,Walk-in,Thums Up 750ml,1,piece,41.23,41.23,9.23,28,0,127.58,127,0,28.5,cash:127
KOS-2026-005265,2026-06-12,18:13,normal_sale,active,Walk-in,Coca-Cola 750ml,1,piece,42.7,42.7,10.7,28,0,127.58,127,0,28.5,cash:127
KOS-2026-005264,2026-06-12,17:47,normal_sale,active,Walk-in,Ginger,0.5,kg,116.02,58.01,19.01,0,0,213.71,213,0,54.5,cash:213
KOS-2026-005264,2026-06-12,17:47,normal_sale,active,Walk-in,Lux Soap 100g,1,piece,40.33,40.33,10.33,18,0,213.71,213,0,54.5,cash:213
KOS-2026-005264,2026-06-12,17:47,normal_sale,active,Walk-in,Besan (loose),0.25,kg,105.06,26.27,6.77,5,0,213.71,213,0,54.5,cash:213
KOS-2026-005264,2026-06-12,17:47,normal_sale,active,Walk-in,Britannia Marie Gold 250g,1,piece,41.48,41.48,8.48,18,0,213.71,213,0,54.5,cash:213
KOS-2026-005264,2026-06-12,17:47,normal_sale,active,Walk-in,Chana Dal (loose),0.5,kg,95.24,47.62,10.62,0,0,213.71,213,0,54.5,cash:213
KOS-2026-005263,2026-06-12,17:27,normal_sale,active,Walk-in,Surf Excel Easy Wash 1kg,1,piece,143.99,143.99,25.99,18,0,143.99,143.99,0,25.99,upi:143.99
KOS-2026-005262,2026-06-12,17:26,normal_sale,active,Vikram Verma,Besan (loose),0.25,kg,105.06,26.27,6.77,5,0,750.1,0,750.1,167.6,
KOS-2026-005262,2026-06-12,17:26,normal_sale,active,Vikram Verma,Sona Masoori Rice (loose),0.5,kg,58,29,6,0,0,750.1,0,750.1,167.6,
KOS-2026-005262,2026-06-12,17:26,normal_sale,active,Vikram Verma,Red Label Tea 250g,1,piece,157.13,157.13,29.13,5,0,750.1,0,750.1,167.6,
KOS-2026-005262,2026-06-12,17:26,normal_sale,active,Vikram Verma,Odonil Air Freshener 50g,4,piece,82.19,328.76,80.76,18,0,750.1,0,750.1,167.6,
KOS-2026-005262,2026-06-12,17:26,normal_sale,active,Vikram Verma,Parachute Coconut Oil 200ml,2,piece,104.47,208.94,44.94,18,0,750.1,0,750.1,167.6,
KOS-2026-005261,2026-06-12,17:26,normal_sale,active,Walk-in,Lifebuoy Soap 125g,2,piece,35.94,71.88,15.88,18,0,381.03,381.03,0,82.03,cash:381.03
KOS-2026-005261,2026-06-12,17:26,normal_sale,active,Walk-in,Fortune Sunflower Oil 1L,1,piece,168.48,168.48,30.48,5,0,381.03,381.03,0,82.03,cash:381.03
KOS-2026-005261,2026-06-12,17:26,normal_sale,active,Walk-in,Urad Dal (loose),1,kg,140.67,140.67,35.67,0,0,381.03,381.03,0,82.03,cash:381.03
KOS-2026-005260,2026-06-12,17:21,normal_sale,active,Shalini Bhosale,Nirma Washing Powder 1kg,4,piece,75.46,301.84,69.84,18,0,1057.69,1057.69,0,212.69,cash:1057.69
KOS-2026-005260,2026-06-12,17:21,normal_sale,active,Shalini Bhosale,Aashirvaad Atta 5kg,1,piece,303.09,303.09,58.09,5,0,1057.69,1057.69,0,212.69,cash:1057.69
KOS-2026-005260,2026-06-12,17:21,normal_sale,active,Shalini Bhosale,Amul Masti Dahi 400g,1,piece,40,40,8,5,0,1057.69,1057.69,0,212.69,cash:1057.69
KOS-2026-005260,2026-06-12,17:21,normal_sale,active,Shalini Bhosale,Nescafe Classic 50g,2,piece,206.38,412.76,76.76,18,0,1057.69,1057.69,0,212.69,cash:1057.69
KOS-2026-005259,2026-06-12,16:28,normal_sale,active,Prakash Sharma,Agarbatti Pack (20 sticks),3,piece,31.3,93.9,21.9,12,0,93.9,93.9,0,21.9,cash:93.9
KOS-2026-005258,2026-06-12,13:39,normal_sale,active,Shalini Sharma,Reynolds Pen,1,piece,10.92,10.92,3.92,12,25,385.2,385.2,0,80.25,cash:385.2
KOS-2026-005258,2026-06-12,13:39,normal_sale,active,Shalini Sharma,Toor Dal (loose),1,kg,161.66,161.66,43.66,0,25,385.2,385.2,0,80.25,cash:385.2
KOS-2026-005258,2026-06-12,13:39,normal_sale,active,Shalini Sharma,Bisleri Water 1L,2,piece,20,40,14,18,25,385.2,385.2,0,80.25,cash:385.2
KOS-2026-005258,2026-06-12,13:39,normal_sale,active,Shalini Sharma,Center Fresh Gum (jar pc),7,piece,1.02,7.14,1.19,18,25,385.2,385.2,0,80.25,cash:385.2
KOS-2026-005258,2026-06-12,13:39,normal_sale,active,Shalini Sharma,Chana Dal (loose),2,kg,95.24,190.48,42.48,0,25,385.2,385.2,0,80.25,cash:385.2
KOS-2026-005257,2026-06-12,12:55,normal_sale,active,Walk-in,Maggi Noodles 70g,2,piece,14.55,29.1,6.1,12,0,424.44,424.44,0,81.74,upi:424.44
KOS-2026-005257,2026-06-12,12:55,normal_sale,active,Walk-in,Tata Salt 1kg,3,piece,33.4,100.2,28.2,0,0,424.44,424.44,0,81.74,upi:424.44
KOS-2026-005257,2026-06-12,12:55,normal_sale,active,Walk-in,Lemon,1,piece,5.14,5.14,1.94,0,0,424.44,424.44,0,81.74,upi:424.44
KOS-2026-005257,2026-06-12,12:55,normal_sale,active,Walk-in,Clinic Plus Shampoo 175ml,2,piece,140,280,44,18,0,424.44,424.44,0,81.74,upi:424.44
KOS-2026-005257,2026-06-12,12:55,normal_sale,active,Walk-in,5 Star 25g,1,piece,10,10,1.5,18,0,424.44,424.44,0,81.74,upi:424.44
KOS-2026-005256,2026-06-12,12:41,normal_sale,active,Walk-in,Toor Dal (loose),0.5,kg,161.66,80.83,21.83,0,0,193.35,193.35,0,42.35,cash:193.35
KOS-2026-005256,2026-06-12,12:41,normal_sale,active,Walk-in,Maggi Noodles 8-pack,1,piece,112.52,112.52,20.52,12,0,193.35,193.35,0,42.35,cash:193.35
KOS-2026-005255,2026-06-12,12:33,normal_sale,active,Walk-in,Bingo Mad Angles 66g,1,piece,21.01,21.01,4.51,12,0,224.89,224.89,0,53.14,upi:224.89
KOS-2026-005255,2026-06-12,12:33,normal_sale,active,Walk-in,Thums Up 750ml,2,piece,41.23,82.46,18.46,28,0,224.89,224.89,0,53.14,upi:224.89
KOS-2026-005255,2026-06-12,12:33,normal_sale,active,Walk-in,Haldiram Bhujia 200g,1,piece,57.46,57.46,12.46,12,0,224.89,224.89,0,53.14,upi:224.89
KOS-2026-005255,2026-06-12,12:33,normal_sale,active,Walk-in,Sugar (loose),0.25,kg,49.91,12.48,2.23,5,0,224.89,224.89,0,53.14,upi:224.89
KOS-2026-005255,2026-06-12,12:33,normal_sale,active,Walk-in,Ginger,0.25,kg,116.02,29.01,9.51,0,0,224.89,224.89,0,53.14,upi:224.89
KOS-2026-005255,2026-06-12,12:33,normal_sale,active,Walk-in,Lays Classic Salted 52g,1,piece,22.47,22.47,5.97,12,0,224.89,224.89,0,53.14,upi:224.89
KOS-2026-005254,2026-06-12,11:26,normal_sale,active,Sanjay Singh,Everest Turmeric 200g,1,piece,79.8,79.8,17.8,5,0,111.53,111,0,24,cash:111
KOS-2026-005254,2026-06-12,11:26,normal_sale,active,Sanjay Singh,Britannia Good Day 100g,1,piece,31.73,31.73,6.73,18,0,111.53,111,0,24,cash:111
KOS-2026-005253,2026-06-12,11:04,normal_sale,active,Ashok Pawar,Onion,1,kg,36.44,36.44,12.44,0,0,71.44,0,71.44,17.44,
KOS-2026-005253,2026-06-12,11:04,normal_sale,active,Ashok Pawar,Oreo Biscuit 120g,1,piece,35,35,5,18,0,71.44,0,71.44,17.44,
KOS-2026-005252,2026-06-12,10:49,normal_sale,active,Walk-in,Harpic Toilet Cleaner 500ml,2,piece,105,210,34,18,25,1210.51,1210.51,0,217.31,cash:1210.51
KOS-2026-005252,2026-06-12,10:49,normal_sale,active,Walk-in,Horlicks 500g,1,piece,314.21,314.21,69.21,18,25,1210.51,1210.51,0,217.31,cash:1210.51
KOS-2026-005252,2026-06-12,10:49,normal_sale,active,Walk-in,Good Knight Refill 45ml,3,piece,91.97,275.91,59.91,18,25,1210.51,1210.51,0,217.31,cash:1210.51
KOS-2026-005252,2026-06-12,10:49,normal_sale,active,Walk-in,Ariel Detergent 1kg,2,piece,163.43,326.86,62.86,18,25,1210.51,1210.51,0,217.31,cash:1210.51
KOS-2026-005252,2026-06-12,10:49,normal_sale,active,Walk-in,Match Box,2,piece,2.08,4.16,1.96,18,25,1210.51,1210.51,0,217.31,cash:1210.51
KOS-2026-005252,2026-06-12,10:49,normal_sale,active,Walk-in,Amul Gold Milk 500ml,3,piece,34.79,104.37,14.37,0,25,1210.51,1210.51,0,217.31,cash:1210.51
KOS-2026-005251,2026-06-12,10:05,normal_sale,active,Salim Rane,Wheat Atta (loose),0.25,kg,42,10.5,2.5,0,0,95.49,95.49,0,20.39,cash:29|upi:66.49
KOS-2026-005251,2026-06-12,10:05,normal_sale,active,Salim Rane,Sunfeast Dark Fantasy 75g,1,piece,41.68,41.68,7.68,18,0,95.49,95.49,0,20.39,cash:29|upi:66.49
KOS-2026-005251,2026-06-12,10:05,normal_sale,active,Salim Rane,Match Box,1,piece,2.08,2.08,0.98,18,0,95.49,95.49,0,20.39,cash:29|upi:66.49
KOS-2026-005251,2026-06-12,10:05,normal_sale,active,Salim Rane,Thums Up 750ml,1,piece,41.23,41.23,9.23,28,0,95.49,95.49,0,20.39,cash:29|upi:66.49
KOS-2026-005250,2026-06-12,10:03,normal_sale,active,Walk-in,Lays Classic Salted 52g,2,piece,22.47,44.94,11.94,12,64.93,272.52,272.52,0,-0.33,upi:272.52
KOS-2026-005250,2026-06-12,10:03,normal_sale,active,Walk-in,Wheat Atta (loose),0.5,kg,42,21,5,0,64.93,272.52,272.52,0,-0.33,upi:272.52
KOS-2026-005250,2026-06-12,10:03,normal_sale,active,Walk-in,Frooti 200ml,1,piece,10.49,10.49,1.99,12,64.93,272.52,272.52,0,-0.33,upi:272.52
KOS-2026-005250,2026-06-12,10:03,normal_sale,active,Walk-in,Center Fresh Gum (jar pc),1,piece,1.02,1.02,0.17,18,64.93,272.52,272.52,0,-0.33,upi:272.52
KOS-2026-005250,2026-06-12,10:03,normal_sale,active,Walk-in,Kissan Mixed Fruit Jam 200g,3,piece,82,246,42,12,64.93,272.52,272.52,0,-0.33,upi:272.52
KOS-2026-005250,2026-06-12,10:03,normal_sale,active,Walk-in,Poha (loose),0.25,kg,56,14,3.5,5,64.93,272.52,272.52,0,-0.33,upi:272.52
KOS-2026-005249,2026-06-12,09:43,normal_sale,active,Mahesh Shaikh,Tomato,1,kg,41.9,41.9,15.9,0,0,213.7,213.7,0,51.7,bank:213.7
KOS-2026-005249,2026-06-12,09:43,normal_sale,active,Mahesh Shaikh,Harpic Toilet Cleaner 500ml,1,piece,105,105,17,18,0,213.7,213.7,0,51.7,bank:213.7
KOS-2026-005249,2026-06-12,09:43,normal_sale,active,Mahesh Shaikh,Tata Salt 1kg,2,piece,33.4,66.8,18.8,0,0,213.7,213.7,0,51.7,bank:213.7
KOS-2026-005248,2026-06-12,08:23,normal_sale,active,Walk-in,Urad Dal (loose),0.5,kg,140.67,70.33,17.83,0,0,90.33,90.33,0,24.83,cash:90.33
KOS-2026-005248,2026-06-12,08:23,normal_sale,active,Walk-in,Bisleri Water 1L,1,piece,20,20,7,18,0,90.33,90.33,0,24.83,cash:90.33
KOS-2026-005247,2026-06-11,21:52,normal_sale,active,Sanjay Singh,Onion,1,kg,36.44,36.44,12.44,0,0,233.05,233.05,0,54.15,cash:233.05
KOS-2026-005247,2026-06-11,21:52,normal_sale,active,Sanjay Singh,Amul Masti Dahi 400g,1,piece,40,40,8,5,0,233.05,233.05,0,54.15,cash:233.05
KOS-2026-005247,2026-06-11,21:52,normal_sale,active,Sanjay Singh,Wheat Atta (loose),1,kg,42,42,10,0,0,233.05,233.05,0,54.15,cash:233.05
KOS-2026-005247,2026-06-11,21:52,normal_sale,active,Sanjay Singh,Parle-G Biscuit 100g,3,piece,10.55,31.65,6.75,18,0,233.05,233.05,0,54.15,cash:233.05
KOS-2026-005247,2026-06-11,21:52,normal_sale,active,Sanjay Singh,Britannia Marie Gold 250g,2,piece,41.48,82.96,16.96,18,0,233.05,233.05,0,54.15,cash:233.05
KOS-2026-005246,2026-06-11,21:36,normal_sale,active,Walk-in,Sugar (loose),0.5,kg,49.91,24.96,4.46,5,0,272.4,272.4,0,50.9,upi:272.4
KOS-2026-005246,2026-06-11,21:36,normal_sale,active,Walk-in,Britannia Brown Bread,2,piece,52.9,105.8,21.8,0,0,272.4,272.4,0,50.9,upi:272.4
KOS-2026-005246,2026-06-11,21:36,normal_sale,active,Walk-in,Colgate Strong Teeth 200g,1,piece,113.64,113.64,21.64,18,0,272.4,272.4,0,50.9,upi:272.4
KOS-2026-005246,2026-06-11,21:36,normal_sale,active,Walk-in,Amul Taaza Milk 500ml,1,piece,28,28,3,0,0,272.4,272.4,0,50.9,upi:272.4
KOS-2026-005245,2026-06-11,20:56,normal_sale,active,Vikram Chavan,Tomato,0.25,kg,41.9,10.48,3.98,0,0,144.57,144.57,0,38.72,upi:144.57
KOS-2026-005245,2026-06-11,20:56,normal_sale,active,Vikram Chavan,Onion,0.5,kg,36.44,18.22,6.22,0,0,144.57,144.57,0,38.72,upi:144.57
KOS-2026-005245,2026-06-11,20:56,normal_sale,active,Vikram Chavan,Britannia Good Day 100g,1,piece,31.73,31.73,6.73,18,0,144.57,144.57,0,38.72,upi:144.57
KOS-2026-005245,2026-06-11,20:56,normal_sale,active,Vikram Chavan,Toor Dal (loose),0.25,kg,161.66,40.42,10.92,0,0,144.57,144.57,0,38.72,upi:144.57
KOS-2026-005245,2026-06-11,20:56,normal_sale,active,Vikram Chavan,Center Fresh Gum (jar pc),1,piece,1.02,1.02,0.17,18,0,144.57,144.57,0,38.72,upi:144.57
KOS-2026-005245,2026-06-11,20:56,normal_sale,active,Vikram Chavan,Coca-Cola 750ml,1,piece,42.7,42.7,10.7,28,0,144.57,144.57,0,38.72,upi:144.57
KOS-2026-005244,2026-06-11,20:47,normal_sale,active,Salim Verma,Sona Masoori Rice (loose),0.25,kg,58,14.5,3,0,0,46.23,20,26.23,9.73,cash:20
KOS-2026-005244,2026-06-11,20:47,normal_sale,active,Salim Verma,Britannia Good Day 100g,1,piece,31.73,31.73,6.73,18,0,46.23,20,26.23,9.73,cash:20
KOS-2026-005243,2026-06-11,20:30,normal_sale,active,Walk-in,Bisleri Water 1L,1,piece,20,20,7,18,0,247.92,247,0,65,cash:247
KOS-2026-005243,2026-06-11,20:30,normal_sale,active,Walk-in,Basmati Rice Premium (loose),0.25,kg,126.71,31.68,8.68,0,0,247.92,247,0,65,cash:247
KOS-2026-005243,2026-06-11,20:30,normal_sale,active,Walk-in,Lifebuoy Soap 125g,2,piece,35.94,71.88,15.88,18,0,247.92,247,0,65,cash:247
KOS-2026-005243,2026-06-11,20:30,normal_sale,active,Walk-in,Tomato,1,kg,41.9,41.9,15.9,0,0,247.92,247,0,65,cash:247
KOS-2026-005243,2026-06-11,20:30,normal_sale,active,Walk-in,Thums Up 750ml,2,piece,41.23,82.46,18.46,28,0,247.92,247,0,65,cash:247
KOS-2026-005242,2026-06-11,20:16,normal_sale,active,Walk-in,Lifebuoy Soap 125g,1,piece,35.94,35.94,7.94,18,0,1040.38,1040.38,0,203.13,upi:1040.38
KOS-2026-005242,2026-06-11,20:16,normal_sale,active,Walk-in,Everest Turmeric 200g,1,piece,79.8,79.8,17.8,5,0,1040.38,1040.38,0,203.13,upi:1040.38
KOS-2026-005242,2026-06-11,20:16,normal_sale,active,Walk-in,Chana Dal (loose),1,kg,95.24,95.24,21.24,0,0,1040.38,1040.38,0,203.13,upi:1040.38
KOS-2026-005242,2026-06-11,20:16,normal_sale,active,Walk-in,Agarbatti Pack (20 sticks),3,piece,31.3,93.9,21.9,12,0,1040.38,1040.38,0,203.13,upi:1040.38
KOS-2026-005242,2026-06-11,20:16,normal_sale,active,Walk-in,Sunfeast Dark Fantasy 75g,1,piece,41.68,41.68,7.68,18,0,1040.38,1040.38,0,203.13,upi:1040.38
KOS-2026-005242,2026-06-11,20:16,normal_sale,active,Walk-in,Sugar (loose),0.25,kg,49.91,12.48,2.23,5,0,1040.38,1040.38,0,203.13,upi:1040.38
KOS-2026-005242,2026-06-11,20:16,normal_sale,active,Walk-in,Dairy Milk 50g,4,piece,40,160,24,18,0,1040.38,1040.38,0,203.13,upi:1040.38
KOS-2026-005242,2026-06-11,20:16,normal_sale,active,Walk-in,Britannia Good Day 100g,4,piece,31.73,126.92,26.92,18,0,1040.38,1040.38,0,203.13,upi:1040.38
KOS-2026-005242,2026-06-11,20:16,normal_sale,active,Walk-in,Haldiram Bhujia 200g,1,piece,57.46,57.46,12.46,12,0,1040.38,1040.38,0,203.13,upi:1040.38
KOS-2026-005242,2026-06-11,20:16,normal_sale,active,Walk-in,Fortune Sunflower Oil 1L,2,piece,168.48,336.96,60.96,5,0,1040.38,1040.38,0,203.13,upi:1040.38
KOS-2026-005241,2026-06-11,19:31,normal_sale,active,Walk-in,Camphor 50g,2,piece,58.85,117.7,33.7,12,0,567.21,567,0,133.7,cash:567
KOS-2026-005241,2026-06-11,19:31,normal_sale,active,Walk-in,Onion,0.5,kg,36.44,18.22,6.22,0,0,567.21,567,0,133.7,cash:567
KOS-2026-005241,2026-06-11,19:31,normal_sale,active,Walk-in,Moong Dal (loose),0.5,kg,130.61,65.31,17.31,0,0,567.21,567,0,133.7,cash:567
KOS-2026-005241,2026-06-11,19:31,normal_sale,active,Walk-in,Coca-Cola 750ml,3,piece,42.7,128.1,32.1,28,0,567.21,567,0,133.7,cash:567
KOS-2026-005241,2026-06-11,19:31,normal_sale,active,Walk-in,Clinic Plus Shampoo 175ml,1,piece,140,140,22,18,0,567.21,567,0,133.7,cash:567
KOS-2026-005241,2026-06-11,19:31,normal_sale,active,Walk-in,Parle-G Biscuit 100g,1,piece,10.55,10.55,2.25,18,0,567.21,567,0,133.7,cash:567
KOS-2026-005241,2026-06-11,19:31,normal_sale,active,Walk-in,Sunfeast Dark Fantasy 75g,1,piece,41.68,41.68,7.68,18,0,567.21,567,0,133.7,cash:567
KOS-2026-005241,2026-06-11,19:31,normal_sale,active,Walk-in,Rava / Sooji (loose),0.25,kg,48.98,12.25,3.25,5,0,567.21,567,0,133.7,cash:567
KOS-2026-005241,2026-06-11,19:31,normal_sale,active,Walk-in,Tata Salt 1kg,1,piece,33.4,33.4,9.4,0,0,567.21,567,0,133.7,cash:567
KOS-2026-005240,2026-06-11,19:18,normal_sale,active,Walk-in,Onion,0.5,kg,36.44,18.22,6.22,0,0,121.58,121.58,0,28.58,upi:121.58
KOS-2026-005240,2026-06-11,19:18,normal_sale,active,Walk-in,Sunfeast Dark Fantasy 75g,2,piece,41.68,83.36,15.36,18,0,121.58,121.58,0,28.58,upi:121.58
KOS-2026-005240,2026-06-11,19:18,normal_sale,active,Walk-in,Bisleri Water 1L,1,piece,20,20,7,18,0,121.58,121.58,0,28.58,upi:121.58
KOS-2026-005239,2026-06-11,18:23,normal_sale,active,Walk-in,Frooti 200ml,1,piece,10.49,10.49,1.99,12,0,349.47,349.47,0,67.97,upi:349.47
KOS-2026-005239,2026-06-11,18:23,normal_sale,active,Walk-in,Oreo Biscuit 120g,4,piece,35,140,20,18,0,349.47,349.47,0,67.97,upi:349.47
KOS-2026-005239,2026-06-11,18:23,normal_sale,active,Walk-in,Amul Taaza Milk 500ml,1,piece,28,28,3,0,0,349.47,349.47,0,67.97,upi:349.47
KOS-2026-005239,2026-06-11,18:23,normal_sale,active,Walk-in,Urad Dal (loose),1,kg,140.67,140.67,35.67,0,0,349.47,349.47,0,67.97,upi:349.47
KOS-2026-005239,2026-06-11,18:23,normal_sale,active,Walk-in,Chana Dal (loose),0.25,kg,95.24,23.81,5.31,0,0,349.47,349.47,0,67.97,upi:349.47
KOS-2026-005239,2026-06-11,18:23,normal_sale,active,Walk-in,Potato,0.25,kg,26,6.5,2,0,0,349.47,349.47,0,67.97,upi:349.47
KOS-2026-005238,2026-06-11,17:55,normal_sale,active,Sneha Kadam,Britannia Marie Gold 250g,3,piece,41.48,124.44,25.44,18,0,124.44,124.44,0,25.44,upi:124.44
KOS-2026-005237,2026-06-11,17:15,normal_sale,active,Walk-in,Catch Red Chilli Powder 100g,1,piece,63.05,63.05,15.05,5,0,164.51,164,0,39.3,cash:164
KOS-2026-005237,2026-06-11,17:15,normal_sale,active,Walk-in,Match Box,1,piece,2.08,2.08,0.98,18,0,164.51,164,0,39.3,cash:164
KOS-2026-005237,2026-06-11,17:15,normal_sale,active,Walk-in,Parle-G Biscuit 100g,2,piece,10.55,21.1,4.5,18,0,164.51,164,0,39.3,cash:164
KOS-2026-005237,2026-06-11,17:15,normal_sale,active,Walk-in,Candle Pack (6 pc),1,piece,42,42,10,12,0,164.51,164,0,39.3,cash:164
KOS-2026-005237,2026-06-11,17:15,normal_sale,active,Walk-in,Rajma (loose),0.25,kg,145.1,36.28,9.28,0,0,164.51,164,0,39.3,cash:164
KOS-2026-005236,2026-06-11,17:09,normal_sale,active,Walk-in,5 Star 25g,1,piece,10,10,1.5,18,0,81.14,81.14,0,14.64,cash:81.14
KOS-2026-005236,2026-06-11,17:09,normal_sale,active,Walk-in,KitKat 4-finger,1,piece,21.23,21.23,4.23,18,0,81.14,81.14,0,14.64,cash:81.14
KOS-2026-005236,2026-06-11,17:09,normal_sale,active,Walk-in,Sugar (loose),1,kg,49.91,49.91,8.91,5,0,81.14,81.14,0,14.64,cash:81.14
KOS-2026-005235,2026-06-11,13:56,normal_sale,active,Prakash Joshi,Lifebuoy Soap 125g,1,piece,35.94,35.94,7.94,18,0,247.37,0,247.37,58.37,
KOS-2026-005235,2026-06-11,13:56,normal_sale,active,Prakash Joshi,Tomato,0.5,kg,41.9,20.95,7.95,0,0,247.37,0,247.37,58.37,
KOS-2026-005235,2026-06-11,13:56,normal_sale,active,Prakash Joshi,Chana Dal (loose),2,kg,95.24,190.48,42.48,0,0,247.37,0,247.37,58.37,
KOS-2026-005234,2026-06-11,13:05,normal_sale,active,Ashok Pawar,Britannia Marie Gold 250g,1,piece,41.48,41.48,8.48,18,0,492.22,492.22,0,123.12,upi:492.22
KOS-2026-005234,2026-06-11,13:05,normal_sale,active,Ashok Pawar,Wheat Atta (loose),0.25,kg,42,10.5,2.5,0,0,492.22,492.22,0,123.12,upi:492.22
KOS-2026-005234,2026-06-11,13:05,normal_sale,active,Ashok Pawar,Haldiram Bhujia 200g,1,piece,57.46,57.46,12.46,12,0,492.22,492.22,0,123.12,upi:492.22
KOS-2026-005234,2026-06-11,13:05,normal_sale,active,Ashok Pawar,Parachute Coconut Oil 200ml,1,piece,104.47,104.47,22.47,18,0,492.22,492.22,0,123.12,upi:492.22
KOS-2026-005234,2026-06-11,13:05,normal_sale,active,Ashok Pawar,Tomato,2,kg,41.9,83.8,31.8,0,0,492.22,492.22,0,123.12,upi:492.22
KOS-2026-005234,2026-06-11,13:05,normal_sale,active,Ashok Pawar,Maggi Noodles 70g,1,piece,14.55,14.55,3.05,12,0,492.22,492.22,0,123.12,upi:492.22
KOS-2026-005234,2026-06-11,13:05,normal_sale,active,Ashok Pawar,Frooti 200ml,1,piece,10.49,10.49,1.99,12,0,492.22,492.22,0,123.12,upi:492.22
KOS-2026-005234,2026-06-11,13:05,normal_sale,active,Ashok Pawar,Mustard Oil (loose),1,l,167.39,167.39,39.39,5,0,492.22,492.22,0,123.12,upi:492.22
KOS-2026-005234,2026-06-11,13:05,normal_sale,active,Ashok Pawar,Match Box,1,piece,2.08,2.08,0.98,18,0,492.22,492.22,0,123.12,upi:492.22
KOS-2026-005233,2026-06-11,12:40,normal_sale,active,Walk-in,Match Box,1,piece,2.08,2.08,0.98,18,0,2.08,2.08,0,0.98,cash:2.08
KOS-2026-005232,2026-06-11,12:29,normal_sale,active,Walk-in,Haldiram Bhujia 200g,2,piece,57.46,114.92,24.92,12,0,773.72,773.72,0,169.72,upi:773.72
KOS-2026-005232,2026-06-11,12:29,normal_sale,active,Walk-in,Dhara Mustard Oil 1L,1,piece,181.11,181.11,29.11,5,0,773.72,773.72,0,169.72,upi:773.72
KOS-2026-005232,2026-06-11,12:29,normal_sale,active,Walk-in,Catch Red Chilli Powder 100g,1,piece,63.05,63.05,15.05,5,0,773.72,773.72,0,169.72,upi:773.72
KOS-2026-005232,2026-06-11,12:29,normal_sale,active,Walk-in,Ginger,1,kg,116.02,116.02,38.02,0,0,773.72,773.72,0,169.72,upi:773.72
KOS-2026-005232,2026-06-11,12:29,normal_sale,active,Walk-in,Harpic Toilet Cleaner 500ml,1,piece,105,105,17,18,0,773.72,773.72,0,169.72,upi:773.72
KOS-2026-005232,2026-06-11,12:29,normal_sale,active,Walk-in,Nirma Washing Powder 1kg,2,piece,75.46,150.92,34.92,18,0,773.72,773.72,0,169.72,upi:773.72
KOS-2026-005232,2026-06-11,12:29,normal_sale,active,Walk-in,Coca-Cola 750ml,1,piece,42.7,42.7,10.7,28,0,773.72,773.72,0,169.72,upi:773.72
KOS-2026-005230,2026-06-11,12:11,normal_sale,active,Walk-in,Red Label Tea 250g,2,piece,157.13,314.26,58.26,5,0,356.74,356.74,0,64.99,cash:356.74
KOS-2026-005230,2026-06-11,12:11,normal_sale,active,Walk-in,5 Star 25g,3,piece,10,30,4.5,18,0,356.74,356.74,0,64.99,cash:356.74
KOS-2026-005230,2026-06-11,12:11,normal_sale,active,Walk-in,Sugar (loose),0.25,kg,49.91,12.48,2.23,5,0,356.74,356.74,0,64.99,cash:356.74
KOS-2026-005231,2026-06-11,12:11,normal_sale,active,Hotel Green Leaf,Lemon,1,piece,5.14,5.14,1.94,0,25.43,74.95,74.95,0,-2.25,cash:74.95
KOS-2026-005231,2026-06-11,12:11,normal_sale,active,Hotel Green Leaf,Chana Dal (loose),1,kg,95.24,95.24,21.24,0,25.43,74.95,74.95,0,-2.25,cash:74.95
KOS-2026-005229,2026-06-11,12:10,normal_sale,active,Rohit Dsouza,Frooti 200ml,1,piece,10.49,10.49,1.99,12,0,260.97,260.97,0,49.47,bank:260.97
KOS-2026-005229,2026-06-11,12:10,normal_sale,active,Rohit Dsouza,Fortune Sunflower Oil 1L,1,piece,168.48,168.48,30.48,5,0,260.97,260.97,0,49.47,bank:260.97
KOS-2026-005229,2026-06-11,12:10,normal_sale,active,Rohit Dsouza,Wheat Atta (loose),1,kg,42,42,10,0,0,260.97,260.97,0,49.47,bank:260.97
KOS-2026-005229,2026-06-11,12:10,normal_sale,active,Rohit Dsouza,Kurkure Masala Munch 70g,2,piece,20,40,7,12,0,260.97,260.97,0,49.47,bank:260.97
KOS-2026-005228,2026-06-11,12:01,normal_sale,active,Walk-in,Nescafe Classic 50g,1,piece,206.38,206.38,38.38,18,0,206.38,206.38,0,38.38,cash:206.38
KOS-2026-005227,2026-06-11,11:35,normal_sale,active,Pooja Bhosale,Amul Gold Milk 500ml,1,piece,34.79,34.79,4.79,0,0,34.79,34.79,0,4.79,upi:34.79
KOS-2026-005226,2026-06-11,10:53,normal_sale,active,Walk-in,Aashirvaad Atta 5kg,1,piece,303.09,303.09,58.09,5,0,1179.56,1179.56,0,223.56,cash:1179.56
KOS-2026-005226,2026-06-11,10:53,normal_sale,active,Walk-in,Coca-Cola 750ml,1,piece,42.7,42.7,10.7,28,0,1179.56,1179.56,0,223.56,cash:1179.56
KOS-2026-005226,2026-06-11,10:53,normal_sale,active,Walk-in,Lays Classic Salted 52g,6,piece,22.47,134.82,35.82,12,0,1179.56,1179.56,0,223.56,cash:1179.56
KOS-2026-005226,2026-06-11,10:53,normal_sale,active,Walk-in,Tata Tea Gold 500g,1,piece,323.95,323.95,58.95,5,0,1179.56,1179.56,0,223.56,cash:1179.56
KOS-2026-005226,2026-06-11,10:53,normal_sale,active,Walk-in,Lizol Floor Cleaner 500ml,3,piece,125,375,60,18,0,1179.56,1179.56,0,223.56,cash:1179.56
KOS-2026-005225,2026-06-11,10:26,normal_sale,active,Dattatray Shinde,Fortune Sunflower Oil 1L,3,piece,168.48,505.44,91.44,5,0,973.26,973.26,0,158.26,cash:973.26
KOS-2026-005225,2026-06-11,10:26,normal_sale,active,Dattatray Shinde,Red Label Tea 250g,3,piece,157.13,447.82,63.82,5,0,973.26,973.26,0,158.26,cash:973.26
KOS-2026-005225,2026-06-11,10:26,normal_sale,active,Dattatray Shinde,5 Star 25g,2,piece,10,20,3,18,0,973.26,973.26,0,158.26,cash:973.26
KOS-2026-005224,2026-06-11,09:34,normal_sale,active,Farida Verma,Poha (loose),2,kg,56,112,28,5,0,113.02,113.02,0,28.17,upi:113.02
KOS-2026-005224,2026-06-11,09:34,normal_sale,active,Farida Verma,Center Fresh Gum (jar pc),1,piece,1.02,1.02,0.17,18,0,113.02,113.02,0,28.17,upi:113.02
KOS-2026-005223,2026-06-11,09:10,normal_sale,active,Walk-in,Maggi Noodles 70g,1,piece,14.55,14.55,3.05,12,0,260.7,260.7,0,57.2,cash:260.7
KOS-2026-005223,2026-06-11,09:10,normal_sale,active,Walk-in,Haldiram Bhujia 200g,1,piece,57.46,57.46,12.46,12,0,260.7,260.7,0,57.2,cash:260.7
KOS-2026-005223,2026-06-11,09:10,normal_sale,active,Walk-in,Thums Up 750ml,3,piece,41.23,123.69,27.69,28,0,260.7,260.7,0,57.2,cash:260.7
KOS-2026-005223,2026-06-11,09:10,normal_sale,active,Walk-in,Sona Masoori Rice (loose),0.5,kg,58,29,6,0,0,260.7,260.7,0,57.2,cash:260.7
KOS-2026-005223,2026-06-11,09:10,normal_sale,active,Walk-in,AA Battery (2 pc),1,piece,36,36,8,18,0,260.7,260.7,0,57.2,cash:260.7
KOS-2026-005222,2026-06-11,09:04,normal_sale,active,Imran Dsouza,Lifebuoy Soap 125g,4,piece,35.94,143.76,31.76,18,25,496.79,216,280.79,79.79,upi:216
KOS-2026-005222,2026-06-11,09:04,normal_sale,active,Imran Dsouza,Britannia Marie Gold 250g,4,piece,41.48,165.92,33.92,18,25,496.79,216,280.79,79.79,upi:216
KOS-2026-005222,2026-06-11,09:04,normal_sale,active,Imran Dsouza,KitKat 4-finger,1,piece,21.23,21.23,4.23,18,25,496.79,216,280.79,79.79,upi:216
KOS-2026-005222,2026-06-11,09:04,normal_sale,active,Imran Dsouza,MDH Garam Masala 100g,2,piece,95.44,190.88,34.88,5,25,496.79,216,280.79,79.79,upi:216
KOS-2026-005221,2026-06-11,08:54,normal_sale,active,Walk-in,Reynolds Pen,1,piece,10.92,10.92,3.92,12,0,209.34,209,0,41.8,cash:209
KOS-2026-005221,2026-06-11,08:54,normal_sale,active,Walk-in,Amul Gold Milk 500ml,2,piece,34.79,69.58,9.58,0,0,209.34,209,0,41.8,cash:209
KOS-2026-005221,2026-06-11,08:54,normal_sale,active,Walk-in,Britannia Good Day 100g,1,piece,31.73,31.73,6.73,18,0,209.34,209,0,41.8,cash:209
KOS-2026-005221,2026-06-11,08:54,normal_sale,active,Walk-in,Lemon,1,piece,5.14,5.14,1.94,0,0,209.34,209,0,41.8,cash:209
KOS-2026-005221,2026-06-11,08:54,normal_sale,active,Walk-in,Good Knight Refill 45ml,1,piece,91.97,91.97,19.97,18,0,209.34,209,0,41.8,cash:209
KOS-2026-005220,2026-06-11,08:09,normal_sale,active,Walk-in,Sona Masoori Rice (loose),1,kg,58,58,12,0,0,825.86,825,0,139.5,cash:825
KOS-2026-005220,2026-06-11,08:09,normal_sale,active,Walk-in,Kurkure Masala Munch 70g,1,piece,20,20,3.5,12,0,825.86,825,0,139.5,cash:825
KOS-2026-005220,2026-06-11,08:09,normal_sale,active,Walk-in,Fortune Sunflower Oil 1L,2,piece,168.48,336.96,60.96,5,0,825.86,825,0,139.5,cash:825
KOS-2026-005220,2026-06-11,08:09,normal_sale,active,Walk-in,Amul Ghee 500ml,1,piece,369.67,369.67,54.67,12,0,825.86,825,0,139.5,cash:825
KOS-2026-005220,2026-06-11,08:09,normal_sale,active,Walk-in,Thums Up 750ml,1,piece,41.23,41.23,9.23,28,0,825.86,825,0,139.5,cash:825
KOS-2026-005219,2026-06-11,08:08,normal_sale,active,Walk-in,Amul Cheese Slices 200g,1,piece,140,140,18,12,0,1724.61,1724.61,0,313.61,cash:1724.61
KOS-2026-005219,2026-06-11,08:08,normal_sale,active,Walk-in,Saffola Gold Oil 1L,2,piece,203.57,407.14,77.14,5,0,1724.61,1724.61,0,313.61,cash:1724.61
KOS-2026-005219,2026-06-11,08:08,normal_sale,active,Walk-in,Sona Masoori Rice (loose),1,kg,58,58,12,0,0,1724.61,1724.61,0,313.61,cash:1724.61
KOS-2026-005219,2026-06-11,08:08,normal_sale,active,Walk-in,Tata Tea Gold 500g,2,piece,323.95,647.9,117.9,5,0,1724.61,1724.61,0,313.61,cash:1724.61
KOS-2026-005219,2026-06-11,08:08,normal_sale,active,Walk-in,Aashirvaad Atta 5kg,1,piece,303.09,303.09,58.09,5,0,1724.61,1724.61,0,313.61,cash:1724.61
KOS-2026-005219,2026-06-11,08:08,normal_sale,active,Walk-in,Fortune Sunflower Oil 1L,1,piece,168.48,168.48,30.48,5,0,1724.61,1724.61,0,313.61,cash:1724.61
KOS-2026-005218,2026-06-10,21:30,normal_sale,active,Walk-in,Frooti 200ml,2,piece,10.49,20.98,3.98,12,0,808.62,808.62,0,143.42,upi:808.62
KOS-2026-005218,2026-06-10,21:30,normal_sale,active,Walk-in,Tata Tea Gold 500g,2,piece,323.95,622.9,92.9,5,0,808.62,808.62,0,143.42,upi:808.62
KOS-2026-005218,2026-06-10,21:30,normal_sale,active,Walk-in,Garlic,1,kg,156.74,156.74,44.74,0,0,808.62,808.62,0,143.42,upi:808.62
KOS-2026-005218,2026-06-10,21:30,normal_sale,active,Walk-in,Farm Eggs,1,piece,8,8,1.8,0,0,808.62,808.62,0,143.42,upi:808.62
KOS-2026-005217,2026-06-10,21:10,normal_sale,active,Walk-in,Garlic,0.5,kg,156.74,78.37,22.37,0,0,391.22,391.22,0,105.82,cash:391.22
KOS-2026-005217,2026-06-10,21:10,normal_sale,active,Walk-in,Rava / Sooji (loose),2,kg,48.98,97.96,25.96,5,0,391.22,391.22,0,105.82,cash:391.22
KOS-2026-005217,2026-06-10,21:10,normal_sale,active,Walk-in,Onion,2,kg,36.44,72.88,24.88,0,0,391.22,391.22,0,105.82,cash:391.22
KOS-2026-005217,2026-06-10,21:10,normal_sale,active,Walk-in,Kurkure Masala Munch 70g,2,piece,20,40,7,12,0,391.22,391.22,0,105.82,cash:391.22
KOS-2026-005217,2026-06-10,21:10,normal_sale,active,Walk-in,Tomato,0.5,kg,41.9,20.95,7.95,0,0,391.22,391.22,0,105.82,cash:391.22
KOS-2026-005217,2026-06-10,21:10,normal_sale,active,Walk-in,Sunfeast Dark Fantasy 75g,1,piece,41.68,41.68,7.68,18,0,391.22,391.22,0,105.82,cash:391.22
KOS-2026-005217,2026-06-10,21:10,normal_sale,active,Walk-in,Maggi Noodles 70g,2,piece,14.55,29.1,6.1,12,0,391.22,391.22,0,105.82,cash:391.22
KOS-2026-005217,2026-06-10,21:10,normal_sale,active,Walk-in,Lemon,2,piece,5.14,10.28,3.88,0,0,391.22,391.22,0,105.82,cash:391.22
KOS-2026-005216,2026-06-10,21:08,normal_sale,active,Nitin Shaikh,Tomato,0.5,kg,41.9,20.95,7.95,0,0,99.5,99.5,0,25.5,upi:99.5
KOS-2026-005216,2026-06-10,21:08,normal_sale,active,Nitin Shaikh,Haldiram Bhujia 200g,1,piece,57.46,57.46,12.46,12,0,99.5,99.5,0,25.5,upi:99.5
KOS-2026-005216,2026-06-10,21:08,normal_sale,active,Nitin Shaikh,Vim Dishwash Bar 200g,1,piece,21.09,21.09,5.09,18,0,99.5,99.5,0,25.5,upi:99.5
KOS-2026-005215,2026-06-10,20:23,normal_sale,active,Walk-in,Maggi Noodles 8-pack,1,piece,112.52,112.52,20.52,12,0,203.46,203.46,0,50.46,upi:203.46
KOS-2026-005215,2026-06-10,20:23,normal_sale,active,Walk-in,Groundnut / Peanut (loose),0.25,kg,123.75,30.94,8.94,5,0,203.46,203.46,0,50.46,upi:203.46
KOS-2026-005215,2026-06-10,20:23,normal_sale,active,Walk-in,Bisleri Water 1L,3,piece,20,60,21,18,0,203.46,203.46,0,50.46,upi:203.46
KOS-2026-005214,2026-06-10,20:23,normal_sale,active,Dattatray Jadhav,Aashirvaad Atta 5kg,1,piece,303.09,303.09,58.09,5,0,593.09,593.09,0,127.39,bank:593.09
KOS-2026-005214,2026-06-10,20:23,normal_sale,active,Dattatray Jadhav,Lemon,1,piece,5.14,5.14,1.94,0,0,593.09,593.09,0,127.39,bank:593.09
KOS-2026-005214,2026-06-10,20:23,normal_sale,active,Dattatray Jadhav,5 Star 25g,2,piece,10,20,3,18,0,593.09,593.09,0,127.39,bank:593.09
KOS-2026-005214,2026-06-10,20:23,normal_sale,active,Dattatray Jadhav,Tata Salt 1kg,2,piece,33.4,66.8,18.8,0,0,593.09,593.09,0,127.39,bank:593.09
KOS-2026-005214,2026-06-10,20:23,normal_sale,active,Dattatray Jadhav,Sona Masoori Rice (loose),0.25,kg,58,14.5,3,0,0,593.09,593.09,0,127.39,bank:593.09
KOS-2026-005214,2026-06-10,20:23,normal_sale,active,Dattatray Jadhav,Haldiram Bhujia 200g,1,piece,57.46,57.46,12.46,12,0,593.09,593.09,0,127.39,bank:593.09
KOS-2026-005214,2026-06-10,20:23,normal_sale,active,Dattatray Jadhav,Catch Red Chilli Powder 100g,2,piece,63.05,126.1,30.1,5,0,593.09,593.09,0,127.39,bank:593.09
KOS-2026-005213,2026-06-10,20:12,normal_sale,active,Nitin Patil,Amul Masti Dahi 400g,1,piece,40,40,8,5,9.95,211.28,211,0,27,cash:211
KOS-2026-005213,2026-06-10,20:12,normal_sale,active,Nitin Patil,Oreo Biscuit 120g,4,piece,35,140,20,18,9.95,211.28,211,0,27,cash:211
KOS-2026-005213,2026-06-10,20:12,normal_sale,active,Nitin Patil,Thums Up 750ml,1,piece,41.23,41.23,9.23,28,9.95,211.28,211,0,27,cash:211
KOS-2026-005212,2026-06-10,19:38,normal_sale,active,Walk-in,Gillette Guard Razor,1,piece,35.93,35.93,7.93,18,0,99.01,99.01,0,23.71,cash:39|upi:60.01
KOS-2026-005212,2026-06-10,19:38,normal_sale,active,Walk-in,Besan (loose),0.5,kg,105.06,52.53,13.53,5,0,99.01,99.01,0,23.71,cash:39|upi:60.01
KOS-2026-005212,2026-06-10,19:38,normal_sale,active,Walk-in,Parle-G Biscuit 100g,1,piece,10.55,10.55,2.25,18,0,99.01,99.01,0,23.71,cash:39|upi:60.01
KOS-2026-005211,2026-06-10,19:15,normal_sale,active,Walk-in,Amul Gold Milk 500ml,2,piece,34.79,69.58,9.58,0,0,69.58,69,0,9,cash:69
KOS-2026-005210,2026-06-10,18:53,normal_sale,active,Sneha Rane,Potato,0.25,kg,26,6.5,2,0,0,875.73,875,0,188.7,cash:875
KOS-2026-005210,2026-06-10,18:53,normal_sale,active,Sneha Rane,5 Star 25g,1,piece,10,10,1.5,18,0,875.73,875,0,188.7,cash:875
KOS-2026-005210,2026-06-10,18:53,normal_sale,active,Sneha Rane,Thums Up 750ml,1,piece,41.23,41.23,9.23,28,0,875.73,875,0,188.7,cash:875
KOS-2026-005210,2026-06-10,18:53,normal_sale,active,Sneha Rane,Surf Excel Easy Wash 1kg,1,piece,143.99,143.99,25.99,18,0,875.73,875,0,188.7,cash:875
KOS-2026-005210,2026-06-10,18:53,normal_sale,active,Sneha Rane,Sona Masoori Rice (loose),2,kg,58,116,24,0,0,875.73,875,0,188.7,cash:875
KOS-2026-005210,2026-06-10,18:53,normal_sale,active,Sneha Rane,Parle-G Biscuit 100g,1,piece,10.55,10.55,2.25,18,0,875.73,875,0,188.7,cash:875
KOS-2026-005210,2026-06-10,18:53,normal_sale,active,Sneha Rane,Rava / Sooji (loose),2,kg,48.98,97.96,25.96,5,0,875.73,875,0,188.7,cash:875
KOS-2026-005210,2026-06-10,18:53,normal_sale,active,Sneha Rane,Coca-Cola 750ml,1,piece,42.7,42.7,10.7,28,0,875.73,875,0,188.7,cash:875
KOS-2026-005210,2026-06-10,18:53,normal_sale,active,Sneha Rane,Harpic Toilet Cleaner 500ml,1,piece,105,105,17,18,0,875.73,875,0,188.7,cash:875
KOS-2026-005210,2026-06-10,18:53,normal_sale,active,Sneha Rane,Tata Salt 1kg,1,piece,33.4,33.4,9.4,0,0,875.73,875,0,188.7,cash:875
KOS-2026-005210,2026-06-10,18:53,normal_sale,active,Sneha Rane,Bingo Mad Angles 66g,2,piece,21.01,42.02,9.02,12,0,875.73,875,0,188.7,cash:875
KOS-2026-005210,2026-06-10,18:53,normal_sale,active,Sneha Rane,Nirma Washing Powder 1kg,3,piece,75.46,226.38,52.38,18,0,875.73,875,0,188.7,cash:875
KOS-2026-005209,2026-06-10,18:23,normal_sale,active,Walk-in,Nirma Washing Powder 1kg,3,piece,75.46,226.38,52.38,18,0,254.38,254,0,55,cash:254
KOS-2026-005209,2026-06-10,18:23,normal_sale,active,Walk-in,Amul Taaza Milk 500ml,1,piece,28,28,3,0,0,254.38,254,0,55,cash:254
KOS-2026-005208,2026-06-10,18:05,normal_sale,active,Arun Salunkhe,Parle-G Biscuit 100g,1,piece,10.55,10.55,2.25,18,25,932.1,932,0,164.2,cash:932
KOS-2026-005208,2026-06-10,18:05,normal_sale,active,Arun Salunkhe,Thums Up 750ml,1,piece,41.23,41.23,9.23,28,25,932.1,932,0,164.2,cash:932
KOS-2026-005208,2026-06-10,18:05,normal_sale,active,Arun Salunkhe,Maggi Noodles 70g,1,piece,14.55,14.55,3.05,12,25,932.1,932,0,164.2,cash:932
KOS-2026-005208,2026-06-10,18:05,normal_sale,active,Arun Salunkhe,Bisleri Water 1L,3,piece,20,60,21,18,25,932.1,932,0,164.2,cash:932
KOS-2026-005208,2026-06-10,18:05,normal_sale,active,Arun Salunkhe,Lifebuoy Soap 125g,3,piece,35.94,107.82,23.82,18,25,932.1,932,0,164.2,cash:932
KOS-2026-005208,2026-06-10,18:05,normal_sale,active,Arun Salunkhe,Surf Excel Easy Wash 1kg,3,piece,143.99,431.97,77.97,18,25,932.1,932,0,164.2,cash:932
KOS-2026-005208,2026-06-10,18:05,normal_sale,active,Arun Salunkhe,Britannia Good Day 100g,1,piece,31.73,31.73,6.73,18,25,932.1,932,0,164.2,cash:932
KOS-2026-005208,2026-06-10,18:05,normal_sale,active,Arun Salunkhe,Gillette Guard Razor,1,piece,35.93,35.93,7.93,18,25,932.1,932,0,164.2,cash:932
KOS-2026-005208,2026-06-10,18:05,normal_sale,active,Arun Salunkhe,5 Star 25g,2,piece,10,20,3,18,25,932.1,932,0,164.2,cash:932
KOS-2026-005208,2026-06-10,18:05,normal_sale,active,Arun Salunkhe,Amul Cheese Slices 200g,1,piece,140,140,18,12,25,932.1,932,0,164.2,cash:932
KOS-2026-005208,2026-06-10,18:05,normal_sale,active,Arun Salunkhe,Britannia Marie Gold 250g,1,piece,41.48,41.48,8.48,18,25,932.1,932,0,164.2,cash:932
KOS-2026-005208,2026-06-10,18:05,normal_sale,active,Arun Salunkhe,Reynolds Pen,2,piece,10.92,21.84,7.84,12,25,932.1,932,0,164.2,cash:932
KOS-2026-005207,2026-06-10,18:02,normal_sale,active,Walk-in,Tata Salt 1kg,1,piece,33.4,33.4,9.4,0,0,114.88,114.88,0,24.88,cash:114.88
KOS-2026-005207,2026-06-10,18:02,normal_sale,active,Walk-in,Britannia Marie Gold 250g,1,piece,41.48,41.48,8.48,18,0,114.88,114.88,0,24.88,cash:114.88
KOS-2026-005207,2026-06-10,18:02,normal_sale,active,Walk-in,Kurkure Masala Munch 70g,2,piece,20,40,7,12,0,114.88,114.88,0,24.88,cash:114.88
KOS-2026-005206,2026-06-10,17:49,normal_sale,active,Walk-in,Rava / Sooji (loose),0.25,kg,48.98,12.25,3.25,5,0,12.25,12,0,3,cash:12
KOS-2026-005205,2026-06-10,17:15,normal_sale,active,Walk-in,Parle-G Biscuit 100g,3,piece,10.55,31.65,6.75,18,0,200.75,200,0,46.1,cash:200
KOS-2026-005205,2026-06-10,17:15,normal_sale,active,Walk-in,Reynolds Pen,1,piece,10.92,10.92,3.92,12,0,200.75,200,0,46.1,cash:200
KOS-2026-005205,2026-06-10,17:15,normal_sale,active,Walk-in,Chana Dal (loose),0.5,kg,95.24,47.62,10.62,0,0,200.75,200,0,46.1,cash:200
KOS-2026-005205,2026-06-10,17:15,normal_sale,active,Walk-in,Lux Soap 100g,1,piece,40.33,40.33,10.33,18,0,200.75,200,0,46.1,cash:200
KOS-2026-005205,2026-06-10,17:15,normal_sale,active,Walk-in,Thums Up 750ml,1,piece,41.23,41.23,9.23,28,0,200.75,200,0,46.1,cash:200
KOS-2026-005205,2026-06-10,17:15,normal_sale,active,Walk-in,Sona Masoori Rice (loose),0.5,kg,58,29,6,0,0,200.75,200,0,46.1,cash:200
KOS-2026-005204,2026-06-10,15:16,normal_sale,active,Walk-in,Sugar (loose),0.5,kg,49.91,24.96,4.46,5,0,24.96,24.96,0,4.46,upi:24.96
KOS-2026-005203,2026-06-10,12:59,normal_sale,active,Walk-in,Vim Dishwash Bar 200g,3,piece,21.09,63.27,15.27,18,0,473.92,473.92,0,96.17,cash:473.92
KOS-2026-005203,2026-06-10,12:59,normal_sale,active,Walk-in,Maggi Noodles 70g,1,piece,14.55,14.55,3.05,12,0,473.92,473.92,0,96.17,cash:473.92
KOS-2026-005203,2026-06-10,12:59,normal_sale,active,Walk-in,Coca-Cola 750ml,1,piece,42.7,42.7,10.7,28,0,473.92,473.92,0,96.17,cash:473.92
KOS-2026-005203,2026-06-10,12:59,normal_sale,active,Walk-in,Sugar (loose),0.25,kg,49.91,12.48,2.23,5,0,473.92,473.92,0,96.17,cash:473.92
KOS-2026-005203,2026-06-10,12:59,normal_sale,active,Walk-in,Colgate Strong Teeth 200g,3,piece,113.64,340.92,64.92,18,0,473.92,473.92,0,96.17,cash:473.92
KOS-2026-005202,2026-06-10,12:48,normal_sale,active,Walk-in,Amul Masti Dahi 400g,4,piece,40,160,32,5,0,530.31,530.31,0,104.81,upi:530.31
KOS-2026-005202,2026-06-10,12:48,normal_sale,active,Walk-in,Ariel Detergent 1kg,2,piece,163.43,326.86,62.86,18,0,530.31,530.31,0,104.81,upi:530.31
KOS-2026-005202,2026-06-10,12:48,normal_sale,active,Walk-in,Frooti 200ml,2,piece,10.49,20.98,3.98,12,0,530.31,530.31,0,104.81,upi:530.31
KOS-2026-005202,2026-06-10,12:48,normal_sale,active,Walk-in,Lays Classic Salted 52g,1,piece,22.47,22.47,5.97,12,0,530.31,530.31,0,104.81,upi:530.31
KOS-2026-005201,2026-06-10,12:12,normal_sale,active,Walk-in,Lemon,1,piece,5.14,5.14,1.94,0,0,127.63,127.63,0,26.43,cash:127.63
KOS-2026-005201,2026-06-10,12:12,normal_sale,active,Walk-in,Vim Liquid 500ml,1,piece,122.49,122.49,24.49,18,0,127.63,127.63,0,26.43,cash:127.63
KOS-2026-005200,2026-06-10,11:48,normal_sale,active,Priya Patil,Parle-G Biscuit 100g,1,piece,10.55,10.55,2.25,18,0,564.74,564,0,107.2,cash:564
KOS-2026-005200,2026-06-10,11:48,normal_sale,active,Priya Patil,Saffola Gold Oil 1L,1,piece,203.57,203.57,38.57,5,0,564.74,564,0,107.2,cash:564
KOS-2026-005200,2026-06-10,11:48,normal_sale,active,Priya Patil,Tomato,0.25,kg,41.9,10.48,3.98,0,0,564.74,564,0,107.2,cash:564
KOS-2026-005200,2026-06-10,11:48,normal_sale,active,Priya Patil,Dettol Antiseptic 250ml,2,piece,160.07,320.14,56.14,18,0,564.74,564,0,107.2,cash:564
KOS-2026-005200,2026-06-10,11:48,normal_sale,active,Priya Patil,Bisleri Water 1L,1,piece,20,20,7,18,0,564.74,564,0,107.2,cash:564
KOS-2026-005199,2026-06-10,11:36,normal_sale,active,Walk-in,Coca-Cola 750ml,1,piece,42.7,42.7,10.7,28,0,78.64,78.64,0,18.64,upi:78.64
KOS-2026-005199,2026-06-10,11:36,normal_sale,active,Walk-in,Lifebuoy Soap 125g,1,piece,35.94,35.94,7.94,18,0,78.64,78.64,0,18.64,upi:78.64
KOS-2026-005198,2026-06-10,11:32,normal_sale,active,Walk-in,Tata Tea Gold 500g,1,piece,323.95,323.95,58.95,5,0,1163.4,1163.4,0,187.8,upi:1163.4
KOS-2026-005198,2026-06-10,11:32,normal_sale,active,Walk-in,Maggi Noodles 70g,2,piece,14.55,29.1,6.1,12,0,1163.4,1163.4,0,187.8,upi:1163.4
KOS-2026-005198,2026-06-10,11:32,normal_sale,active,Walk-in,Sugar (loose),1,kg,49.91,49.91,8.91,5,0,1163.4,1163.4,0,187.8,upi:1163.4
KOS-2026-005198,2026-06-10,11:32,normal_sale,active,Walk-in,Parle-G Biscuit 100g,2,piece,10.55,21.1,4.5,18,0,1163.4,1163.4,0,187.8,upi:1163.4
KOS-2026-005198,2026-06-10,11:32,normal_sale,active,Walk-in,Amul Ghee 500ml,2,piece,369.67,739.34,109.34,12,0,1163.4,1163.4,0,187.8,upi:1163.4
KOS-2026-005197,2026-06-10,11:16,normal_sale,active,Walk-in,Moong Dal (loose),2,kg,130.61,248.16,56.16,0,0,248.16,248,0,56,cash:248
RET-2026-000014,2026-06-10,11:01,sales_return,active,Walk-in,Lemon,-1,piece,5.14,-5.14,-1.94,0,0,-5.14,-5.14,0,-1.94,upi:-5.14
KOS-2026-005196,2026-06-10,10:20,normal_sale,active,Walk-in,Frooti 200ml,1,piece,10.49,10.49,1.99,12,0,1120.34,1120.34,0,214.84,upi:1120.34
KOS-2026-005196,2026-06-10,10:20,normal_sale,active,Walk-in,Colgate Strong Teeth 200g,2,piece,113.64,227.28,43.28,18,0,1120.34,1120.34,0,214.84,upi:1120.34
KOS-2026-005196,2026-06-10,10:20,normal_sale,active,Walk-in,Lux Soap 100g,4,piece,40.33,161.32,41.32,18,0,1120.34,1120.34,0,214.84,upi:1120.34
KOS-2026-005196,2026-06-10,10:20,normal_sale,active,Walk-in,Thums Up 750ml,1,piece,41.23,41.23,9.23,28,0,1120.34,1120.34,0,214.84,upi:1120.34
KOS-2026-005196,2026-06-10,10:20,normal_sale,active,Walk-in,Maggi Noodles 8-pack,3,piece,112.52,337.56,61.56,12,0,1120.34,1120.34,0,214.84,upi:1120.34
KOS-2026-005196,2026-06-10,10:20,normal_sale,active,Walk-in,Oreo Biscuit 120g,1,piece,35,35,5,18,0,1120.34,1120.34,0,214.84,upi:1120.34
KOS-2026-005196,2026-06-10,10:20,normal_sale,active,Walk-in,Haldiram Bhujia 200g,1,piece,57.46,57.46,12.46,12,0,1120.34,1120.34,0,214.84,upi:1120.34
KOS-2026-005196,2026-06-10,10:20,normal_sale,active,Walk-in,Lizol Floor Cleaner 500ml,2,piece,125,250,40,18,0,1120.34,1120.34,0,214.84,upi:1120.34
KOS-2026-005195,2026-06-10,09:55,normal_sale,active,Walk-in,Match Box,1,piece,2.08,2.08,0.98,18,0,298.54,298,0,51.9,cash:298
KOS-2026-005195,2026-06-10,09:55,normal_sale,active,Walk-in,Tomato,0.5,kg,41.9,20.95,7.95,0,0,298.54,298,0,51.9,cash:298
KOS-2026-005195,2026-06-10,09:55,normal_sale,active,Walk-in,Bournvita 500g,1,piece,275.51,275.51,43.51,18,0,298.54,298,0,51.9,cash:298
KOS-2026-005194,2026-06-10,09:50,normal_sale,active,Walk-in,Toor Dal (loose),2,kg,161.66,323.32,87.32,0,25,368.32,368.32,0,72.32,upi:368.32
KOS-2026-005194,2026-06-10,09:50,normal_sale,active,Walk-in,Oreo Biscuit 120g,2,piece,35,70,10,18,25,368.32,368.32,0,72.32,upi:368.32
EST-2026-000055,2026-06-10,09:42,estimate,active,Suresh Verma,Harpic Toilet Cleaner 500ml,1,piece,105,105,17,18,25,561.11,561.11,0,96.71,cash:282|upi:279.11
EST-2026-000055,2026-06-10,09:42,estimate,active,Suresh Verma,Agarbatti Pack (20 sticks),1,piece,31.3,31.3,7.3,12,25,561.11,561.11,0,96.71,cash:282|upi:279.11
EST-2026-000055,2026-06-10,09:42,estimate,active,Suresh Verma,Parle-G Biscuit 100g,2,piece,10.55,21.1,4.5,18,25,561.11,561.11,0,96.71,cash:282|upi:279.11
EST-2026-000055,2026-06-10,09:42,estimate,active,Suresh Verma,Nirma Washing Powder 1kg,2,piece,75.46,150.92,34.92,18,25,561.11,561.11,0,96.71,cash:282|upi:279.11
EST-2026-000055,2026-06-10,09:42,estimate,active,Suresh Verma,Potato,0.25,kg,26,6.5,2,0,25,561.11,561.11,0,96.71,cash:282|upi:279.11
EST-2026-000055,2026-06-10,09:42,estimate,active,Suresh Verma,Lays Classic Salted 52g,2,piece,22.47,44.94,11.94,12,25,561.11,561.11,0,96.71,cash:282|upi:279.11
EST-2026-000055,2026-06-10,09:42,estimate,active,Suresh Verma,KitKat 4-finger,1,piece,21.23,21.23,4.23,18,25,561.11,561.11,0,96.71,cash:282|upi:279.11
EST-2026-000055,2026-06-10,09:42,estimate,active,Suresh Verma,Amul Masti Dahi 400g,1,piece,40,40,8,5,25,561.11,561.11,0,96.71,cash:282|upi:279.11
EST-2026-000055,2026-06-10,09:42,estimate,active,Suresh Verma,Amul Taaza Milk 500ml,1,piece,28,28,3,0,25,561.11,561.11,0,96.71,cash:282|upi:279.11
EST-2026-000055,2026-06-10,09:42,estimate,active,Suresh Verma,Match Box,8,piece,2.08,16.64,7.84,18,25,561.11,561.11,0,96.71,cash:282|upi:279.11
EST-2026-000055,2026-06-10,09:42,estimate,active,Suresh Verma,Oreo Biscuit 120g,2,piece,35,70,10,18,25,561.11,561.11,0,96.71,cash:282|upi:279.11
EST-2026-000055,2026-06-10,09:42,estimate,active,Suresh Verma,Gillette Guard Razor,1,piece,35.93,35.93,7.93,18,25,561.11,561.11,0,96.71,cash:282|upi:279.11
EST-2026-000055,2026-06-10,09:42,estimate,active,Suresh Verma,Maggi Noodles 70g,1,piece,14.55,14.55,3.05,12,25,561.11,561.11,0,96.71,cash:282|upi:279.11
KOS-2026-005193,2026-06-10,09:30,normal_sale,active,Walk-in,Britannia Good Day 100g,4,piece,31.73,126.92,26.92,18,16.3,640.15,640.15,0,123.65,upi:640.15
KOS-2026-005193,2026-06-10,09:30,normal_sale,active,Walk-in,Maggi Noodles 70g,1,piece,14.55,14.55,3.05,12,16.3,640.15,640.15,0,123.65,upi:640.15
KOS-2026-005193,2026-06-10,09:30,normal_sale,active,Walk-in,Lifebuoy Soap 125g,1,piece,35.94,35.94,7.94,18,16.3,640.15,640.15,0,123.65,upi:640.15
KOS-2026-005193,2026-06-10,09:30,normal_sale,active,Walk-in,Groundnut / Peanut (loose),0.25,kg,123.75,30.94,8.94,5,16.3,640.15,640.15,0,123.65,upi:640.15
KOS-2026-005193,2026-06-10,09:30,normal_sale,active,Walk-in,Onion,1,kg,36.44,36.44,12.44,0,16.3,640.15,640.15,0,123.65,upi:640.15
KOS-2026-005193,2026-06-10,09:30,normal_sale,active,Walk-in,Kurkure Masala Munch 70g,1,piece,20,20,3.5,12,16.3,640.15,640.15,0,123.65,upi:640.15
KOS-2026-005193,2026-06-10,09:30,normal_sale,active,Walk-in,Parle-G Biscuit 100g,2,piece,10.55,21.1,4.5,18,16.3,640.15,640.15,0,123.65,upi:640.15
KOS-2026-005193,2026-06-10,09:30,normal_sale,active,Walk-in,Match Box,9,piece,2.08,18.72,8.82,18,16.3,640.15,640.15,0,123.65,upi:640.15
KOS-2026-005193,2026-06-10,09:30,normal_sale,active,Walk-in,Clinic Plus Shampoo 175ml,2,piece,140,280,44,18,16.3,640.15,640.15,0,123.65,upi:640.15
KOS-2026-005193,2026-06-10,09:30,normal_sale,active,Walk-in,Garlic,0.25,kg,156.74,39.19,11.19,0,16.3,640.15,640.15,0,123.65,upi:640.15
KOS-2026-005193,2026-06-10,09:30,normal_sale,active,Walk-in,Moong Dal (loose),0.25,kg,130.61,32.65,8.65,0,16.3,640.15,640.15,0,123.65,upi:640.15
KOS-2026-005192,2026-06-10,09:11,normal_sale,active,Vaishali Verma,Wheat Atta (loose),1,kg,42,42,10,0,0,376.28,0,376.28,97.28,
KOS-2026-005192,2026-06-10,09:11,normal_sale,active,Vaishali Verma,Britannia Brown Bread,1,piece,52.9,52.9,10.9,0,0,376.28,0,376.28,97.28,
KOS-2026-005192,2026-06-10,09:11,normal_sale,active,Vaishali Verma,Classmate Notebook 172pg,3,piece,57.68,173.04,47.04,12,0,376.28,0,376.28,97.28,
KOS-2026-005192,2026-06-10,09:11,normal_sale,active,Vaishali Verma,Maggi Noodles 70g,2,piece,14.55,29.1,6.1,12,0,376.28,0,376.28,97.28,
KOS-2026-005192,2026-06-10,09:11,normal_sale,active,Vaishali Verma,KitKat 4-finger,1,piece,21.23,21.23,4.23,18,0,376.28,0,376.28,97.28,
KOS-2026-005192,2026-06-10,09:11,normal_sale,active,Vaishali Verma,Ginger,0.5,kg,116.02,58.01,19.01,0,0,376.28,0,376.28,97.28,
KOS-2026-005191,2026-06-10,09:09,normal_sale,active,Walk-in,Kurkure Masala Munch 70g,1,piece,20,20,3.5,12,0,245.07,245.07,0,57.17,upi:245.07
KOS-2026-005191,2026-06-10,09:09,normal_sale,active,Walk-in,Parle-G Biscuit 100g,8,piece,10.55,84.4,18,18,0,245.07,245.07,0,57.17,upi:245.07
KOS-2026-005191,2026-06-10,09:09,normal_sale,active,Walk-in,Urad Dal (loose),1,kg,140.67,140.67,35.67,0,0,245.07,245.07,0,57.17,upi:245.07
KOS-2026-005190,2026-06-10,09:08,normal_sale,active,Sunita Sharma,Thums Up 750ml,2,piece,41.23,82.46,18.46,28,40.61,41.85,41.85,0,-22.15,cash:15|upi:26.85
KOS-2026-005189,2026-06-10,08:24,normal_sale,active,Walk-in,Thums Up 750ml,4,piece,41.23,164.92,36.92,28,0,164.92,164.92,0,36.92,upi:164.92
KOS-2026-005188,2026-06-09,21:59,normal_sale,active,Walk-in,Dhara Mustard Oil 1L,4,piece,181.11,724.44,116.44,5,0,1345.7,1345,0,235,cash:1345
KOS-2026-005188,2026-06-09,21:59,normal_sale,active,Walk-in,Oreo Biscuit 120g,2,piece,35,70,10,18,0,1345.7,1345,0,235,cash:1345
KOS-2026-005188,2026-06-09,21:59,normal_sale,active,Walk-in,Close Up Red 150g,4,piece,95.79,383.16,71.16,18,0,1345.7,1345,0,235,cash:1345
KOS-2026-005188,2026-06-09,21:59,normal_sale,active,Walk-in,5 Star 25g,4,piece,10,40,6,18,0,1345.7,1345,0,235,cash:1345
KOS-2026-005188,2026-06-09,21:59,normal_sale,active,Walk-in,Coca-Cola 750ml,3,piece,42.7,128.1,32.1,28,0,1345.7,1345,0,235,cash:1345
KOS-2026-005187,2026-06-09,20:51,normal_sale,active,Walk-in,5 Star 25g,1,piece,10,10,1.5,18,0,10,10,0,1.5,cash:3|upi:7
KOS-2026-005186,2026-06-09,20:38,normal_sale,active,Walk-in,Tomato,0.5,kg,41.9,20.95,7.95,0,0,20.95,20.95,0,7.95,upi:20.95
KOS-2026-005185,2026-06-09,20:16,normal_sale,active,Ashok Dsouza,MDH Garam Masala 100g,1,piece,95.44,95.44,17.44,5,31.87,485.1,485.1,0,57.1,upi:485.1
KOS-2026-005185,2026-06-09,20:16,normal_sale,active,Ashok Dsouza,Tata Salt 1kg,1,piece,33.4,33.4,9.4,0,31.87,485.1,485.1,0,57.1,upi:485.1
KOS-2026-005185,2026-06-09,20:16,normal_sale,active,Ashok Dsouza,Poha (loose),0.5,kg,56,28,7,5,31.87,485.1,485.1,0,57.1,upi:485.1
KOS-2026-005185,2026-06-09,20:16,normal_sale,active,Ashok Dsouza,Amul Gold Milk 500ml,1,piece,34.79,34.79,4.79,0,31.87,485.1,485.1,0,57.1,upi:485.1
KOS-2026-005185,2026-06-09,20:16,normal_sale,active,Ashok Dsouza,Bisleri Water 1L,1,piece,20,20,7,18,31.87,485.1,485.1,0,57.1,upi:485.1
KOS-2026-005185,2026-06-09,20:16,normal_sale,active,Ashok Dsouza,Lizol Floor Cleaner 500ml,2,piece,125,237.5,27.5,18,31.87,485.1,485.1,0,57.1,upi:485.1
KOS-2026-005185,2026-06-09,20:16,normal_sale,active,Ashok Dsouza,Reynolds Pen,1,piece,10.92,10.92,3.92,12,31.87,485.1,485.1,0,57.1,upi:485.1
KOS-2026-005185,2026-06-09,20:16,normal_sale,active,Ashok Dsouza,Frooti 200ml,2,piece,10.49,20.98,3.98,12,31.87,485.1,485.1,0,57.1,upi:485.1
KOS-2026-005185,2026-06-09,20:16,normal_sale,active,Ashok Dsouza,Lifebuoy Soap 125g,1,piece,35.94,35.94,7.94,18,31.87,485.1,485.1,0,57.1,upi:485.1
KOS-2026-005184,2026-06-09,19:58,normal_sale,active,Walk-in,Gillette Guard Razor,2,piece,35.93,71.86,15.86,18,0,100.86,100.86,0,21.86,cash:100.86
KOS-2026-005184,2026-06-09,19:58,normal_sale,active,Walk-in,Sona Masoori Rice (loose),0.5,kg,58,29,6,0,0,100.86,100.86,0,21.86,cash:100.86
KOS-2026-005183,2026-06-09,19:29,normal_sale,active,Kavita Kulkarni,Parle-G Biscuit 100g,1,piece,10.55,10.55,2.25,18,0,54.33,54.33,0,11.33,cash:20|upi:34.33
KOS-2026-005183,2026-06-09,19:29,normal_sale,active,Kavita Kulkarni,KitKat 4-finger,1,piece,21.23,21.23,4.23,18,0,54.33,54.33,0,11.33,cash:20|upi:34.33
KOS-2026-005183,2026-06-09,19:29,normal_sale,active,Kavita Kulkarni,Maggi Noodles 70g,1,piece,14.55,14.55,3.05,12,0,54.33,54.33,0,11.33,cash:20|upi:34.33
KOS-2026-005183,2026-06-09,19:29,normal_sale,active,Kavita Kulkarni,Farm Eggs,1,piece,8,8,1.8,0,0,54.33,54.33,0,11.33,cash:20|upi:34.33
KOS-2026-005182,2026-06-09,18:42,normal_sale,active,Arun Shaikh,Amul Cheese Slices 200g,2,piece,140,280,36,12,0,436.34,436.34,0,68.34,cash:436.34
KOS-2026-005182,2026-06-09,18:42,normal_sale,active,Arun Shaikh,Coca-Cola 750ml,1,piece,42.7,42.7,10.7,28,0,436.34,436.34,0,68.34,cash:436.34
KOS-2026-005182,2026-06-09,18:42,normal_sale,active,Arun Shaikh,Colgate Strong Teeth 200g,1,piece,113.64,113.64,21.64,18,0,436.34,436.34,0,68.34,cash:436.34
KOS-2026-005181,2026-06-09,17:50,normal_sale,active,Walk-in,Camphor 50g,2,piece,58.85,117.7,33.7,12,0,250.32,250,0,66.3,cash:250
KOS-2026-005181,2026-06-09,17:50,normal_sale,active,Walk-in,Lemon,11,piece,5.14,56.54,21.34,0,0,250.32,250,0,66.3,cash:250
KOS-2026-005181,2026-06-09,17:50,normal_sale,active,Walk-in,Potato,0.25,kg,26,6.5,2,0,0,250.32,250,0,66.3,cash:250
KOS-2026-005181,2026-06-09,17:50,normal_sale,active,Walk-in,Amul Gold Milk 500ml,2,piece,34.79,69.58,9.58,0,0,250.32,250,0,66.3,cash:250
KOS-2026-005180,2026-06-09,17:45,normal_sale,active,Madhuri Salunkhe,Amul Cheese Slices 200g,3,piece,140,420,54,12,0,464.96,464.96,0,65.46,cash:464.96
KOS-2026-005180,2026-06-09,17:45,normal_sale,active,Madhuri Salunkhe,Sugar (loose),0.5,kg,49.91,24.96,4.46,5,0,464.96,464.96,0,65.46,cash:464.96
KOS-2026-005180,2026-06-09,17:45,normal_sale,active,Madhuri Salunkhe,Bisleri Water 1L,1,piece,20,20,7,18,0,464.96,464.96,0,65.46,cash:464.96
KOS-2026-005179,2026-06-09,17:42,normal_sale,active,Salim Rane,Moong Dal (loose),5,kg,130.61,653.05,173.05,0,0,1538.9,1538.9,0,355.4,upi:1538.9
KOS-2026-005179,2026-06-09,17:42,normal_sale,active,Salim Rane,Tomato,0.25,kg,41.9,10.48,3.98,0,0,1538.9,1538.9,0,355.4,upi:1538.9
KOS-2026-005179,2026-06-09,17:42,normal_sale,active,Salim Rane,Horlicks 500g,1,piece,314.21,314.21,69.21,18,0,1538.9,1538.9,0,355.4,upi:1538.9
KOS-2026-005179,2026-06-09,17:42,normal_sale,active,Salim Rane,Surf Excel Easy Wash 1kg,2,piece,143.99,287.98,51.98,18,0,1538.9,1538.9,0,355.4,upi:1538.9
KOS-2026-005179,2026-06-09,17:42,normal_sale,active,Salim Rane,Nescafe Classic 50g,1,piece,206.38,206.38,38.38,18,0,1538.9,1538.9,0,355.4,upi:1538.9
KOS-2026-005179,2026-06-09,17:42,normal_sale,active,Salim Rane,Tata Salt 1kg,2,piece,33.4,66.8,18.8,0,0,1538.9,1538.9,0,355.4,upi:1538.9
KOS-2026-005178,2026-06-09,17:37,normal_sale,active,Meena Singh,Amul Masti Dahi 400g,2,piece,40,80,16,5,0,128.11,128.11,0,30.61,upi:128.11
KOS-2026-005178,2026-06-09,17:37,normal_sale,active,Meena Singh,Reynolds Pen,2,piece,10.92,21.84,7.84,12,0,128.11,128.11,0,30.61,upi:128.11
KOS-2026-005178,2026-06-09,17:37,normal_sale,active,Meena Singh,Besan (loose),0.25,kg,105.06,26.27,6.77,5,0,128.11,128.11,0,30.61,upi:128.11
KOS-2026-005177,2026-06-09,17:11,normal_sale,active,Lata Sharma,Lux Soap 100g,1,piece,40.33,40.33,10.33,18,0,638.02,0,638.02,108.92,
KOS-2026-005177,2026-06-09,17:11,normal_sale,active,Lata Sharma,Match Box,1,piece,2.08,2.08,0.98,18,0,638.02,0,638.02,108.92,
KOS-2026-005177,2026-06-09,17:11,normal_sale,active,Lata Sharma,Amul Ghee 500ml,1,piece,369.67,369.67,54.67,12,0,638.02,0,638.02,108.92,
KOS-2026-005177,2026-06-09,17:11,normal_sale,active,Lata Sharma,Haldiram Bhujia 200g,1,piece,57.46,57.46,12.46,12,0,638.02,0,638.02,108.92,
KOS-2026-005177,2026-06-09,17:11,normal_sale,active,Lata Sharma,Fortune Sunflower Oil 1L,1,piece,168.48,168.48,30.48,5,0,638.02,0,638.02,108.92,
KOS-2026-005176,2026-06-09,16:25,normal_sale,active,Walk-in,Center Fresh Gum (jar pc),1,piece,1.02,1.02,0.17,18,0,141.35,141.35,0,30.5,cash:51|upi:90.35
KOS-2026-005176,2026-06-09,16:25,normal_sale,active,Walk-in,Wheat Atta (loose),0.25,kg,42,10.5,2.5,0,0,141.35,141.35,0,30.5,cash:51|upi:90.35
KOS-2026-005176,2026-06-09,16:25,normal_sale,active,Walk-in,Frooti 200ml,2,piece,10.49,20.98,3.98,12,0,141.35,141.35,0,30.5,cash:51|upi:90.35
KOS-2026-005176,2026-06-09,16:25,normal_sale,active,Walk-in,Sona Masoori Rice (loose),0.25,kg,58,14.5,3,0,0,141.35,141.35,0,30.5,cash:51|upi:90.35
KOS-2026-005176,2026-06-09,16:25,normal_sale,active,Walk-in,Everest Turmeric 200g,1,piece,79.8,79.8,17.8,5,0,141.35,141.35,0,30.5,cash:51|upi:90.35
KOS-2026-005176,2026-06-09,16:25,normal_sale,active,Walk-in,Maggi Noodles 70g,1,piece,14.55,14.55,3.05,12,0,141.35,141.35,0,30.5,cash:51|upi:90.35
KOS-2026-005175,2026-06-09,14:02,normal_sale,active,Priya Shinde,Rava / Sooji (loose),1,kg,48.98,48.98,12.98,5,0,50,50,0,13.15,upi:50
KOS-2026-005175,2026-06-09,14:02,normal_sale,active,Priya Shinde,Center Fresh Gum (jar pc),1,piece,1.02,1.02,0.17,18,0,50,50,0,13.15,upi:50
KOS-2026-005174,2026-06-09,12:43,normal_sale,active,Gurpreet Bhosale,Tata Salt 1kg,1,piece,33.4,33.4,9.4,0,25,407.31,407.31,0,69.21,upi:407.31
KOS-2026-005174,2026-06-09,12:43,normal_sale,active,Gurpreet Bhosale,Tata Tea Gold 500g,1,piece,323.95,323.95,58.95,5,25,407.31,407.31,0,69.21,upi:407.31
KOS-2026-005174,2026-06-09,12:43,normal_sale,active,Gurpreet Bhosale,Onion,2,kg,36.44,72.88,24.88,0,25,407.31,407.31,0,69.21,upi:407.31
KOS-2026-005174,2026-06-09,12:43,normal_sale,active,Gurpreet Bhosale,Match Box,1,piece,2.08,2.08,0.98,18,25,407.31,407.31,0,69.21,upi:407.31
KOS-2026-005173,2026-06-09,12:36,normal_sale,active,Suresh Kulkarni,Red Label Tea 250g,1,piece,157.13,157.13,29.13,5,0,1198.55,1198,0,209,cash:1198
KOS-2026-005173,2026-06-09,12:36,normal_sale,active,Suresh Kulkarni,Tata Tea Gold 500g,1,piece,323.95,323.95,58.95,5,0,1198.55,1198,0,209,cash:1198
KOS-2026-005173,2026-06-09,12:36,normal_sale,active,Suresh Kulkarni,Bournvita 500g,1,piece,275.51,275.51,43.51,18,0,1198.55,1198,0,209,cash:1198
KOS-2026-005173,2026-06-09,12:36,normal_sale,active,Suresh Kulkarni,Fortune Sunflower Oil 1L,2,piece,168.48,336.96,60.96,5,0,1198.55,1198,0,209,cash:1198
KOS-2026-005173,2026-06-09,12:36,normal_sale,active,Suresh Kulkarni,Kissan Tomato Ketchup 500g,1,piece,105,105,17,12,0,1198.55,1198,0,209,cash:1198
KOS-2026-005172,2026-06-09,12:21,normal_sale,active,Suresh Deshmukh,Sona Masoori Rice (loose),1,kg,58,58,12,0,0,345.1,345.1,0,78.1,upi:345.1
KOS-2026-005172,2026-06-09,12:21,normal_sale,active,Suresh Deshmukh,Tata Salt 1kg,3,piece,33.4,100.2,28.2,0,0,345.1,345.1,0,78.1,upi:345.1
KOS-2026-005172,2026-06-09,12:21,normal_sale,active,Suresh Deshmukh,Britannia Marie Gold 250g,4,piece,41.48,165.92,33.92,18,0,345.1,345.1,0,78.1,upi:345.1
KOS-2026-005172,2026-06-09,12:21,normal_sale,active,Suresh Deshmukh,Frooti 200ml,2,piece,10.49,20.98,3.98,12,0,345.1,345.1,0,78.1,upi:345.1
KOS-2026-005171,2026-06-09,11:43,normal_sale,active,Walk-in,Ariel Detergent 1kg,1,piece,163.43,163.43,31.43,18,0,437.54,437.54,0,88.14,cash:437.54
KOS-2026-005171,2026-06-09,11:43,normal_sale,active,Walk-in,Parle-G Biscuit 100g,1,piece,10.55,10.55,2.25,18,0,437.54,437.54,0,88.14,cash:437.54
KOS-2026-005171,2026-06-09,11:43,normal_sale,active,Walk-in,Onion,1,kg,36.44,36.44,12.44,0,0,437.54,437.54,0,88.14,cash:437.54
KOS-2026-005171,2026-06-09,11:43,normal_sale,active,Walk-in,Maggi Noodles 8-pack,2,piece,112.52,225.04,41.04,12,0,437.54,437.54,0,88.14,cash:437.54
KOS-2026-005171,2026-06-09,11:43,normal_sale,active,Walk-in,Match Box,1,piece,2.08,2.08,0.98,18,0,437.54,437.54,0,88.14,cash:437.54
KOS-2026-005170,2026-06-09,11:25,normal_sale,active,Walk-in,Lays Classic Salted 52g,1,piece,22.47,22.47,5.97,12,0,22.47,22.47,0,5.97,upi:22.47
KOS-2026-005169,2026-06-09,11:07,normal_sale,active,Walk-in,Basmati Rice Premium (loose),1,kg,126.71,126.71,34.71,0,0,281.38,281,0,72,cash:281
KOS-2026-005169,2026-06-09,11:07,normal_sale,active,Walk-in,Good Knight Refill 45ml,1,piece,91.97,91.97,19.97,18,0,281.38,281,0,72,cash:281
KOS-2026-005169,2026-06-09,11:07,normal_sale,active,Walk-in,Bisleri Water 1L,1,piece,20,20,7,18,0,281.38,281,0,72,cash:281
KOS-2026-005169,2026-06-09,11:07,normal_sale,active,Walk-in,Coca-Cola 750ml,1,piece,42.7,42.7,10.7,28,0,281.38,281,0,72,cash:281
KOS-2026-005168,2026-06-09,10:31,normal_sale,active,Yogesh Dsouza,Kissan Mixed Fruit Jam 200g,1,piece,82,82,14,12,0,153.88,153.88,0,29.88,cash:153.88
KOS-2026-005168,2026-06-09,10:31,normal_sale,active,Yogesh Dsouza,Lifebuoy Soap 125g,2,piece,35.94,71.88,15.88,18,0,153.88,153.88,0,29.88,cash:153.88
KOS-2026-005167,2026-06-09,09:40,normal_sale,active,Walk-in,Ariel Detergent 1kg,3,piece,163.43,490.29,94.29,18,0,828.32,828,0,196.5,cash:828
KOS-2026-005167,2026-06-09,09:40,normal_sale,active,Walk-in,Potato,1,kg,26,26,8,0,0,828.32,828,0,196.5,cash:828
KOS-2026-005167,2026-06-09,09:40,normal_sale,active,Walk-in,Onion,5,kg,36.44,182.2,62.2,0,0,828.32,828,0,196.5,cash:828
KOS-2026-005167,2026-06-09,09:40,normal_sale,active,Walk-in,Tata Salt 1kg,2,piece,33.4,66.8,18.8,0,0,828.32,828,0,196.5,cash:828
KOS-2026-005167,2026-06-09,09:40,normal_sale,active,Walk-in,Bingo Mad Angles 66g,3,piece,21.01,63.03,13.53,12,0,828.32,828,0,196.5,cash:828
KOS-2026-005166,2026-06-09,08:32,normal_sale,active,Walk-in,Lifebuoy Soap 125g,1,piece,35.94,35.94,7.94,18,0,50.44,50.44,0,10.94,upi:50.44
KOS-2026-005166,2026-06-09,08:32,normal_sale,active,Walk-in,Sona Masoori Rice (loose),0.25,kg,58,14.5,3,0,0,50.44,50.44,0,10.94,upi:50.44
KOS-2026-005165,2026-06-09,08:19,normal_sale,active,Walk-in,Lux Soap 100g,2,piece,40.33,80.66,20.66,18,25,782.7,782,0,147,cash:782
KOS-2026-005165,2026-06-09,08:19,normal_sale,active,Walk-in,Frooti 200ml,2,piece,10.49,20.98,3.98,12,25,782.7,782,0,147,cash:782
KOS-2026-005165,2026-06-09,08:19,normal_sale,active,Walk-in,Dettol Antiseptic 250ml,1,piece,160.07,160.07,28.07,18,25,782.7,782,0,147,cash:782
KOS-2026-005165,2026-06-09,08:19,normal_sale,active,Walk-in,Catch Red Chilli Powder 100g,3,piece,63.05,189.15,45.15,5,25,782.7,782,0,147,cash:782
KOS-2026-005165,2026-06-09,08:19,normal_sale,active,Walk-in,Lifebuoy Soap 125g,2,piece,35.94,71.88,15.88,18,25,782.7,782,0,147,cash:782
KOS-2026-005165,2026-06-09,08:19,normal_sale,active,Walk-in,Colgate Strong Teeth 200g,2,piece,113.64,227.28,43.28,18,25,782.7,782,0,147,cash:782
KOS-2026-005165,2026-06-09,08:19,normal_sale,active,Walk-in,Classmate Notebook 172pg,1,piece,57.68,57.68,15.68,12,25,782.7,782,0,147,cash:782
KOS-2026-005164,2026-06-08,21:54,normal_sale,active,Walk-in,Lemon,2,piece,5.14,10.28,3.88,0,0,32.12,32.12,0,11.72,upi:32.12
KOS-2026-005164,2026-06-08,21:54,normal_sale,active,Walk-in,Reynolds Pen,2,piece,10.92,21.84,7.84,12,0,32.12,32.12,0,11.72,upi:32.12
KOS-2026-005163,2026-06-08,21:30,normal_sale,active,Dattatray Shinde,Match Box,3,piece,2.08,6.24,2.94,18,29.07,228.16,0,228.16,24.36,
KOS-2026-005163,2026-06-08,21:30,normal_sale,active,Dattatray Shinde,Sona Masoori Rice (loose),2,kg,58,116,24,0,29.07,228.16,0,228.16,24.36,
KOS-2026-005163,2026-06-08,21:30,normal_sale,active,Dattatray Shinde,Lays Classic Salted 52g,1,piece,22.47,22.47,5.97,12,29.07,228.16,0,228.16,24.36,
KOS-2026-005163,2026-06-08,21:30,normal_sale,active,Dattatray Shinde,Maggi Noodles 8-pack,1,piece,112.52,112.52,20.52,12,29.07,228.16,0,228.16,24.36,
KOS-2026-005162,2026-06-08,20:42,normal_sale,active,Walk-in,Maggi Noodles 8-pack,1,piece,112.52,112.52,20.52,12,0,323.95,323.95,0,70.95,upi:323.95
KOS-2026-005162,2026-06-08,20:42,normal_sale,active,Walk-in,Tomato,0.5,kg,41.9,20.95,7.95,0,0,323.95,323.95,0,70.95,upi:323.95
KOS-2026-005162,2026-06-08,20:42,normal_sale,active,Walk-in,Chana Dal (loose),2,kg,95.24,190.48,42.48,0,0,323.95,323.95,0,70.95,upi:323.95
KOS-2026-005161,2026-06-08,20:06,normal_sale,active,Walk-in,Kurkure Masala Munch 70g,2,piece,20,40,7,12,0,40,40,0,7,cash:40
KOS-2026-005160,2026-06-08,20:05,normal_sale,active,Walk-in,Reynolds Pen,1,piece,10.92,10.92,3.92,12,0,158.39,158.39,0,29.89,upi:158.39
KOS-2026-005160,2026-06-08,20:05,normal_sale,active,Walk-in,Lizol Floor Cleaner 500ml,1,piece,125,125,20,18,0,158.39,158.39,0,29.89,upi:158.39
KOS-2026-005160,2026-06-08,20:05,normal_sale,active,Walk-in,Lays Classic Salted 52g,1,piece,22.47,22.47,5.97,12,0,158.39,158.39,0,29.89,upi:158.39
KOS-2026-005159,2026-06-08,19:34,normal_sale,active,Rakesh Jadhav,Kurkure Masala Munch 70g,1,piece,20,20,3.5,12,0,225.64,225.64,0,40.74,upi:225.64
KOS-2026-005159,2026-06-08,19:34,normal_sale,active,Rakesh Jadhav,Potato,0.5,kg,26,13,4,0,0,225.64,225.64,0,40.74,upi:225.64
KOS-2026-005159,2026-06-08,19:34,normal_sale,active,Rakesh Jadhav,Clinic Plus Shampoo 175ml,1,piece,140,140,22,18,0,225.64,225.64,0,40.74,upi:225.64
KOS-2026-005159,2026-06-08,19:34,normal_sale,active,Rakesh Jadhav,Frooti 200ml,1,piece,10.49,10.49,1.99,12,0,225.64,225.64,0,40.74,upi:225.64
KOS-2026-005159,2026-06-08,19:34,normal_sale,active,Rakesh Jadhav,Wheat Atta (loose),0.25,kg,42,10.5,2.5,0,0,225.64,225.64,0,40.74,upi:225.64
KOS-2026-005159,2026-06-08,19:34,normal_sale,active,Rakesh Jadhav,Parle-G Biscuit 100g,3,piece,10.55,31.65,6.75,18,0,225.64,225.64,0,40.74,upi:225.64
EST-2026-000054,2026-06-08,19:04,estimate,active,Shalini Bhosale,Tata Salt 1kg,3,piece,33.4,100.2,28.2,0,0,532.61,532.61,0,132.51,upi:532.61
EST-2026-000054,2026-06-08,19:04,estimate,active,Shalini Bhosale,Maggi Noodles 70g,1,piece,14.55,14.55,3.05,12,0,532.61,532.61,0,132.51,upi:532.61
EST-2026-000054,2026-06-08,19:04,estimate,active,Shalini Bhosale,Tomato,0.5,kg,41.9,20.95,7.95,0,0,532.61,532.61,0,132.51,upi:532.61
EST-2026-000054,2026-06-08,19:04,estimate,active,Shalini Bhosale,Nirma Washing Powder 1kg,3,piece,75.46,226.38,52.38,18,0,532.61,532.61,0,132.51,upi:532.61
EST-2026-000054,2026-06-08,19:04,estimate,active,Shalini Bhosale,Britannia Good Day 100g,1,piece,31.73,31.73,6.73,18,0,532.61,532.61,0,132.51,upi:532.61
EST-2026-000054,2026-06-08,19:04,estimate,active,Shalini Bhosale,Vim Dishwash Bar 200g,1,piece,21.09,21.09,5.09,18,0,532.61,532.61,0,132.51,upi:532.61
EST-2026-000054,2026-06-08,19:04,estimate,active,Shalini Bhosale,Moong Dal (loose),0.5,kg,130.61,65.31,17.31,0,0,532.61,532.61,0,132.51,upi:532.61
EST-2026-000054,2026-06-08,19:04,estimate,active,Shalini Bhosale,Agarbatti Pack (20 sticks),1,piece,31.3,31.3,7.3,12,0,532.61,532.61,0,132.51,upi:532.61
EST-2026-000054,2026-06-08,19:04,estimate,active,Shalini Bhosale,Parle-G Biscuit 100g,2,piece,10.55,21.1,4.5,18,0,532.61,532.61,0,132.51,upi:532.61
KOS-2026-005158,2026-06-08,18:47,normal_sale,active,Walk-in,Vim Dishwash Bar 200g,2,piece,21.09,42.18,10.18,18,0,305.75,305,0,63,cash:305
KOS-2026-005158,2026-06-08,18:47,normal_sale,active,Walk-in,Bisleri Water 1L,1,piece,20,20,7,18,0,305.75,305,0,63,cash:305
KOS-2026-005158,2026-06-08,18:47,normal_sale,active,Walk-in,Saffola Gold Oil 1L,1,piece,203.57,203.57,38.57,5,0,305.75,305,0,63,cash:305
KOS-2026-005158,2026-06-08,18:47,normal_sale,active,Walk-in,Amul Masti Dahi 400g,1,piece,40,40,8,5,0,305.75,305,0,63,cash:305
KOS-2026-005157,2026-06-08,18:43,normal_sale,active,Walk-in,Aashirvaad Atta 5kg,2,piece,303.09,606.18,116.18,5,0,606.18,606.18,0,116.18,upi:606.18
KOS-2026-005156,2026-06-08,18:31,normal_sale,active,Nitin Bhosale,Saffola Gold Oil 1L,1,piece,203.57,203.57,38.57,5,25,1003.12,1003.12,0,144.62,cash:1003.12
KOS-2026-005156,2026-06-08,18:31,normal_sale,active,Nitin Bhosale,Maggi Noodles 70g,1,piece,14.55,14.55,3.05,12,25,1003.12,1003.12,0,144.62,cash:1003.12
KOS-2026-005156,2026-06-08,18:31,normal_sale,active,Nitin Bhosale,Clinic Plus Shampoo 175ml,4,piece,140,560,88,18,25,1003.12,1003.12,0,144.62,cash:1003.12
KOS-2026-005156,2026-06-08,18:31,normal_sale,active,Nitin Bhosale,Lizol Floor Cleaner 500ml,2,piece,125,250,40,18,25,1003.12,1003.12,0,144.62,cash:1003.12
KOS-2026-005155,2026-06-08,17:36,normal_sale,active,Walk-in,Kurkure Masala Munch 70g,1,piece,20,20,3.5,12,0,124.47,124,0,25.5,cash:124
KOS-2026-005155,2026-06-08,17:36,normal_sale,active,Walk-in,Parachute Coconut Oil 200ml,1,piece,104.47,104.47,22.47,18,0,124.47,124,0,25.5,cash:124
KOS-2026-005154,2026-06-08,17:33,normal_sale,active,Amit Salunkhe,Poha (loose),5,kg,56,280,70,5,31.58,248.42,248,0,38,cash:248
KOS-2026-005153,2026-06-08,14:15,normal_sale,active,Sneha Jadhav,Amul Taaza Milk 500ml,1,piece,28,28,3,0,0,157.85,157.85,0,36.85,upi:157.85
KOS-2026-005153,2026-06-08,14:15,normal_sale,active,Sneha Jadhav,Tata Salt 1kg,2,piece,33.4,66.8,18.8,0,0,157.85,157.85,0,36.85,upi:157.85
KOS-2026-005153,2026-06-08,14:15,normal_sale,active,Sneha Jadhav,Catch Red Chilli Powder 100g,1,piece,63.05,63.05,15.05,5,0,157.85,157.85,0,36.85,upi:157.85
KOS-2026-005152,2026-06-08,14:06,normal_sale,active,Amit Salunkhe,Thums Up 750ml,1,piece,41.23,41.23,9.23,28,0,41.23,41,0,9,cash:41
KOS-2026-005151,2026-06-08,13:59,normal_sale,active,Walk-in,Clinic Plus Shampoo 175ml,1,piece,140,140,22,18,0,221.33,221.33,0,39.08,upi:221.33
KOS-2026-005151,2026-06-08,13:59,normal_sale,active,Walk-in,KitKat 4-finger,1,piece,21.23,21.23,4.23,18,0,221.33,221.33,0,39.08,upi:221.33
KOS-2026-005151,2026-06-08,13:59,normal_sale,active,Walk-in,Chana Dal (loose),0.5,kg,95.24,47.62,10.62,0,0,221.33,221.33,0,39.08,upi:221.33
KOS-2026-005151,2026-06-08,13:59,normal_sale,active,Walk-in,Sugar (loose),0.25,kg,49.91,12.48,2.23,5,0,221.33,221.33,0,39.08,upi:221.33
KOS-2026-005150,2026-06-08,12:58,normal_sale,active,Dattatray Salunkhe,Thums Up 750ml,4,piece,41.23,164.92,36.92,28,0,172.92,172.92,0,38.72,upi:172.92
KOS-2026-005150,2026-06-08,12:58,normal_sale,active,Dattatray Salunkhe,Farm Eggs,1,piece,8,8,1.8,0,0,172.92,172.92,0,38.72,upi:172.92
KOS-2026-005149,2026-06-08,11:49,normal_sale,active,Walk-in,Kurkure Masala Munch 70g,2,piece,20,40,7,12,0,40,40,0,7,upi:40
KOS-2026-005148,2026-06-08,11:43,normal_sale,active,Kiran Jadhav,Vim Liquid 500ml,4,piece,122.49,489.96,97.96,18,0,834.02,834.02,0,169.32,upi:834.02
KOS-2026-005148,2026-06-08,11:43,normal_sale,active,Kiran Jadhav,Britannia Marie Gold 250g,2,piece,41.48,82.96,16.96,18,0,834.02,834.02,0,169.32,upi:834.02
KOS-2026-005148,2026-06-08,11:43,normal_sale,active,Kiran Jadhav,Coca-Cola 750ml,3,piece,42.7,128.1,32.1,28,0,834.02,834.02,0,169.32,upi:834.02
KOS-2026-005148,2026-06-08,11:43,normal_sale,active,Kiran Jadhav,Kurkure Masala Munch 70g,1,piece,20,20,3.5,12,0,834.02,834.02,0,169.32,upi:834.02
KOS-2026-005148,2026-06-08,11:43,normal_sale,active,Kiran Jadhav,Farm Eggs,1,piece,8,8,1.8,0,0,834.02,834.02,0,169.32,upi:834.02
KOS-2026-005148,2026-06-08,11:43,normal_sale,active,Kiran Jadhav,Kissan Tomato Ketchup 500g,1,piece,105,105,17,12,0,834.02,834.02,0,169.32,upi:834.02
KOS-2026-005147,2026-06-08,10:34,normal_sale,active,Suresh Rane,Sugar (loose),0.25,kg,49.91,12.48,2.23,5,0,386.85,386.85,0,74.6,upi:386.85
KOS-2026-005147,2026-06-08,10:34,normal_sale,active,Suresh Rane,Rajma (loose),0.25,kg,145.1,36.28,9.28,0,0,386.85,386.85,0,74.6,upi:386.85
KOS-2026-005147,2026-06-08,10:34,normal_sale,active,Suresh Rane,Aashirvaad Atta 5kg,1,piece,303.09,303.09,58.09,5,0,386.85,386.85,0,74.6,upi:386.85
KOS-2026-005147,2026-06-08,10:34,normal_sale,active,Suresh Rane,Oreo Biscuit 120g,1,piece,35,35,5,18,0,386.85,386.85,0,74.6,upi:386.85
KOS-2026-005146,2026-06-08,09:54,normal_sale,active,Walk-in,Lemon,1,piece,5.14,5.14,1.94,0,0,19.64,19.64,0,4.94,upi:19.64
KOS-2026-005146,2026-06-08,09:54,normal_sale,active,Walk-in,Sona Masoori Rice (loose),0.25,kg,58,14.5,3,0,0,19.64,19.64,0,4.94,upi:19.64
KOS-2026-005145,2026-06-08,09:45,normal_sale,active,Walk-in,Lays Classic Salted 52g,1,piece,22.47,22.47,5.97,12,0,22.47,22.47,0,5.97,cash:13|upi:9.47
KOS-2026-005143,2026-06-08,09:29,normal_sale,active,Swati Salunkhe,Moong Dal (loose),1,kg,130.61,130.61,34.61,0,25,476.31,0,476.31,75.31,
KOS-2026-005143,2026-06-08,09:29,normal_sale,active,Swati Salunkhe,Mother Dairy Paneer 200g,3,piece,105,315,51,5,25,476.31,0,476.31,75.31,
KOS-2026-005143,2026-06-08,09:29,normal_sale,active,Swati Salunkhe,Coca-Cola 750ml,1,piece,42.7,42.7,10.7,28,25,476.31,0,476.31,75.31,
KOS-2026-005143,2026-06-08,09:29,normal_sale,active,Swati Salunkhe,Potato,0.5,kg,26,13,4,0,25,476.31,0,476.31,75.31,
KOS-2026-005144,2026-06-08,09:29,normal_sale,active,Hotel Green Leaf,Tomato,1,kg,41.9,41.9,15.9,0,0,685.47,0,685.47,149.27,
KOS-2026-005144,2026-06-08,09:29,normal_sale,active,Hotel Green Leaf,Match Box,2,piece,2.08,4.16,1.96,18,0,685.47,0,685.47,149.27,
KOS-2026-005144,2026-06-08,09:29,normal_sale,active,Hotel Green Leaf,Good Knight Refill 45ml,3,piece,91.97,275.91,59.91,18,0,685.47,0,685.47,149.27,
KOS-2026-005144,2026-06-08,09:29,normal_sale,active,Hotel Green Leaf,Onion,2,kg,36.44,72.88,24.88,0,0,685.47,0,685.47,149.27,
KOS-2026-005144,2026-06-08,09:29,normal_sale,active,Hotel Green Leaf,Amul Butter 100g,2,piece,63.31,126.62,18.62,12,0,685.47,0,685.47,149.27,
KOS-2026-005144,2026-06-08,09:29,normal_sale,active,Hotel Green Leaf,Kissan Mixed Fruit Jam 200g,2,piece,82,164,28,12,0,685.47,0,685.47,149.27,
KOS-2026-005142,2026-06-08,08:39,normal_sale,active,Walk-in,Classmate Notebook 172pg,1,piece,57.68,57.68,15.68,12,0,197.68,197.68,0,33.68,cash:197.68
KOS-2026-005142,2026-06-08,08:39,normal_sale,active,Walk-in,Amul Cheese Slices 200g,1,piece,140,140,18,12,0,197.68,197.68,0,33.68,cash:197.68
KOS-2026-005141,2026-06-08,08:18,normal_sale,active,Walk-in,Close Up Red 150g,1,piece,95.79,95.79,17.79,18,0,188.32,188.32,0,39.32,cash:188.32
KOS-2026-005141,2026-06-08,08:18,normal_sale,active,Walk-in,Amul Masti Dahi 400g,1,piece,40,40,8,5,0,188.32,188.32,0,39.32,cash:188.32
KOS-2026-005141,2026-06-08,08:18,normal_sale,active,Walk-in,Besan (loose),0.5,kg,105.06,52.53,13.53,5,0,188.32,188.32,0,39.32,cash:188.32
KOS-2026-005140,2026-06-08,08:16,normal_sale,active,Walk-in,Sugar (loose),0.5,kg,49.91,24.96,4.46,5,61.14,339.48,339,0,28.5,cash:339
KOS-2026-005140,2026-06-08,08:16,normal_sale,active,Walk-in,Lux Soap 100g,3,piece,40.33,120.99,30.99,18,61.14,339.48,339,0,28.5,cash:339
KOS-2026-005140,2026-06-08,08:16,normal_sale,active,Walk-in,Thums Up 750ml,1,piece,41.23,41.23,9.23,28,61.14,339.48,339,0,28.5,cash:339
KOS-2026-005140,2026-06-08,08:16,normal_sale,active,Walk-in,Onion,0.5,kg,36.44,18.22,6.22,0,61.14,339.48,339,0,28.5,cash:339
KOS-2026-005140,2026-06-08,08:16,normal_sale,active,Walk-in,Coca-Cola 750ml,1,piece,42.7,42.7,10.7,28,61.14,339.48,339,0,28.5,cash:339
KOS-2026-005140,2026-06-08,08:16,normal_sale,active,Walk-in,Maggi Noodles 8-pack,1,piece,112.52,112.52,20.52,12,61.14,339.48,339,0,28.5,cash:339
KOS-2026-005140,2026-06-08,08:16,normal_sale,active,Walk-in,Amul Masti Dahi 400g,1,piece,40,40,8,5,61.14,339.48,339,0,28.5,cash:339
KOS-2026-005139,2026-06-08,08:09,normal_sale,active,Sneha Jadhav,5 Star 25g,2,piece,10,20,3,18,0,1585.6,1585.6,0,268.1,upi:1585.6
KOS-2026-005139,2026-06-08,08:09,normal_sale,active,Sneha Jadhav,Amul Cheese Slices 200g,1,piece,140,140,18,12,0,1585.6,1585.6,0,268.1,upi:1585.6
KOS-2026-005139,2026-06-08,08:09,normal_sale,active,Sneha Jadhav,Sona Masoori Rice (loose),0.5,kg,58,29,6,0,0,1585.6,1585.6,0,268.1,upi:1585.6
KOS-2026-005139,2026-06-08,08:09,normal_sale,active,Sneha Jadhav,Clinic Plus Shampoo 175ml,3,piece,140,420,66,18,0,1585.6,1585.6,0,268.1,upi:1585.6
KOS-2026-005139,2026-06-08,08:09,normal_sale,active,Sneha Jadhav,Dairy Milk 50g,1,piece,40,40,6,18,0,1585.6,1585.6,0,268.1,upi:1585.6
KOS-2026-005139,2026-06-08,08:09,normal_sale,active,Sneha Jadhav,Besan (loose),0.25,kg,105.06,26.27,6.77,5,0,1585.6,1585.6,0,268.1,upi:1585.6
KOS-2026-005139,2026-06-08,08:09,normal_sale,active,Sneha Jadhav,Bournvita 500g,3,piece,275.51,826.53,130.53,18,0,1585.6,1585.6,0,268.1,upi:1585.6
KOS-2026-005139,2026-06-08,08:09,normal_sale,active,Sneha Jadhav,Tomato,2,kg,41.9,83.8,31.8,0,0,1585.6,1585.6,0,268.1,upi:1585.6
KOS-2026-005138,2026-06-07,21:22,normal_sale,active,Walk-in,Moong Dal (loose),0.25,kg,130.61,32.65,8.65,0,0,557.54,557.54,0,111.54,upi:557.54
KOS-2026-005138,2026-06-07,21:22,normal_sale,active,Walk-in,Sona Masoori Rice (loose),2,kg,58,116,24,0,0,557.54,557.54,0,111.54,upi:557.54
KOS-2026-005138,2026-06-07,21:22,normal_sale,active,Walk-in,Surf Excel Easy Wash 1kg,2,piece,143.99,287.98,51.98,18,0,557.54,557.54,0,111.54,upi:557.54
KOS-2026-005138,2026-06-07,21:22,normal_sale,active,Walk-in,Rajma (loose),0.25,kg,145.1,36.28,9.28,0,0,557.54,557.54,0,111.54,upi:557.54
KOS-2026-005138,2026-06-07,21:22,normal_sale,active,Walk-in,Britannia Good Day 100g,1,piece,31.73,31.73,6.73,18,0,557.54,557.54,0,111.54,upi:557.54
KOS-2026-005138,2026-06-07,21:22,normal_sale,active,Walk-in,Britannia Brown Bread,1,piece,52.9,52.9,10.9,0,0,557.54,557.54,0,111.54,upi:557.54
KOS-2026-005137,2026-06-07,21:02,normal_sale,active,Shalini Joshi,Frooti 200ml,2,piece,10.49,20.98,3.98,12,25,388.05,388.05,0,58.05,cash:211|upi:177.05
KOS-2026-005137,2026-06-07,21:02,normal_sale,active,Shalini Joshi,Dettol Antiseptic 250ml,1,piece,160.07,160.07,28.07,18,25,388.05,388.05,0,58.05,cash:211|upi:177.05
KOS-2026-005137,2026-06-07,21:02,normal_sale,active,Shalini Joshi,Amul Masti Dahi 400g,1,piece,40,40,8,5,25,388.05,388.05,0,58.05,cash:211|upi:177.05
KOS-2026-005137,2026-06-07,21:02,normal_sale,active,Shalini Joshi,Coca-Cola 750ml,1,piece,42.7,42.7,10.7,28,25,388.05,388.05,0,58.05,cash:211|upi:177.05
KOS-2026-005137,2026-06-07,21:02,normal_sale,active,Shalini Joshi,Britannia Marie Gold 250g,1,piece,41.48,41.48,8.48,18,25,388.05,388.05,0,58.05,cash:211|upi:177.05
KOS-2026-005137,2026-06-07,21:02,normal_sale,active,Shalini Joshi,Lifebuoy Soap 125g,3,piece,35.94,107.82,23.82,18,25,388.05,388.05,0,58.05,cash:211|upi:177.05
KOS-2026-005136,2026-06-07,20:28,normal_sale,active,Walk-in,Ariel Detergent 1kg,2,piece,163.43,326.86,62.86,18,0,526.88,526.88,0,106.88,upi:526.88
KOS-2026-005136,2026-06-07,20:28,normal_sale,active,Walk-in,Lux Soap 100g,2,piece,40.33,80.66,20.66,18,0,526.88,526.88,0,106.88,upi:526.88
KOS-2026-005136,2026-06-07,20:28,normal_sale,active,Walk-in,AA Battery (2 pc),1,piece,36,36,8,18,0,526.88,526.88,0,106.88,upi:526.88
KOS-2026-005136,2026-06-07,20:28,normal_sale,active,Walk-in,Sunfeast Dark Fantasy 75g,2,piece,41.68,83.36,15.36,18,0,526.88,526.88,0,106.88,upi:526.88
KOS-2026-005135,2026-06-07,19:25,normal_sale,active,Walk-in,Lemon,2,piece,5.14,10.28,3.88,0,0,52.98,52.98,0,14.58,upi:52.98
KOS-2026-005135,2026-06-07,19:25,normal_sale,active,Walk-in,Coca-Cola 750ml,1,piece,42.7,42.7,10.7,28,0,52.98,52.98,0,14.58,upi:52.98
KOS-2026-005134,2026-06-07,19:08,normal_sale,active,Walk-in,Frooti 200ml,1,piece,10.49,10.49,1.99,12,0,10.49,10,0,1.5,cash:10
KOS-2026-005133,2026-06-07,18:57,normal_sale,active,Walk-in,Potato,1,kg,26,26,8,0,25,326.55,326.55,0,36.25,upi:326.55
KOS-2026-005133,2026-06-07,18:57,normal_sale,active,Walk-in,Harpic Toilet Cleaner 500ml,3,piece,105,315,51,18,25,326.55,326.55,0,36.25,upi:326.55
KOS-2026-005133,2026-06-07,18:57,normal_sale,active,Walk-in,Parle-G Biscuit 100g,1,piece,10.55,10.55,2.25,18,25,326.55,326.55,0,36.25,upi:326.55
KOS-2026-005132,2026-06-07,18:48,normal_sale,active,Walk-in,Britannia Marie Gold 250g,1,piece,41.48,41.48,8.48,18,0,41.48,41,0,8,cash:41
KOS-2026-005131,2026-06-07,18:31,normal_sale,active,Walk-in,Lifebuoy Soap 125g,1,piece,35.94,35.94,7.94,18,25,601.82,601.82,0,77.97,cash:601.82
KOS-2026-005131,2026-06-07,18:31,normal_sale,active,Walk-in,Center Fresh Gum (jar pc),1,piece,1.02,1.02,0.17,18,25,601.82,601.82,0,77.97,cash:601.82
KOS-2026-005131,2026-06-07,18:31,normal_sale,active,Walk-in,Amul Ghee 500ml,1,piece,369.67,369.67,54.67,12,25,601.82,601.82,0,77.97,cash:601.82
KOS-2026-005131,2026-06-07,18:31,normal_sale,active,Walk-in,Britannia Good Day 100g,3,piece,31.73,95.19,20.19,18,25,601.82,601.82,0,77.97,cash:601.82
KOS-2026-005131,2026-06-07,18:31,normal_sale,active,Walk-in,Lizol Floor Cleaner 500ml,1,piece,125,125,20,18,25,601.82,601.82,0,77.97,cash:601.82
KOS-2026-005130,2026-06-07,18:23,normal_sale,active,Walk-in,Britannia Good Day 100g,3,piece,31.73,95.19,20.19,18,0,257.07,257.07,0,66.87,cash:138|upi:119.07
KOS-2026-005130,2026-06-07,18:23,normal_sale,active,Walk-in,Lemon,1,piece,5.14,5.14,1.94,0,0,257.07,257.07,0,66.87,cash:138|upi:119.07
KOS-2026-005130,2026-06-07,18:23,normal_sale,active,Walk-in,Garlic,1,kg,156.74,156.74,44.74,0,0,257.07,257.07,0,66.87,cash:138|upi:119.07
KOS-2026-005129,2026-06-07,17:58,normal_sale,active,Walk-in,Lifebuoy Soap 125g,2,piece,35.94,71.88,15.88,18,25,1180.23,1180.23,0,210.23,bank:1180.23
KOS-2026-005129,2026-06-07,17:58,normal_sale,active,Walk-in,Aashirvaad Atta 5kg,3,piece,303.09,909.27,174.27,5,25,1180.23,1180.23,0,210.23,bank:1180.23
KOS-2026-005129,2026-06-07,17:58,normal_sale,active,Walk-in,Maggi Noodles 70g,2,piece,14.55,29.1,6.1,12,25,1180.23,1180.23,0,210.23,bank:1180.23
KOS-2026-005129,2026-06-07,17:58,normal_sale,active,Walk-in,Maggi Noodles 8-pack,1,piece,112.52,112.52,20.52,12,25,1180.23,1180.23,0,210.23,bank:1180.23
KOS-2026-005129,2026-06-07,17:58,normal_sale,active,Walk-in,Thums Up 750ml,2,piece,41.23,82.46,18.46,28,25,1180.23,1180.23,0,210.23,bank:1180.23
KOS-2026-005128,2026-06-07,17:49,normal_sale,active,Walk-in,Bisleri Water 1L,1,piece,20,20,7,18,0,20,20,0,7,upi:20
KOS-2026-005127,2026-06-07,17:38,normal_sale,active,Manisha Deshmukh,Maggi Noodles 8-pack,1,piece,112.52,112.52,20.52,12,11.95,417.36,0,417.36,72.46,
KOS-2026-005127,2026-06-07,17:38,normal_sale,active,Manisha Deshmukh,Parle-G Biscuit 100g,3,piece,10.55,31.65,6.75,18,11.95,417.36,0,417.36,72.46,
KOS-2026-005127,2026-06-07,17:38,normal_sale,active,Manisha Deshmukh,Kissan Mixed Fruit Jam 200g,2,piece,82,164,28,12,11.95,417.36,0,417.36,72.46,
KOS-2026-005127,2026-06-07,17:38,normal_sale,active,Manisha Deshmukh,Classmate Notebook 172pg,1,piece,57.68,57.68,15.68,12,11.95,417.36,0,417.36,72.46,
KOS-2026-005127,2026-06-07,17:38,normal_sale,active,Manisha Deshmukh,Britannia Good Day 100g,2,piece,31.73,63.46,13.46,18,11.95,417.36,0,417.36,72.46,
KOS-2026-005126,2026-06-07,17:20,normal_sale,active,Walk-in,Bisleri Water 1L,1,piece,20,20,7,18,0,77.68,77.68,0,22.68,upi:77.68
KOS-2026-005126,2026-06-07,17:20,normal_sale,active,Walk-in,Classmate Notebook 172pg,1,piece,57.68,57.68,15.68,12,0,77.68,77.68,0,22.68,upi:77.68
KOS-2026-005125,2026-06-07,13:57,normal_sale,active,Walk-in,Agarbatti Pack (20 sticks),2,piece,31.3,62.6,14.6,12,0,73.09,73.09,0,16.59,upi:73.09
KOS-2026-005125,2026-06-07,13:57,normal_sale,active,Walk-in,Frooti 200ml,1,piece,10.49,10.49,1.99,12,0,73.09,73.09,0,16.59,upi:73.09
KOS-2026-005124,2026-06-07,12:32,normal_sale,active,Walk-in,Horlicks 500g,1,piece,314.21,314.21,69.21,18,0,617.3,617.3,0,127.3,upi:617.3
KOS-2026-005124,2026-06-07,12:32,normal_sale,active,Walk-in,Aashirvaad Atta 5kg,1,piece,303.09,303.09,58.09,5,0,617.3,617.3,0,127.3,upi:617.3
KOS-2026-005123,2026-06-07,12:14,normal_sale,active,Rohit Salunkhe,Besan (loose),1,kg,105.06,105.06,27.06,5,0,255.26,255,0,46.5,cash:255
KOS-2026-005123,2026-06-07,12:14,normal_sale,active,Rohit Salunkhe,Amul Cheese Slices 200g,1,piece,140,140,18,12,0,255.26,255,0,46.5,cash:255
KOS-2026-005123,2026-06-07,12:14,normal_sale,active,Rohit Salunkhe,Center Fresh Gum (jar pc),10,piece,1.02,10.2,1.7,18,0,255.26,255,0,46.5,cash:255
KOS-2026-005122,2026-06-07,12:11,normal_sale,active,Manisha Deshmukh,Tomato,1,kg,41.9,41.9,15.9,0,0,274.23,0,274.23,70.73,
KOS-2026-005122,2026-06-07,12:11,normal_sale,active,Manisha Deshmukh,Haldiram Bhujia 200g,1,piece,57.46,57.46,12.46,12,0,274.23,0,274.23,70.73,
KOS-2026-005122,2026-06-07,12:11,normal_sale,active,Manisha Deshmukh,Odonil Air Freshener 50g,2,piece,82.19,164.38,40.38,18,0,274.23,0,274.23,70.73,
KOS-2026-005122,2026-06-07,12:11,normal_sale,active,Manisha Deshmukh,Frooti 200ml,1,piece,10.49,10.49,1.99,12,0,274.23,0,274.23,70.73,
KOS-2026-005121,2026-06-07,11:22,normal_sale,active,Walk-in,Rajma (loose),2,kg,145.1,290.2,74.2,0,0,1151.05,1151.05,0,225.05,upi:1151.05
KOS-2026-005121,2026-06-07,11:22,normal_sale,active,Walk-in,Saffola Gold Oil 1L,2,piece,203.57,407.14,77.14,5,0,1151.05,1151.05,0,225.05,upi:1151.05
KOS-2026-005121,2026-06-07,11:22,normal_sale,active,Walk-in,Toor Dal (loose),0.25,kg,161.66,40.42,10.92,0,0,1151.05,1151.05,0,225.05,upi:1151.05
KOS-2026-005121,2026-06-07,11:22,normal_sale,active,Walk-in,Amul Masti Dahi 400g,1,piece,40,40,8,5,0,1151.05,1151.05,0,225.05,upi:1151.05
KOS-2026-005121,2026-06-07,11:22,normal_sale,active,Walk-in,Lizol Floor Cleaner 500ml,1,piece,125,125,20,18,0,1151.05,1151.05,0,225.05,upi:1151.05
KOS-2026-005121,2026-06-07,11:22,normal_sale,active,Walk-in,Potato,0.25,kg,26,6.5,2,0,0,1151.05,1151.05,0,225.05,upi:1151.05
KOS-2026-005121,2026-06-07,11:22,normal_sale,active,Walk-in,Maggi Noodles 8-pack,2,piece,112.52,213.79,29.79,12,0,1151.05,1151.05,0,225.05,upi:1151.05
KOS-2026-005121,2026-06-07,11:22,normal_sale,active,Walk-in,Amul Taaza Milk 500ml,1,piece,28,28,3,0,0,1151.05,1151.05,0,225.05,upi:1151.05
KOS-2026-005120,2026-06-07,11:13,normal_sale,active,Walk-in,Moong Dal (loose),0.5,kg,130.61,65.31,17.31,0,0,484.83,484,0,98.5,cash:484
KOS-2026-005120,2026-06-07,11:13,normal_sale,active,Walk-in,Aashirvaad Atta 5kg,1,piece,303.09,303.09,58.09,5,0,484.83,484,0,98.5,cash:484
KOS-2026-005120,2026-06-07,11:13,normal_sale,active,Walk-in,Britannia Good Day 100g,1,piece,31.73,31.73,6.73,18,0,484.83,484,0,98.5,cash:484
KOS-2026-005120,2026-06-07,11:13,normal_sale,active,Walk-in,KitKat 4-finger,3,piece,21.23,63.69,12.69,18,0,484.83,484,0,98.5,cash:484
KOS-2026-005120,2026-06-07,11:13,normal_sale,active,Walk-in,Bingo Mad Angles 66g,1,piece,21.01,21.01,4.51,12,0,484.83,484,0,98.5,cash:484
KOS-2026-005119,2026-06-07,10:25,normal_sale,active,Salim Patil,Harpic Toilet Cleaner 500ml,1,piece,105,105,17,18,0,156.81,156.81,0,30.81,upi:156.81
KOS-2026-005119,2026-06-07,10:25,normal_sale,active,Salim Patil,Coca-Cola 750ml,1,piece,42.7,42.7,10.7,28,0,156.81,156.81,0,30.81,upi:156.81
KOS-2026-005119,2026-06-07,10:25,normal_sale,active,Salim Patil,Onion,0.25,kg,36.44,9.11,3.11,0,0,156.81,156.81,0,30.81,upi:156.81
KOS-2026-005118,2026-06-07,10:21,normal_sale,active,Rohit Shinde,Bisleri Water 1L,1,piece,20,20,7,18,0,342.16,342.16,0,65.16,upi:342.16
KOS-2026-005118,2026-06-07,10:21,normal_sale,active,Rohit Shinde,Amul Gold Milk 500ml,1,piece,34.79,34.79,4.79,0,0,342.16,342.16,0,65.16,upi:342.16
KOS-2026-005118,2026-06-07,10:21,normal_sale,active,Rohit Shinde,Close Up Red 150g,3,piece,95.79,287.37,53.37,18,0,342.16,342.16,0,65.16,upi:342.16
KOS-2026-005117,2026-06-07,10:04,normal_sale,active,Imran Deshmukh,Lemon,1,piece,5.14,5.14,1.94,0,0,678.98,678.98,0,117.78,upi:678.98
KOS-2026-005117,2026-06-07,10:04,normal_sale,active,Imran Deshmukh,Amul Taaza Milk 500ml,1,piece,28,28,3,0,0,678.98,678.98,0,117.78,upi:678.98
KOS-2026-005117,2026-06-07,10:04,normal_sale,active,Imran Deshmukh,Lizol Floor Cleaner 500ml,2,piece,125,250,40,18,0,678.98,678.98,0,117.78,upi:678.98
KOS-2026-005117,2026-06-07,10:04,normal_sale,active,Imran Deshmukh,Frooti 200ml,2,piece,10.49,20.98,3.98,12,0,678.98,678.98,0,117.78,upi:678.98
KOS-2026-005117,2026-06-07,10:04,normal_sale,active,Imran Deshmukh,Fortune Sunflower Oil 1L,1,piece,168.48,168.48,30.48,5,0,678.98,678.98,0,117.78,upi:678.98
KOS-2026-005117,2026-06-07,10:04,normal_sale,active,Imran Deshmukh,Nescafe Classic 50g,1,piece,206.38,206.38,38.38,18,0,678.98,678.98,0,117.78,upi:678.98
KOS-2026-005116,2026-06-07,10:01,normal_sale,active,Kavita Kulkarni,AA Battery (2 pc),1,piece,36,36,8,18,0,148.52,148,0,28,cash:148
KOS-2026-005116,2026-06-07,10:01,normal_sale,active,Kavita Kulkarni,Maggi Noodles 8-pack,1,piece,112.52,112.52,20.52,12,0,148.52,148,0,28,cash:148
KOS-2026-005115,2026-06-07,09:44,normal_sale,active,Shalini Joshi,Parachute Coconut Oil 200ml,1,piece,104.47,104.47,22.47,18,0,231.76,231.76,0,50.46,cash:114|upi:117.76
KOS-2026-005115,2026-06-07,09:44,normal_sale,active,Shalini Joshi,Close Up Red 150g,1,piece,95.79,95.79,17.79,18,0,231.76,231.76,0,50.46,cash:114|upi:117.76
KOS-2026-005115,2026-06-07,09:44,normal_sale,active,Shalini Joshi,Tomato,0.5,kg,41.9,20.95,7.95,0,0,231.76,231.76,0,50.46,cash:114|upi:117.76
KOS-2026-005115,2026-06-07,09:44,normal_sale,active,Shalini Joshi,Parle-G Biscuit 100g,1,piece,10.55,10.55,2.25,18,0,231.76,231.76,0,50.46,cash:114|upi:117.76
KOS-2026-005114,2026-06-07,09:37,normal_sale,active,Rakesh Salunkhe,Ginger,5,kg,116.02,580.1,190.1,0,0,580.1,580.1,0,190.1,upi:580.1
KOS-2026-005113,2026-06-07,09:28,normal_sale,active,Walk-in,Maggi Noodles 70g,1,piece,14.55,14.55,3.05,12,0,42.55,42.55,0,6.05,cash:42.55
KOS-2026-005113,2026-06-07,09:28,normal_sale,active,Walk-in,Amul Taaza Milk 500ml,1,piece,28,28,3,0,0,42.55,42.55,0,6.05,cash:42.55
KOS-2026-005112,2026-06-07,09:19,normal_sale,active,Suresh Kulkarni,Aashirvaad Atta 5kg,1,piece,303.09,303.09,58.09,5,0,407.45,407.45,0,86.95,cash:407.45
KOS-2026-005112,2026-06-07,09:19,normal_sale,active,Suresh Kulkarni,Ginger,0.25,kg,116.02,29.01,9.51,0,0,407.45,407.45,0,86.95,cash:407.45
KOS-2026-005112,2026-06-07,09:19,normal_sale,active,Suresh Kulkarni,Coca-Cola 750ml,1,piece,42.7,42.7,10.7,28,0,407.45,407.45,0,86.95,cash:407.45
KOS-2026-005112,2026-06-07,09:19,normal_sale,active,Suresh Kulkarni,Moong Dal (loose),0.25,kg,130.61,32.65,8.65,0,0,407.45,407.45,0,86.95,cash:407.45
KOS-2026-005111,2026-06-07,09:13,normal_sale,active,Arun Salunkhe,Amul Gold Milk 500ml,1,piece,34.79,34.79,4.79,0,0,375.93,375,0,77,cash:375
KOS-2026-005111,2026-06-07,09:13,normal_sale,active,Arun Salunkhe,Amul Masti Dahi 400g,1,piece,40,40,8,5,0,375.93,375,0,77,cash:375
KOS-2026-005111,2026-06-07,09:13,normal_sale,active,Arun Salunkhe,Lux Soap 100g,4,piece,40.33,161.32,41.32,18,0,375.93,375,0,77,cash:375
KOS-2026-005111,2026-06-07,09:13,normal_sale,active,Arun Salunkhe,Dairy Milk 50g,1,piece,40,40,6,18,0,375.93,375,0,77,cash:375
KOS-2026-005111,2026-06-07,09:13,normal_sale,active,Arun Salunkhe,Sugar (loose),2,kg,49.91,99.82,17.82,5,0,375.93,375,0,77,cash:375
KOS-2026-005110,2026-06-07,08:56,normal_sale,active,Jyoti Rane,Potato,0.5,kg,26,13,4,0,0,13,13,0,4,cash:13
KOS-2026-005109,2026-06-07,08:33,normal_sale,active,Walk-in,Coca-Cola 750ml,2,piece,42.7,85.4,21.4,28,0,95.95,95.95,0,23.65,cash:95.95
KOS-2026-005109,2026-06-07,08:33,normal_sale,active,Walk-in,Parle-G Biscuit 100g,1,piece,10.55,10.55,2.25,18,0,95.95,95.95,0,23.65,cash:95.95
KOS-2026-005108,2026-06-07,08:27,normal_sale,active,Walk-in,Lizol Floor Cleaner 500ml,1,piece,125,125,20,18,25,431.26,431.26,0,59.26,bank:431.26
KOS-2026-005108,2026-06-07,08:27,normal_sale,active,Walk-in,Lays Classic Salted 52g,2,piece,22.47,44.94,11.94,12,25,431.26,431.26,0,59.26,bank:431.26
KOS-2026-005108,2026-06-07,08:27,normal_sale,active,Walk-in,MDH Garam Masala 100g,3,piece,95.44,286.32,52.32,5,25,431.26,431.26,0,59.26,bank:431.26
KOS-2026-005107,2026-06-07,08:05,normal_sale,active,Walk-in,Amul Taaza Milk 500ml,1,piece,28,28,3,0,40.17,461.03,461.03,0,50.03,upi:461.03
KOS-2026-005107,2026-06-07,08:05,normal_sale,active,Walk-in,Thums Up 750ml,1,piece,41.23,41.23,9.23,28,40.17,461.03,461.03,0,50.03,upi:461.03
KOS-2026-005107,2026-06-07,08:05,normal_sale,active,Walk-in,Surf Excel Easy Wash 1kg,3,piece,143.99,431.97,77.97,18,40.17,461.03,461.03,0,50.03,upi:461.03
KOS-2026-005106,2026-06-06,21:38,normal_sale,active,Meena Rane,Kurkure Masala Munch 70g,1,piece,20,20,3.5,12,0,20,0,20,3.5,
KOS-2026-005105,2026-06-06,21:20,normal_sale,active,Walk-in,Thums Up 750ml,1,piece,41.23,41.23,9.23,28,0,976.55,976.55,0,225.55,upi:976.55
KOS-2026-005105,2026-06-06,21:20,normal_sale,active,Walk-in,Ginger,2,kg,116.02,232.04,76.04,0,0,976.55,976.55,0,225.55,upi:976.55
KOS-2026-005105,2026-06-06,21:20,normal_sale,active,Walk-in,Britannia Marie Gold 250g,3,piece,41.48,124.44,25.44,18,0,976.55,976.55,0,225.55,upi:976.55
KOS-2026-005105,2026-06-06,21:20,normal_sale,active,Walk-in,Tata Salt 1kg,1,piece,33.4,33.4,9.4,0,0,976.55,976.55,0,225.55,upi:976.55
KOS-2026-005105,2026-06-06,21:20,normal_sale,active,Walk-in,Fortune Sunflower Oil 1L,3,piece,168.48,505.44,91.44,5,0,976.55,976.55,0,225.55,upi:976.55
KOS-2026-005105,2026-06-06,21:20,normal_sale,active,Walk-in,Bisleri Water 1L,2,piece,20,40,14,18,0,976.55,976.55,0,225.55,upi:976.55
KOS-2026-005104,2026-06-06,21:10,normal_sale,active,Walk-in,Maggi Noodles 70g,1,piece,14.55,14.55,3.05,12,0,290.42,290,0,51.5,cash:290
KOS-2026-005104,2026-06-06,21:10,normal_sale,active,Walk-in,Britannia Brown Bread,1,piece,52.9,52.9,10.9,0,0,290.42,290,0,51.5,cash:290
KOS-2026-005104,2026-06-06,21:10,normal_sale,active,Walk-in,Amul Taaza Milk 500ml,2,piece,28,56,6,0,0,290.42,290,0,51.5,cash:290
KOS-2026-005104,2026-06-06,21:10,normal_sale,active,Walk-in,Vim Dishwash Bar 200g,1,piece,21.09,21.09,5.09,18,0,290.42,290,0,51.5,cash:290
KOS-2026-005104,2026-06-06,21:10,normal_sale,active,Walk-in,5 Star 25g,2,piece,10,20,3,18,0,290.42,290,0,51.5,cash:290
KOS-2026-005104,2026-06-06,21:10,normal_sale,active,Walk-in,Frooti 200ml,12,piece,10.49,125.88,23.88,12,0,290.42,290,0,51.5,cash:290
KOS-2026-005103,2026-06-06,21:04,normal_sale,active,Walk-in,Parle-G Biscuit 100g,5,piece,10.55,52.75,11.25,18,0,72.75,72.75,0,14.25,upi:72.75
KOS-2026-005103,2026-06-06,21:04,normal_sale,active,Walk-in,5 Star 25g,2,piece,10,20,3,18,0,72.75,72.75,0,14.25,upi:72.75
KOS-2026-005102,2026-06-06,20:45,normal_sale,active,Walk-in,Catch Red Chilli Powder 100g,2,piece,63.05,126.1,30.1,5,0,659.83,659.83,0,133.83,upi:659.83
KOS-2026-005102,2026-06-06,20:45,normal_sale,active,Walk-in,Bisleri Water 1L,3,piece,20,60,21,18,0,659.83,659.83,0,133.83,upi:659.83
KOS-2026-005102,2026-06-06,20:45,normal_sale,active,Walk-in,Groundnut / Peanut (loose),0.5,kg,123.75,61.88,17.88,5,0,659.83,659.83,0,133.83,upi:659.83
KOS-2026-005102,2026-06-06,20:45,normal_sale,active,Walk-in,Vim Dishwash Bar 200g,2,piece,21.09,42.18,10.18,18,0,659.83,659.83,0,133.83,upi:659.83
KOS-2026-005102,2026-06-06,20:45,normal_sale,active,Walk-in,Amul Ghee 500ml,1,piece,369.67,369.67,54.67,12,0,659.83,659.83,0,133.83,upi:659.83
KOS-2026-005101,2026-06-06,20:24,normal_sale,active,Imran Deshmukh,Lays Classic Salted 52g,2,piece,22.47,44.94,11.94,12,0,105.59,105.59,0,24.69,upi:105.59
KOS-2026-005101,2026-06-06,20:24,normal_sale,active,Imran Deshmukh,Parle-G Biscuit 100g,3,piece,10.55,31.65,6.75,18,0,105.59,105.59,0,24.69,upi:105.59
KOS-2026-005101,2026-06-06,20:24,normal_sale,active,Imran Deshmukh,Sona Masoori Rice (loose),0.5,kg,58,29,6,0,0,105.59,105.59,0,24.69,upi:105.59
KOS-2026-005100,2026-06-06,19:50,normal_sale,active,Walk-in,Kurkure Masala Munch 70g,2,piece,20,40,7,12,0,265.04,265,0,48,cash:265
KOS-2026-005100,2026-06-06,19:50,normal_sale,active,Walk-in,Maggi Noodles 8-pack,2,piece,112.52,225.04,41.04,12,0,265.04,265,0,48,cash:265
KOS-2026-005099,2026-06-06,19:27,normal_sale,active,Nitin Sharma,Coca-Cola 750ml,1,piece,42.7,42.7,10.7,28,0,124.34,124.34,0,26.34,cash:124.34
KOS-2026-005099,2026-06-06,19:27,normal_sale,active,Nitin Sharma,Sugar (loose),1,kg,49.91,49.91,8.91,5,0,124.34,124.34,0,26.34,cash:124.34
KOS-2026-005099,2026-06-06,19:27,normal_sale,active,Nitin Sharma,Britannia Good Day 100g,1,piece,31.73,31.73,6.73,18,0,124.34,124.34,0,26.34,cash:124.34
KOS-2026-005098,2026-06-06,19:12,normal_sale,active,Walk-in,Oreo Biscuit 120g,3,piece,35,105,15,18,0,640.49,640.49,0,141.99,upi:640.49
KOS-2026-005098,2026-06-06,19:12,normal_sale,active,Walk-in,Sona Masoori Rice (loose),0.25,kg,58,14.5,3,0,0,640.49,640.49,0,141.99,upi:640.49
KOS-2026-005098,2026-06-06,19:12,normal_sale,active,Walk-in,Candle Pack (6 pc),2,piece,42,84,20,12,0,640.49,640.49,0,141.99,upi:640.49
KOS-2026-005098,2026-06-06,19:12,normal_sale,active,Walk-in,Onion,0.25,kg,36.44,9.11,3.11,0,0,640.49,640.49,0,141.99,upi:640.49
KOS-2026-005098,2026-06-06,19:12,normal_sale,active,Walk-in,Bisleri Water 1L,3,piece,20,60,21,18,0,640.49,640.49,0,141.99,upi:640.49
KOS-2026-005098,2026-06-06,19:12,normal_sale,active,Walk-in,Good Knight Refill 45ml,4,piece,91.97,367.88,79.88,18,0,640.49,640.49,0,141.99,upi:640.49
KOS-2026-005097,2026-06-06,18:30,normal_sale,active,Manisha Deshmukh,Amul Masti Dahi 400g,1,piece,40,40,8,5,0,185,185,0,32,cash:185
KOS-2026-005097,2026-06-06,18:30,normal_sale,active,Manisha Deshmukh,Kurkure Masala Munch 70g,2,piece,20,40,7,12,0,185,185,0,32,cash:185
KOS-2026-005097,2026-06-06,18:30,normal_sale,active,Manisha Deshmukh,Kissan Tomato Ketchup 500g,1,piece,105,105,17,12,0,185,185,0,32,cash:185
KOS-2026-005096,2026-06-06,18:07,normal_sale,active,Walk-in,Vim Liquid 500ml,2,piece,122.49,244.98,48.98,18,0,924.11,924.11,0,182.11,upi:924.11
KOS-2026-005096,2026-06-06,18:07,normal_sale,active,Walk-in,Onion,0.25,kg,36.44,9.11,3.11,0,0,924.11,924.11,0,182.11,upi:924.11
KOS-2026-005096,2026-06-06,18:07,normal_sale,active,Walk-in,Maggi Noodles 8-pack,3,piece,112.52,337.56,61.56,12,0,924.11,924.11,0,182.11,upi:924.11
KOS-2026-005096,2026-06-06,18:07,normal_sale,active,Walk-in,KitKat 4-finger,2,piece,21.23,42.46,8.46,18,0,924.11,924.11,0,182.11,upi:924.11
KOS-2026-005096,2026-06-06,18:07,normal_sale,active,Walk-in,Sona Masoori Rice (loose),5,kg,58,290,60,0,0,924.11,924.11,0,182.11,upi:924.11
KOS-2026-005095,2026-06-06,17:30,normal_sale,active,Walk-in,Thums Up 750ml,2,piece,41.23,82.46,18.46,28,0,124.92,124.92,0,26.92,upi:124.92
KOS-2026-005095,2026-06-06,17:30,normal_sale,active,Walk-in,KitKat 4-finger,2,piece,21.23,42.46,8.46,18,0,124.92,124.92,0,26.92,upi:124.92
KOS-2026-005094,2026-06-06,17:19,normal_sale,active,Walk-in,Good Knight Refill 45ml,2,piece,91.97,183.94,39.94,18,0,437.15,437.15,0,95.15,cash:437.15
KOS-2026-005094,2026-06-06,17:19,normal_sale,active,Walk-in,Maggi Noodles 70g,1,piece,14.55,14.55,3.05,12,0,437.15,437.15,0,95.15,cash:437.15
KOS-2026-005094,2026-06-06,17:19,normal_sale,active,Walk-in,Chana Dal (loose),2,kg,95.24,190.48,42.48,0,0,437.15,437.15,0,95.15,cash:437.15
KOS-2026-005094,2026-06-06,17:19,normal_sale,active,Walk-in,Sunfeast Dark Fantasy 75g,1,piece,41.68,41.68,7.68,18,0,437.15,437.15,0,95.15,cash:437.15
KOS-2026-005094,2026-06-06,17:19,normal_sale,active,Walk-in,Potato,0.25,kg,26,6.5,2,0,0,437.15,437.15,0,95.15,cash:437.15
KOS-2026-005093,2026-06-06,17:03,normal_sale,active,Walk-in,Tomato,0.5,kg,41.9,20.95,7.95,0,0,156.4,156.4,0,38.4,upi:156.4
KOS-2026-005093,2026-06-06,17:03,normal_sale,active,Walk-in,Bingo Mad Angles 66g,1,piece,21.01,21.01,4.51,12,0,156.4,156.4,0,38.4,upi:156.4
KOS-2026-005093,2026-06-06,17:03,normal_sale,active,Walk-in,Lays Classic Salted 52g,1,piece,22.47,22.47,5.97,12,0,156.4,156.4,0,38.4,upi:156.4
KOS-2026-005093,2026-06-06,17:03,normal_sale,active,Walk-in,Good Knight Refill 45ml,1,piece,91.97,91.97,19.97,18,0,156.4,156.4,0,38.4,upi:156.4
KOS-2026-005092,2026-06-06,16:57,normal_sale,active,Anita Gupta,Lays Classic Salted 52g,1,piece,22.47,22.47,5.97,12,0,358.39,358.39,0,80.39,upi:358.39
KOS-2026-005092,2026-06-06,16:57,normal_sale,active,Anita Gupta,Bisleri Water 1L,2,piece,20,40,14,18,0,358.39,358.39,0,80.39,upi:358.39
KOS-2026-005092,2026-06-06,16:57,normal_sale,active,Anita Gupta,KitKat 4-finger,1,piece,21.23,21.23,4.23,18,0,358.39,358.39,0,80.39,upi:358.39
KOS-2026-005092,2026-06-06,16:57,normal_sale,active,Anita Gupta,Chana Dal (loose),0.5,kg,95.24,47.62,10.62,0,0,358.39,358.39,0,80.39,upi:358.39
KOS-2026-005092,2026-06-06,16:57,normal_sale,active,Anita Gupta,Potato,1,kg,26,26,8,0,0,358.39,358.39,0,80.39,upi:358.39
KOS-2026-005092,2026-06-06,16:57,normal_sale,active,Anita Gupta,Amul Gold Milk 500ml,1,piece,34.79,34.79,4.79,0,0,358.39,358.39,0,80.39,upi:358.39
KOS-2026-005092,2026-06-06,16:57,normal_sale,active,Anita Gupta,Amul Masti Dahi 400g,2,piece,40,80,16,5,0,358.39,358.39,0,80.39,upi:358.39
KOS-2026-005092,2026-06-06,16:57,normal_sale,active,Anita Gupta,Britannia Good Day 100g,1,piece,31.73,31.73,6.73,18,0,358.39,358.39,0,80.39,upi:358.39
KOS-2026-005092,2026-06-06,16:57,normal_sale,active,Anita Gupta,Kurkure Masala Munch 70g,2,piece,20,40,7,12,0,358.39,358.39,0,80.39,upi:358.39
KOS-2026-005092,2026-06-06,16:57,normal_sale,active,Anita Gupta,Maggi Noodles 70g,1,piece,14.55,14.55,3.05,12,0,358.39,358.39,0,80.39,upi:358.39
KOS-2026-005091,2026-06-06,14:12,normal_sale,active,Farida Gupta,Clinic Plus Shampoo 175ml,3,piece,140,399,45,18,25,539.42,539,0,51,cash:539
KOS-2026-005091,2026-06-06,14:12,normal_sale,active,Farida Gupta,Maggi Noodles 8-pack,1,piece,112.52,112.52,20.52,12,25,539.42,539,0,51,cash:539
KOS-2026-005091,2026-06-06,14:12,normal_sale,active,Farida Gupta,Britannia Brown Bread,1,piece,52.9,52.9,10.9,0,25,539.42,539,0,51,cash:539
KOS-2026-005090,2026-06-06,12:58,normal_sale,active,Vikram Chavan,Clinic Plus Shampoo 175ml,1,piece,140,140,22,18,0,235.79,235,0,39,cash:235
KOS-2026-005090,2026-06-06,12:58,normal_sale,active,Vikram Chavan,Close Up Red 150g,1,piece,95.79,95.79,17.79,18,0,235.79,235,0,39,cash:235
KOS-2026-005089,2026-06-06,11:39,normal_sale,active,Sneha Kadam,Wheat Atta (loose),2,kg,42,84,20,0,0,813.68,0,813.68,157.08,
KOS-2026-005089,2026-06-06,11:39,normal_sale,active,Sneha Kadam,Tomato,1,kg,41.9,41.9,15.9,0,0,813.68,0,813.68,157.08,
KOS-2026-005089,2026-06-06,11:39,normal_sale,active,Sneha Kadam,Maggi Noodles 70g,3,piece,14.55,43.65,9.15,12,0,813.68,0,813.68,157.08,
KOS-2026-005089,2026-06-06,11:39,normal_sale,active,Sneha Kadam,Haldiram Bhujia 200g,3,piece,57.46,172.38,37.38,12,0,813.68,0,813.68,157.08,
KOS-2026-005089,2026-06-06,11:39,normal_sale,active,Sneha Kadam,Bisleri Water 1L,1,piece,20,20,7,18,0,813.68,0,813.68,157.08,
KOS-2026-005089,2026-06-06,11:39,normal_sale,active,Sneha Kadam,Amul Ghee 500ml,1,piece,369.67,369.67,54.67,12,0,813.68,0,813.68,157.08,
KOS-2026-005089,2026-06-06,11:39,normal_sale,active,Sneha Kadam,Dairy Milk 50g,2,piece,40,80,12,18,0,813.68,0,813.68,157.08,
KOS-2026-005089,2026-06-06,11:39,normal_sale,active,Sneha Kadam,Match Box,1,piece,2.08,2.08,0.98,18,0,813.68,0,813.68,157.08,
KOS-2026-005088,2026-06-06,11:29,normal_sale,active,Rekha Salunkhe,Amul Butter 100g,4,piece,63.31,253.24,37.24,12,0,278.2,278.2,0,41.7,cash:102|upi:176.2
KOS-2026-005088,2026-06-06,11:29,normal_sale,active,Rekha Salunkhe,Sugar (loose),0.5,kg,49.91,24.96,4.46,5,0,278.2,278.2,0,41.7,cash:102|upi:176.2
KOS-2026-005087,2026-06-06,11:19,normal_sale,active,Walk-in,Vim Liquid 500ml,2,piece,122.49,244.98,48.98,18,0,244.98,244.98,0,48.98,upi:244.98
KOS-2026-005086,2026-06-06,10:33,normal_sale,active,Walk-in,Nirma Washing Powder 1kg,1,piece,75.46,75.46,17.46,18,0,164.32,164.32,0,41.82,cash:87|upi:77.32
KOS-2026-005086,2026-06-06,10:33,normal_sale,active,Walk-in,Frooti 200ml,1,piece,10.49,10.49,1.99,12,0,164.32,164.32,0,41.82,cash:87|upi:77.32
KOS-2026-005086,2026-06-06,10:33,normal_sale,active,Walk-in,Garlic,0.5,kg,156.74,78.37,22.37,0,0,164.32,164.32,0,41.82,cash:87|upi:77.32
KOS-2026-005085,2026-06-06,10:32,normal_sale,active,Harshada Khan,Chana Dal (loose),0.5,kg,95.24,47.62,10.62,0,0,1150.85,1150.85,0,239.35,upi:1150.85
KOS-2026-005085,2026-06-06,10:32,normal_sale,active,Harshada Khan,Lays Classic Salted 52g,1,piece,22.47,22.47,5.97,12,0,1150.85,1150.85,0,239.35,upi:1150.85
KOS-2026-005085,2026-06-06,10:32,normal_sale,active,Harshada Khan,Amul Masti Dahi 400g,2,piece,40,80,16,5,0,1150.85,1150.85,0,239.35,upi:1150.85
KOS-2026-005085,2026-06-06,10:32,normal_sale,active,Harshada Khan,Frooti 200ml,1,piece,10.49,10.49,1.99,12,0,1150.85,1150.85,0,239.35,upi:1150.85
KOS-2026-005085,2026-06-06,10:32,normal_sale,active,Harshada Khan,Ariel Detergent 1kg,1,piece,163.43,163.43,31.43,18,0,1150.85,1150.85,0,239.35,upi:1150.85
KOS-2026-005085,2026-06-06,10:32,normal_sale,active,Harshada Khan,Poha (loose),2,kg,56,112,28,5,0,1150.85,1150.85,0,239.35,upi:1150.85
KOS-2026-005085,2026-06-06,10:32,normal_sale,active,Harshada Khan,Wheat Atta (loose),0.25,kg,42,10.5,2.5,0,0,1150.85,1150.85,0,239.35,upi:1150.85
KOS-2026-005085,2026-06-06,10:32,normal_sale,active,Harshada Khan,Moong Dal (loose),0.25,kg,130.61,32.65,8.65,0,0,1150.85,1150.85,0,239.35,upi:1150.85
KOS-2026-005085,2026-06-06,10:32,normal_sale,active,Harshada Khan,Lizol Floor Cleaner 500ml,2,piece,125,250,40,18,0,1150.85,1150.85,0,239.35,upi:1150.85
KOS-2026-005085,2026-06-06,10:32,normal_sale,active,Harshada Khan,Vim Dishwash Bar 200g,12,piece,21.09,253.08,61.08,18,0,1150.85,1150.85,0,239.35,upi:1150.85
KOS-2026-005085,2026-06-06,10:32,normal_sale,active,Harshada Khan,Kurkure Masala Munch 70g,1,piece,20,20,3.5,12,0,1150.85,1150.85,0,239.35,upi:1150.85
KOS-2026-005085,2026-06-06,10:32,normal_sale,active,Harshada Khan,KitKat 4-finger,7,piece,21.23,148.61,29.61,18,0,1150.85,1150.85,0,239.35,upi:1150.85
KOS-2026-005084,2026-06-06,10:24,normal_sale,active,Walk-in,Dettol Antiseptic 250ml,1,piece,160.07,160.07,28.07,18,0,189.17,189.17,0,34.17,cash:189.17
KOS-2026-005084,2026-06-06,10:24,normal_sale,active,Walk-in,Maggi Noodles 70g,2,piece,14.55,29.1,6.1,12,0,189.17,189.17,0,34.17,cash:189.17
KOS-2026-005083,2026-06-06,10:23,normal_sale,active,Walk-in,Haldiram Bhujia 200g,2,piece,57.46,114.92,24.92,12,0,125.47,125.47,0,27.17,bank:125.47
KOS-2026-005083,2026-06-06,10:23,normal_sale,active,Walk-in,Parle-G Biscuit 100g,1,piece,10.55,10.55,2.25,18,0,125.47,125.47,0,27.17,bank:125.47
KOS-2026-005082,2026-06-06,10:15,normal_sale,active,Nitin Shaikh,Dhara Mustard Oil 1L,2,piece,181.11,362.22,58.22,5,25,494.74,494.74,0,82.24,upi:494.74
KOS-2026-005082,2026-06-06,10:15,normal_sale,active,Nitin Shaikh,Lux Soap 100g,1,piece,40.33,40.33,10.33,18,25,494.74,494.74,0,82.24,upi:494.74
KOS-2026-005082,2026-06-06,10:15,normal_sale,active,Nitin Shaikh,Reynolds Pen,2,piece,10.92,21.84,7.84,12,25,494.74,494.74,0,82.24,upi:494.74
KOS-2026-005082,2026-06-06,10:15,normal_sale,active,Nitin Shaikh,Onion,2,kg,36.44,72.88,24.88,0,25,494.74,494.74,0,82.24,upi:494.74
KOS-2026-005082,2026-06-06,10:15,normal_sale,active,Nitin Shaikh,Lays Classic Salted 52g,1,piece,22.47,22.47,5.97,12,25,494.74,494.74,0,82.24,upi:494.74
KOS-2026-005081,2026-06-06,09:41,normal_sale,active,Priya Dsouza,Farm Eggs,1,piece,8,8,1.8,0,0,609.55,609.55,0,130.35,cash:609.55
KOS-2026-005081,2026-06-06,09:41,normal_sale,active,Priya Dsouza,Odonil Air Freshener 50g,1,piece,82.19,82.19,20.19,18,0,609.55,609.55,0,130.35,cash:609.55
KOS-2026-005081,2026-06-06,09:41,normal_sale,active,Priya Dsouza,Urad Dal (loose),2,kg,140.67,281.34,71.34,0,0,609.55,609.55,0,130.35,cash:609.55
KOS-2026-005081,2026-06-06,09:41,normal_sale,active,Priya Dsouza,Bingo Mad Angles 66g,2,piece,21.01,42.02,9.02,12,0,609.55,609.55,0,130.35,cash:609.55
KOS-2026-005081,2026-06-06,09:41,normal_sale,active,Priya Dsouza,Amul Taaza Milk 500ml,2,piece,28,56,6,0,0,609.55,609.55,0,130.35,cash:609.55
KOS-2026-005081,2026-06-06,09:41,normal_sale,active,Priya Dsouza,Clinic Plus Shampoo 175ml,1,piece,140,140,22,18,0,609.55,609.55,0,130.35,cash:609.55
KOS-2026-005080,2026-06-06,09:38,normal_sale,active,Walk-in,Onion,0.5,kg,36.44,18.22,6.22,0,0,270.75,270,0,60,cash:270
KOS-2026-005080,2026-06-06,09:38,normal_sale,active,Walk-in,MDH Garam Masala 100g,1,piece,95.44,95.44,17.44,5,0,270.75,270,0,60,cash:270
KOS-2026-005080,2026-06-06,09:38,normal_sale,active,Walk-in,Tata Salt 1kg,1,piece,33.4,33.4,9.4,0,0,270.75,270,0,60,cash:270
KOS-2026-005080,2026-06-06,09:38,normal_sale,active,Walk-in,Thums Up 750ml,3,piece,41.23,123.69,27.69,28,0,270.75,270,0,60,cash:270
KOS-2026-005079,2026-06-06,09:24,normal_sale,active,Nitin Patil,Tomato,0.5,kg,41.9,20.95,7.95,0,28.16,32.79,32,0,-13,cash:32
KOS-2026-005079,2026-06-06,09:24,normal_sale,active,Nitin Patil,Amul Masti Dahi 400g,1,piece,40,40,8,5,28.16,32.79,32,0,-13,cash:32
KOS-2026-005078,2026-06-06,09:09,normal_sale,active,Walk-in,Parachute Coconut Oil 200ml,1,piece,104.47,104.47,22.47,18,0,104.47,104,0,22,cash:104
KOS-2026-005077,2026-06-06,09:08,normal_sale,active,Farida Shaikh,Match Box,1,piece,2.08,2.08,0.98,18,0,327.58,327.58,0,54.48,upi:327.58
KOS-2026-005077,2026-06-06,09:08,normal_sale,active,Farida Shaikh,Harpic Toilet Cleaner 500ml,3,piece,105,315,51,18,0,327.58,327.58,0,54.48,upi:327.58
KOS-2026-005077,2026-06-06,09:08,normal_sale,active,Farida Shaikh,Wheat Atta (loose),0.25,kg,42,10.5,2.5,0,0,327.58,327.58,0,54.48,upi:327.58
KOS-2026-005076,2026-06-06,08:54,normal_sale,active,Walk-in,Amul Masti Dahi 400g,1,piece,40,40,8,5,0,632.13,632.13,0,118.63,upi:632.13
KOS-2026-005076,2026-06-06,08:54,normal_sale,active,Walk-in,Lays Classic Salted 52g,1,piece,22.47,22.47,5.97,12,0,632.13,632.13,0,118.63,upi:632.13
KOS-2026-005076,2026-06-06,08:54,normal_sale,active,Walk-in,Oreo Biscuit 120g,1,piece,35,35,5,18,0,632.13,632.13,0,118.63,upi:632.13
KOS-2026-005076,2026-06-06,08:54,normal_sale,active,Walk-in,Aashirvaad Atta 5kg,1,piece,303.09,303.09,58.09,5,0,632.13,632.13,0,118.63,upi:632.13
KOS-2026-005076,2026-06-06,08:54,normal_sale,active,Walk-in,Amul Taaza Milk 500ml,1,piece,28,28,3,0,0,632.13,632.13,0,118.63,upi:632.13
KOS-2026-005076,2026-06-06,08:54,normal_sale,active,Walk-in,Saffola Gold Oil 1L,1,piece,203.57,203.57,38.57,5,0,632.13,632.13,0,118.63,upi:632.13
KOS-2026-005075,2026-06-06,08:53,normal_sale,active,Smita More,Colgate Strong Teeth 200g,4,piece,113.64,454.56,86.56,18,0,559.94,559.94,0,110.04,upi:559.94
KOS-2026-005075,2026-06-06,08:53,normal_sale,active,Smita More,Parle-G Biscuit 100g,3,piece,10.55,31.65,6.75,18,0,559.94,559.94,0,110.04,upi:559.94
KOS-2026-005075,2026-06-06,08:53,normal_sale,active,Smita More,Candle Pack (6 pc),1,piece,42,42,10,12,0,559.94,559.94,0,110.04,upi:559.94
KOS-2026-005075,2026-06-06,08:53,normal_sale,active,Smita More,Britannia Good Day 100g,1,piece,31.73,31.73,6.73,18,0,559.94,559.94,0,110.04,upi:559.94
KOS-2026-005074,2026-06-06,08:48,normal_sale,active,Walk-in,Onion,2,kg,36.44,72.88,24.88,0,0,621.96,621.96,0,126.71,upi:621.96
KOS-2026-005074,2026-06-06,08:48,normal_sale,active,Walk-in,Sugar (loose),0.25,kg,49.91,12.48,2.23,5,0,621.96,621.96,0,126.71,upi:621.96
KOS-2026-005074,2026-06-06,08:48,normal_sale,active,Walk-in,Coca-Cola 750ml,1,piece,42.7,42.7,10.7,28,0,621.96,621.96,0,126.71,upi:621.96
KOS-2026-005074,2026-06-06,08:48,normal_sale,active,Walk-in,Surf Excel Easy Wash 1kg,1,piece,143.99,143.99,25.99,18,0,621.96,621.96,0,126.71,upi:621.96
KOS-2026-005074,2026-06-06,08:48,normal_sale,active,Walk-in,Ariel Detergent 1kg,1,piece,163.43,163.43,31.43,18,0,621.96,621.96,0,126.71,upi:621.96
KOS-2026-005074,2026-06-06,08:48,normal_sale,active,Walk-in,Harpic Toilet Cleaner 500ml,1,piece,105,105,17,18,0,621.96,621.96,0,126.71,upi:621.96
KOS-2026-005074,2026-06-06,08:48,normal_sale,active,Walk-in,Britannia Marie Gold 250g,1,piece,41.48,41.48,8.48,18,0,621.96,621.96,0,126.71,upi:621.96
KOS-2026-005074,2026-06-06,08:48,normal_sale,active,Walk-in,Dairy Milk 50g,1,piece,40,40,6,18,0,621.96,621.96,0,126.71,upi:621.96
KOS-2026-005073,2026-06-06,08:14,normal_sale,active,Walk-in,Britannia Marie Gold 250g,2,piece,41.48,82.96,16.96,18,25,577.81,577.81,0,110.31,cash:577.81
KOS-2026-005073,2026-06-06,08:14,normal_sale,active,Walk-in,Odonil Air Freshener 50g,2,piece,82.19,164.38,40.38,18,25,577.81,577.81,0,110.31,cash:577.81
KOS-2026-005073,2026-06-06,08:14,normal_sale,active,Walk-in,Dairy Milk 50g,1,piece,40,40,6,18,25,577.81,577.81,0,110.31,cash:577.81
KOS-2026-005073,2026-06-06,08:14,normal_sale,active,Walk-in,Bisleri Water 1L,3,piece,20,60,21,18,25,577.81,577.81,0,110.31,cash:577.81
KOS-2026-005073,2026-06-06,08:14,normal_sale,active,Walk-in,Frooti 200ml,1,piece,10.49,10.49,1.99,12,25,577.81,577.81,0,110.31,cash:577.81
KOS-2026-005073,2026-06-06,08:14,normal_sale,active,Walk-in,Vim Liquid 500ml,2,piece,122.49,244.98,48.98,18,25,577.81,577.81,0,110.31,cash:577.81
KOS-2026-005072,2026-06-05,21:55,normal_sale,active,Manisha Deshmukh,Sunfeast Dark Fantasy 75g,2,piece,41.68,83.36,15.36,18,0,358.87,358.87,0,58.87,cash:358.87
KOS-2026-005072,2026-06-05,21:55,normal_sale,active,Manisha Deshmukh,Bournvita 500g,1,piece,275.51,275.51,43.51,18,0,358.87,358.87,0,58.87,cash:358.87
KOS-2026-005071,2026-06-05,21:16,normal_sale,active,Rakesh Kulkarni,Wheat Atta (loose),2,kg,42,84,20,0,0,166.49,166.49,0,37.99,upi:166.49
KOS-2026-005071,2026-06-05,21:16,normal_sale,active,Rakesh Kulkarni,Frooti 200ml,1,piece,10.49,10.49,1.99,12,0,166.49,166.49,0,37.99,upi:166.49
KOS-2026-005071,2026-06-05,21:16,normal_sale,active,Rakesh Kulkarni,AA Battery (2 pc),2,piece,36,72,16,18,0,166.49,166.49,0,37.99,upi:166.49
KOS-2026-005070,2026-06-05,21:15,normal_sale,active,Walk-in,Center Fresh Gum (jar pc),1,piece,1.02,1.02,0.17,18,0,84.78,84.78,0,16.83,cash:84.78
KOS-2026-005070,2026-06-05,21:15,normal_sale,active,Walk-in,Amul Masti Dahi 400g,1,piece,40,40,8,5,0,84.78,84.78,0,16.83,cash:84.78
KOS-2026-005070,2026-06-05,21:15,normal_sale,active,Walk-in,Match Box,1,piece,2.08,2.08,0.98,18,0,84.78,84.78,0,16.83,cash:84.78
KOS-2026-005070,2026-06-05,21:15,normal_sale,active,Walk-in,Sunfeast Dark Fantasy 75g,1,piece,41.68,41.68,7.68,18,0,84.78,84.78,0,16.83,cash:84.78
KOS-2026-005069,2026-06-05,20:17,normal_sale,active,Suresh Rane,Garlic,0.25,kg,156.74,39.19,11.19,0,34.49,46.6,46.6,0,-7.4,bank:46.6
KOS-2026-005069,2026-06-05,20:17,normal_sale,active,Suresh Rane,Tomato,1,kg,41.9,41.9,15.9,0,34.49,46.6,46.6,0,-7.4,bank:46.6
KOS-2026-005068,2026-06-05,19:53,normal_sale,active,Walk-in,Nirma Washing Powder 1kg,2,piece,75.46,150.92,34.92,18,0,548.23,548.23,0,116.08,upi:548.23
KOS-2026-005068,2026-06-05,19:53,normal_sale,active,Walk-in,Kissan Mixed Fruit Jam 200g,1,piece,82,82,14,12,0,548.23,548.23,0,116.08,upi:548.23
KOS-2026-005068,2026-06-05,19:53,normal_sale,active,Walk-in,Frooti 200ml,1,piece,10.49,10.49,1.99,12,0,548.23,548.23,0,116.08,upi:548.23
KOS-2026-005068,2026-06-05,19:53,normal_sale,active,Walk-in,Bisleri Water 1L,1,piece,20,20,7,18,0,548.23,548.23,0,116.08,upi:548.23
KOS-2026-005068,2026-06-05,19:53,normal_sale,active,Walk-in,Rajma (loose),0.25,kg,145.1,36.28,9.28,0,0,548.23,548.23,0,116.08,upi:548.23
KOS-2026-005068,2026-06-05,19:53,normal_sale,active,Walk-in,Sunfeast Dark Fantasy 75g,2,piece,41.68,83.36,15.36,18,0,548.23,548.23,0,116.08,upi:548.23
KOS-2026-005068,2026-06-05,19:53,normal_sale,active,Walk-in,Center Fresh Gum (jar pc),9,piece,1.02,9.18,1.53,18,0,548.23,548.23,0,116.08,upi:548.23
KOS-2026-005068,2026-06-05,19:53,normal_sale,active,Walk-in,Sona Masoori Rice (loose),2,kg,58,116,24,0,0,548.23,548.23,0,116.08,upi:548.23
KOS-2026-005068,2026-06-05,19:53,normal_sale,active,Walk-in,Amul Masti Dahi 400g,1,piece,40,40,8,5,0,548.23,548.23,0,116.08,upi:548.23
KOS-2026-005067,2026-06-05,19:40,normal_sale,active,Walk-in,Onion,5,kg,36.44,182.2,62.2,0,0,192.69,192.69,0,64.19,upi:192.69
KOS-2026-005067,2026-06-05,19:40,normal_sale,active,Walk-in,Frooti 200ml,1,piece,10.49,10.49,1.99,12,0,192.69,192.69,0,64.19,upi:192.69
KOS-2026-005066,2026-06-05,19:36,normal_sale,active,Joseph Gupta,Bisleri Water 1L,1,piece,20,20,7,18,0,419.76,419.76,0,90.26,cash:419.76
KOS-2026-005066,2026-06-05,19:36,normal_sale,active,Joseph Gupta,Frooti 200ml,1,piece,10.49,10.49,1.99,12,0,419.76,419.76,0,90.26,cash:419.76
KOS-2026-005066,2026-06-05,19:36,normal_sale,active,Joseph Gupta,Everest Turmeric 200g,1,piece,79.8,79.8,17.8,5,0,419.76,419.76,0,90.26,cash:419.76
KOS-2026-005066,2026-06-05,19:36,normal_sale,active,Joseph Gupta,Odonil Air Freshener 50g,1,piece,82.19,82.19,20.19,18,0,419.76,419.76,0,90.26,cash:419.76
KOS-2026-005066,2026-06-05,19:36,normal_sale,active,Joseph Gupta,Colgate Strong Teeth 200g,2,piece,113.64,227.28,43.28,18,0,419.76,419.76,0,90.26,cash:419.76
KOS-2026-005065,2026-06-05,19:26,normal_sale,active,Smita More,Thums Up 750ml,1,piece,41.23,41.23,9.23,28,0,62.32,62,0,14,cash:62
KOS-2026-005065,2026-06-05,19:26,normal_sale,active,Smita More,Vim Dishwash Bar 200g,1,piece,21.09,21.09,5.09,18,0,62.32,62,0,14,cash:62
KOS-2026-005064,2026-06-05,19:22,normal_sale,active,Walk-in,Sugar (loose),0.25,kg,49.91,12.48,2.23,5,0,55.18,55.18,0,12.93,upi:55.18
KOS-2026-005064,2026-06-05,19:22,normal_sale,active,Walk-in,Coca-Cola 750ml,1,piece,42.7,42.7,10.7,28,0,55.18,55.18,0,12.93,upi:55.18
KOS-2026-005063,2026-06-05,19:02,normal_sale,active,Walk-in,Horlicks 500g,1,piece,314.21,298.5,53.5,18,0,489.96,489,0,94,cash:489
KOS-2026-005063,2026-06-05,19:02,normal_sale,active,Walk-in,Sona Masoori Rice (loose),2,kg,58,116,24,0,0,489.96,489,0,94,cash:489
KOS-2026-005063,2026-06-05,19:02,normal_sale,active,Walk-in,Nirma Washing Powder 1kg,1,piece,75.46,75.46,17.46,18,0,489.96,489,0,94,cash:489
KOS-2026-005062,2026-06-05,17:41,normal_sale,active,Dattatray Salunkhe,Onion,1,kg,36.44,36.44,12.44,0,25,428.94,428.94,0,83.74,upi:428.94
KOS-2026-005062,2026-06-05,17:41,normal_sale,active,Dattatray Salunkhe,Coca-Cola 750ml,3,piece,42.7,128.1,32.1,28,25,428.94,428.94,0,83.74,upi:428.94
KOS-2026-005062,2026-06-05,17:41,normal_sale,active,Dattatray Salunkhe,Fortune Sunflower Oil 1L,1,piece,168.48,168.48,30.48,5,25,428.94,428.94,0,83.74,upi:428.94
KOS-2026-005062,2026-06-05,17:41,normal_sale,active,Dattatray Salunkhe,Lemon,1,piece,5.14,5.14,1.94,0,25,428.94,428.94,0,83.74,upi:428.94
KOS-2026-005062,2026-06-05,17:41,normal_sale,active,Dattatray Salunkhe,Tata Salt 1kg,2,piece,33.4,66.8,18.8,0,25,428.94,428.94,0,83.74,upi:428.94
KOS-2026-005062,2026-06-05,17:41,normal_sale,active,Dattatray Salunkhe,Rava / Sooji (loose),1,kg,48.98,48.98,12.98,5,25,428.94,428.94,0,83.74,upi:428.94
KOS-2026-005061,2026-06-05,17:14,normal_sale,active,Walk-in,Kurkure Masala Munch 70g,5,piece,20,100,17.5,12,0,475.8,475.8,0,94.8,upi:475.8
KOS-2026-005061,2026-06-05,17:14,normal_sale,active,Walk-in,Ginger,0.5,kg,116.02,58.01,19.01,0,0,475.8,475.8,0,94.8,upi:475.8
KOS-2026-005061,2026-06-05,17:14,normal_sale,active,Walk-in,Frooti 200ml,3,piece,10.49,31.47,5.97,12,0,475.8,475.8,0,94.8,upi:475.8
KOS-2026-005061,2026-06-05,17:14,normal_sale,active,Walk-in,MDH Garam Masala 100g,3,piece,95.44,286.32,52.32,5,0,475.8,475.8,0,94.8,upi:475.8
KOS-2026-005060,2026-06-05,17:13,normal_sale,active,Walk-in,Reynolds Pen,1,piece,10.92,10.92,3.92,12,0,262.15,262,0,47,cash:262
KOS-2026-005060,2026-06-05,17:13,normal_sale,active,Walk-in,Kissan Tomato Ketchup 500g,2,piece,105,210,34,12,0,262.15,262,0,47,cash:262
KOS-2026-005060,2026-06-05,17:13,normal_sale,active,Walk-in,Thums Up 750ml,1,piece,41.23,41.23,9.23,28,0,262.15,262,0,47,cash:262
KOS-2026-005059,2026-06-05,17:06,normal_sale,active,Suresh Kulkarni,Kurkure Masala Munch 70g,3,piece,20,60,10.5,12,0,138.17,0,138.17,31.17,
KOS-2026-005059,2026-06-05,17:06,normal_sale,active,Suresh Kulkarni,Potato,0.5,kg,26,13,4,0,0,138.17,0,138.17,31.17,
KOS-2026-005059,2026-06-05,17:06,normal_sale,active,Suresh Kulkarni,Lays Classic Salted 52g,1,piece,22.47,22.47,5.97,12,0,138.17,0,138.17,31.17,
KOS-2026-005059,2026-06-05,17:06,normal_sale,active,Suresh Kulkarni,Coca-Cola 750ml,1,piece,42.7,42.7,10.7,28,0,138.17,0,138.17,31.17,
KOS-2026-005058,2026-06-05,17:00,normal_sale,active,Smita Khan,Lays Classic Salted 52g,1,piece,22.47,22.47,5.97,12,0,293.66,293.66,0,75.16,upi:293.66
KOS-2026-005058,2026-06-05,17:00,normal_sale,active,Smita Khan,Wheat Atta (loose),1,kg,42,42,10,0,0,293.66,293.66,0,75.16,upi:293.66
KOS-2026-005058,2026-06-05,17:00,normal_sale,active,Smita Khan,Bisleri Water 1L,4,piece,20,80,28,18,0,293.66,293.66,0,75.16,upi:293.66
KOS-2026-005058,2026-06-05,17:00,normal_sale,active,Smita Khan,Potato,1,kg,26,26,8,0,0,293.66,293.66,0,75.16,upi:293.66
KOS-2026-005058,2026-06-05,17:00,normal_sale,active,Smita Khan,Amul Taaza Milk 500ml,1,piece,28,28,3,0,0,293.66,293.66,0,75.16,upi:293.66
KOS-2026-005058,2026-06-05,17:00,normal_sale,active,Smita Khan,Britannia Good Day 100g,3,piece,31.73,95.19,20.19,18,0,293.66,293.66,0,75.16,upi:293.66
KOS-2026-005057,2026-06-05,16:56,normal_sale,active,Farida Verma,Sona Masoori Rice (loose),0.25,kg,58,14.5,3,0,51.33,395.5,395.5,0,18,upi:395.5
KOS-2026-005057,2026-06-05,16:56,normal_sale,active,Farida Verma,Frooti 200ml,2,piece,10.49,20.98,3.98,12,51.33,395.5,395.5,0,18,upi:395.5
KOS-2026-005057,2026-06-05,16:56,normal_sale,active,Farida Verma,Sunfeast Dark Fantasy 75g,1,piece,41.68,41.68,7.68,18,51.33,395.5,395.5,0,18,upi:395.5
KOS-2026-005057,2026-06-05,16:56,normal_sale,active,Farida Verma,Amul Ghee 500ml,1,piece,369.67,369.67,54.67,12,51.33,395.5,395.5,0,18,upi:395.5
KOS-2026-005056,2026-06-05,16:35,normal_sale,active,Imran Dsouza,Onion,2,kg,36.44,72.88,24.88,0,25,1265.2,1265.2,0,211.7,upi:1265.2
KOS-2026-005056,2026-06-05,16:35,normal_sale,active,Imran Dsouza,Chana Dal (loose),1,kg,95.24,95.24,21.24,0,25,1265.2,1265.2,0,211.7,upi:1265.2
KOS-2026-005056,2026-06-05,16:35,normal_sale,active,Imran Dsouza,Ariel Detergent 1kg,1,piece,163.43,163.43,31.43,18,25,1265.2,1265.2,0,211.7,upi:1265.2
KOS-2026-005056,2026-06-05,16:35,normal_sale,active,Imran Dsouza,Match Box,1,piece,2.08,2.08,0.98,18,25,1265.2,1265.2,0,211.7,upi:1265.2
KOS-2026-005056,2026-06-05,16:35,normal_sale,active,Imran Dsouza,Lemon,2,piece,5.14,10.28,3.88,0,25,1265.2,1265.2,0,211.7,upi:1265.2
KOS-2026-005056,2026-06-05,16:35,normal_sale,active,Imran Dsouza,Amul Cheese Slices 200g,3,piece,140,420,54,12,25,1265.2,1265.2,0,211.7,upi:1265.2
KOS-2026-005056,2026-06-05,16:35,normal_sale,active,Imran Dsouza,Potato,0.25,kg,26,6.5,2,0,25,1265.2,1265.2,0,211.7,upi:1265.2
KOS-2026-005056,2026-06-05,16:35,normal_sale,active,Imran Dsouza,Maggi Noodles 70g,3,piece,14.55,43.65,9.15,12,25,1265.2,1265.2,0,211.7,upi:1265.2
KOS-2026-005056,2026-06-05,16:35,normal_sale,active,Imran Dsouza,Lizol Floor Cleaner 500ml,1,piece,125,125,20,18,25,1265.2,1265.2,0,211.7,upi:1265.2
KOS-2026-005056,2026-06-05,16:35,normal_sale,active,Imran Dsouza,Britannia Marie Gold 250g,4,piece,41.48,165.92,33.92,18,25,1265.2,1265.2,0,211.7,upi:1265.2
KOS-2026-005056,2026-06-05,16:35,normal_sale,active,Imran Dsouza,Surf Excel Easy Wash 1kg,1,piece,143.99,143.99,25.99,18,25,1265.2,1265.2,0,211.7,upi:1265.2
KOS-2026-005056,2026-06-05,16:35,normal_sale,active,Imran Dsouza,Thums Up 750ml,1,piece,41.23,41.23,9.23,28,25,1265.2,1265.2,0,211.7,upi:1265.2
KOS-2026-005055,2026-06-05,15:56,normal_sale,active,Walk-in,AA Battery (2 pc),1,piece,36,36,8,18,0,127.58,127.58,0,25.88,upi:127.58
KOS-2026-005055,2026-06-05,15:56,normal_sale,active,Walk-in,Britannia Marie Gold 250g,1,piece,41.48,41.48,8.48,18,0,127.58,127.58,0,25.88,upi:127.58
KOS-2026-005055,2026-06-05,15:56,normal_sale,active,Walk-in,Sugar (loose),0.5,kg,49.91,24.96,4.46,5,0,127.58,127.58,0,25.88,upi:127.58
KOS-2026-005055,2026-06-05,15:56,normal_sale,active,Walk-in,5 Star 25g,2,piece,10,20,3,18,0,127.58,127.58,0,25.88,upi:127.58
KOS-2026-005055,2026-06-05,15:56,normal_sale,active,Walk-in,Lemon,1,piece,5.14,5.14,1.94,0,0,127.58,127.58,0,25.88,upi:127.58
KOS-2026-005054,2026-06-05,13:49,normal_sale,active,Walk-in,Maggi Noodles 70g,1,piece,14.55,14.55,3.05,12,0,201.48,201.48,0,46.28,cash:201.48
KOS-2026-005054,2026-06-05,13:49,normal_sale,active,Walk-in,Coca-Cola 750ml,1,piece,42.7,42.7,10.7,28,0,201.48,201.48,0,46.28,cash:201.48
KOS-2026-005054,2026-06-05,13:49,normal_sale,active,Walk-in,Match Box,1,piece,2.08,2.08,0.98,18,0,201.48,201.48,0,46.28,cash:201.48
KOS-2026-005054,2026-06-05,13:49,normal_sale,active,Walk-in,Catch Red Chilli Powder 100g,1,piece,63.05,63.05,15.05,5,0,201.48,201.48,0,46.28,cash:201.48
KOS-2026-005054,2026-06-05,13:49,normal_sale,active,Walk-in,Sona Masoori Rice (loose),1,kg,58,58,12,0,0,201.48,201.48,0,46.28,cash:201.48
KOS-2026-005054,2026-06-05,13:49,normal_sale,active,Walk-in,Parle-G Biscuit 100g,2,piece,10.55,21.1,4.5,18,0,201.48,201.48,0,46.28,cash:201.48
KOS-2026-005053,2026-06-05,12:40,normal_sale,active,Walk-in,Wheat Atta (loose),0.25,kg,42,10.5,2.5,0,0,10.5,10.5,0,2.5,cash:5|upi:5.5
KOS-2026-005052,2026-06-05,12:17,normal_sale,active,Walk-in,Aashirvaad Atta 5kg,2,piece,303.09,606.18,116.18,5,0,1557.81,1557.81,0,290.31,upi:1557.81
KOS-2026-005052,2026-06-05,12:17,normal_sale,active,Walk-in,Tata Tea Gold 500g,1,piece,323.95,323.95,58.95,5,0,1557.81,1557.81,0,290.31,upi:1557.81
KOS-2026-005052,2026-06-05,12:17,normal_sale,active,Walk-in,Thums Up 750ml,1,piece,41.23,41.23,9.23,28,0,1557.81,1557.81,0,290.31,upi:1557.81
KOS-2026-005052,2026-06-05,12:17,normal_sale,active,Walk-in,Frooti 200ml,1,piece,10.49,10.49,1.99,12,0,1557.81,1557.81,0,290.31,upi:1557.81
KOS-2026-005052,2026-06-05,12:17,normal_sale,active,Walk-in,Surf Excel Easy Wash 1kg,4,piece,143.99,575.96,103.96,18,0,1557.81,1557.81,0,290.31,upi:1557.81
KOS-2026-005051,2026-06-05,12:16,normal_sale,active,Harshada Khan,MDH Garam Masala 100g,1,piece,95.44,95.44,17.44,5,0,333.76,333.76,0,72.56,upi:333.76
KOS-2026-005051,2026-06-05,12:16,normal_sale,active,Harshada Khan,Chana Dal (loose),2,kg,95.24,190.48,42.48,0,0,333.76,333.76,0,72.56,upi:333.76
KOS-2026-005051,2026-06-05,12:16,normal_sale,active,Harshada Khan,Coca-Cola 750ml,1,piece,42.7,42.7,10.7,28,0,333.76,333.76,0,72.56,upi:333.76
KOS-2026-005051,2026-06-05,12:16,normal_sale,active,Harshada Khan,Lemon,1,piece,5.14,5.14,1.94,0,0,333.76,333.76,0,72.56,upi:333.76
KOS-2026-005050,2026-06-05,12:03,normal_sale,active,Nasreen Rane,Bisleri Water 1L,10,piece,20,200,70,18,0,811.93,811,0,186.8,cash:811
KOS-2026-005050,2026-06-05,12:03,normal_sale,active,Nasreen Rane,Close Up Red 150g,1,piece,95.79,95.79,17.79,18,0,811.93,811,0,186.8,cash:811
KOS-2026-005050,2026-06-05,12:03,normal_sale,active,Nasreen Rane,Chana Dal (loose),0.25,kg,95.24,23.81,5.31,0,0,811.93,811,0,186.8,cash:811
KOS-2026-005050,2026-06-05,12:03,normal_sale,active,Nasreen Rane,Center Fresh Gum (jar pc),2,piece,1.02,2.04,0.34,18,0,811.93,811,0,186.8,cash:811
KOS-2026-005050,2026-06-05,12:03,normal_sale,active,Nasreen Rane,Ariel Detergent 1kg,3,piece,163.43,490.29,94.29,18,0,811.93,811,0,186.8,cash:811
KOS-2026-005049,2026-06-05,12:02,normal_sale,active,Suresh Verma,Toor Dal (loose),1,kg,161.66,161.66,43.66,0,0,306.4,306,0,75.15,cash:306
KOS-2026-005049,2026-06-05,12:02,normal_sale,active,Suresh Verma,Center Fresh Gum (jar pc),1,piece,1.02,1.02,0.17,18,0,306.4,306,0,75.15,cash:306
KOS-2026-005049,2026-06-05,12:02,normal_sale,active,Suresh Verma,Gillette Guard Razor,4,piece,35.93,143.72,31.72,18,0,306.4,306,0,75.15,cash:306
KOS-2026-005048,2026-06-05,10:53,normal_sale,active,Meena Kadam,Dairy Milk 50g,1,piece,40,40,6,18,0,148.52,148.52,0,39.02,upi:148.52
KOS-2026-005048,2026-06-05,10:53,normal_sale,active,Meena Kadam,Vim Dishwash Bar 200g,1,piece,21.09,21.09,5.09,18,0,148.52,148.52,0,39.02,upi:148.52
KOS-2026-005048,2026-06-05,10:53,normal_sale,active,Meena Kadam,Maggi Noodles 70g,1,piece,14.55,14.55,3.05,12,0,148.52,148.52,0,39.02,upi:148.52
KOS-2026-005048,2026-06-05,10:53,normal_sale,active,Meena Kadam,Onion,2,kg,36.44,72.88,24.88,0,0,148.52,148.52,0,39.02,upi:148.52
KOS-2026-005047,2026-06-05,09:59,normal_sale,active,Trupti Rane,Tata Tea Gold 500g,1,piece,323.95,323.95,58.95,5,0,595.64,595.64,0,129.14,upi:595.64
KOS-2026-005047,2026-06-05,09:59,normal_sale,active,Trupti Rane,5 Star 25g,1,piece,10,10,1.5,18,0,595.64,595.64,0,129.14,upi:595.64
KOS-2026-005047,2026-06-05,09:59,normal_sale,active,Trupti Rane,Vim Dishwash Bar 200g,2,piece,21.09,42.18,10.18,18,0,595.64,595.64,0,129.14,upi:595.64
KOS-2026-005047,2026-06-05,09:59,normal_sale,active,Trupti Rane,Amul Gold Milk 500ml,1,piece,34.79,34.79,4.79,0,0,595.64,595.64,0,129.14,upi:595.64
KOS-2026-005047,2026-06-05,09:59,normal_sale,active,Trupti Rane,Basmati Rice Premium (loose),1,kg,126.71,126.71,34.71,0,0,595.64,595.64,0,129.14,upi:595.64
KOS-2026-005047,2026-06-05,09:59,normal_sale,active,Trupti Rane,Ginger,0.5,kg,116.02,58.01,19.01,0,0,595.64,595.64,0,129.14,upi:595.64
KOS-2026-005046,2026-06-05,09:53,normal_sale,active,Walk-in,Center Fresh Gum (jar pc),3,piece,1.02,3.06,0.51,18,0,165.88,165.88,0,35.33,bank:165.88
KOS-2026-005046,2026-06-05,09:53,normal_sale,active,Walk-in,Vim Liquid 500ml,1,piece,122.49,122.49,24.49,18,0,165.88,165.88,0,35.33,bank:165.88
KOS-2026-005046,2026-06-05,09:53,normal_sale,active,Walk-in,Lux Soap 100g,1,piece,40.33,40.33,10.33,18,0,165.88,165.88,0,35.33,bank:165.88
KOS-2026-005045,2026-06-05,09:52,normal_sale,active,Nitin Patil,Close Up Red 150g,4,piece,95.79,383.16,71.16,18,0,787.23,0,787.23,154.73,
KOS-2026-005045,2026-06-05,09:52,normal_sale,active,Nitin Patil,Gillette Guard Razor,3,piece,35.93,107.79,23.79,18,0,787.23,0,787.23,154.73,
KOS-2026-005045,2026-06-05,09:52,normal_sale,active,Nitin Patil,Agarbatti Pack (20 sticks),1,piece,31.3,31.3,7.3,12,0,787.23,0,787.23,154.73,
KOS-2026-005045,2026-06-05,09:52,normal_sale,active,Nitin Patil,Kurkure Masala Munch 70g,1,piece,20,20,3.5,12,0,787.23,0,787.23,154.73,
KOS-2026-005045,2026-06-05,09:52,normal_sale,active,Nitin Patil,Vim Liquid 500ml,2,piece,122.49,244.98,48.98,18,0,787.23,0,787.23,154.73,
KOS-2026-005044,2026-06-05,09:38,normal_sale,active,Walk-in,Center Fresh Gum (jar pc),2,piece,1.02,2.04,0.34,18,25,311.66,311,0,34.1,cash:311
KOS-2026-005044,2026-06-05,09:38,normal_sale,active,Walk-in,Wheat Atta (loose),0.5,kg,42,21,5,0,25,311.66,311,0,34.1,cash:311
KOS-2026-005044,2026-06-05,09:38,normal_sale,active,Walk-in,Lemon,1,piece,5.14,5.14,1.94,0,25,311.66,311,0,34.1,cash:311
KOS-2026-005044,2026-06-05,09:38,normal_sale,active,Walk-in,Fortune Sunflower Oil 1L,1,piece,168.48,168.48,30.48,5,25,311.66,311,0,34.1,cash:311
KOS-2026-005044,2026-06-05,09:38,normal_sale,active,Walk-in,Clinic Plus Shampoo 175ml,1,piece,140,140,22,18,25,311.66,311,0,34.1,cash:311
KOS-2026-005043,2026-06-05,08:49,normal_sale,active,Walk-in,Britannia Brown Bread,1,piece,52.9,52.9,10.9,0,38.11,14.79,14.79,0,-27.21,upi:14.79
KOS-2026-005042,2026-06-05,08:38,normal_sale,active,Walk-in,Frooti 200ml,1,piece,10.49,10.49,1.99,12,0,268.59,268.59,0,60.39,cash:268.59
KOS-2026-005042,2026-06-05,08:38,normal_sale,active,Walk-in,Match Box,2,piece,2.08,4.16,1.96,18,0,268.59,268.59,0,60.39,cash:268.59
KOS-2026-005042,2026-06-05,08:38,normal_sale,active,Walk-in,Parle-G Biscuit 100g,1,piece,10.55,10.55,2.25,18,0,268.59,268.59,0,60.39,cash:268.59
KOS-2026-005042,2026-06-05,08:38,normal_sale,active,Walk-in,Coca-Cola 750ml,2,piece,42.7,85.4,21.4,28,0,268.59,268.59,0,60.39,cash:268.59
KOS-2026-005042,2026-06-05,08:38,normal_sale,active,Walk-in,Lemon,1,piece,5.14,5.14,1.94,0,0,268.59,268.59,0,60.39,cash:268.59
KOS-2026-005042,2026-06-05,08:38,normal_sale,active,Walk-in,Maggi Noodles 8-pack,1,piece,112.52,112.52,20.52,12,0,268.59,268.59,0,60.39,cash:268.59
KOS-2026-005042,2026-06-05,08:38,normal_sale,active,Walk-in,Lux Soap 100g,1,piece,40.33,40.33,10.33,18,0,268.59,268.59,0,60.39,cash:268.59
KOS-2026-005041,2026-06-05,08:14,normal_sale,active,Walk-in,Thums Up 750ml,1,piece,41.23,41.23,9.23,28,0,41.23,41.23,0,9.23,upi:41.23
KOS-2026-005040,2026-06-05,08:13,normal_sale,active,Walk-in,Colgate Strong Teeth 200g,3,piece,113.64,340.92,64.92,18,25,468.36,468,0,76,cash:468
KOS-2026-005040,2026-06-05,08:13,normal_sale,active,Walk-in,Onion,1,kg,36.44,36.44,12.44,0,25,468.36,468,0,76,cash:468
KOS-2026-005040,2026-06-05,08:13,normal_sale,active,Walk-in,Amul Masti Dahi 400g,2,piece,40,80,16,5,25,468.36,468,0,76,cash:468
KOS-2026-005040,2026-06-05,08:13,normal_sale,active,Walk-in,AA Battery (2 pc),1,piece,36,36,8,18,25,468.36,468,0,76,cash:468
KOS-2026-005039,2026-06-04,21:53,normal_sale,active,Walk-in,Catch Red Chilli Powder 100g,3,piece,63.05,189.15,45.15,5,25,469.96,469,0,89.5,cash:469
KOS-2026-005039,2026-06-04,21:53,normal_sale,active,Walk-in,Wheat Atta (loose),2,kg,42,84,20,0,25,469.96,469,0,89.5,cash:469
KOS-2026-005039,2026-06-04,21:53,normal_sale,active,Walk-in,Bisleri Water 1L,3,piece,20,60,21,18,25,469.96,469,0,89.5,cash:469
KOS-2026-005039,2026-06-04,21:53,normal_sale,active,Walk-in,Frooti 200ml,1,piece,10.49,10.49,1.99,12,25,469.96,469,0,89.5,cash:469
KOS-2026-005039,2026-06-04,21:53,normal_sale,active,Walk-in,Amul Gold Milk 500ml,1,piece,34.79,34.79,4.79,0,25,469.96,469,0,89.5,cash:469
KOS-2026-005039,2026-06-04,21:53,normal_sale,active,Walk-in,MDH Garam Masala 100g,1,piece,95.44,95.44,17.44,5,25,469.96,469,0,89.5,cash:469
KOS-2026-005039,2026-06-04,21:53,normal_sale,active,Walk-in,Vim Dishwash Bar 200g,1,piece,21.09,21.09,5.09,18,25,469.96,469,0,89.5,cash:469
KOS-2026-005038,2026-06-04,21:48,normal_sale,active,Walk-in,Dettol Antiseptic 250ml,1,piece,160.07,160.07,28.07,18,0,1236.11,1236.11,0,278.61,cash:1236.11
KOS-2026-005038,2026-06-04,21:48,normal_sale,active,Walk-in,KitKat 4-finger,1,piece,21.23,21.23,4.23,18,0,1236.11,1236.11,0,278.61,cash:1236.11
KOS-2026-005038,2026-06-04,21:48,normal_sale,active,Walk-in,Kurkure Masala Munch 70g,1,piece,20,20,3.5,12,0,1236.11,1236.11,0,278.61,cash:1236.11
KOS-2026-005038,2026-06-04,21:48,normal_sale,active,Walk-in,MDH Garam Masala 100g,4,piece,95.44,381.76,69.76,5,0,1236.11,1236.11,0,278.61,cash:1236.11
KOS-2026-005038,2026-06-04,21:48,normal_sale,active,Walk-in,Moong Dal (loose),5,kg,130.61,653.05,173.05,0,0,1236.11,1236.11,0,278.61,cash:1236.11
KOS-2026-005037,2026-06-04,21:45,normal_sale,active,Walk-in,Sugar (loose),0.5,kg,49.91,24.96,4.46,5,0,123.82,123,0,25.25,cash:123
KOS-2026-005037,2026-06-04,21:45,normal_sale,active,Walk-in,KitKat 4-finger,3,piece,21.23,63.69,12.69,18,0,123.82,123,0,25.25,cash:123
KOS-2026-005037,2026-06-04,21:45,normal_sale,active,Walk-in,Urad Dal (loose),0.25,kg,140.67,35.17,8.92,0,0,123.82,123,0,25.25,cash:123
KOS-2026-005036,2026-06-04,21:34,normal_sale,active,Imran Jadhav,Nirma Washing Powder 1kg,3,piece,75.46,226.38,52.38,18,29.81,414.79,414.79,0,70.79,cash:414.79
KOS-2026-005036,2026-06-04,21:34,normal_sale,active,Imran Jadhav,Amul Taaza Milk 500ml,2,piece,28,56,6,0,29.81,414.79,414.79,0,70.79,cash:414.79
KOS-2026-005036,2026-06-04,21:34,normal_sale,active,Imran Jadhav,KitKat 4-finger,1,piece,21.23,21.23,4.23,18,29.81,414.79,414.79,0,70.79,cash:414.79
KOS-2026-005036,2026-06-04,21:34,normal_sale,active,Imran Jadhav,Bisleri Water 1L,1,piece,20,20,7,18,29.81,414.79,414.79,0,70.79,cash:414.79
KOS-2026-005036,2026-06-04,21:34,normal_sale,active,Imran Jadhav,Lux Soap 100g,3,piece,40.33,120.99,30.99,18,29.81,414.79,414.79,0,70.79,cash:414.79
KOS-2026-005035,2026-06-04,21:14,normal_sale,active,Suresh Rane,Haldiram Bhujia 200g,1,piece,57.46,57.46,12.46,12,0,57.46,57.46,0,12.46,upi:57.46
KOS-2026-005034,2026-06-04,20:25,normal_sale,active,Smita Deshmukh,Basmati Rice Premium (loose),0.5,kg,126.71,63.36,17.36,0,0,449.47,449.47,0,101.47,upi:449.47
KOS-2026-005034,2026-06-04,20:25,normal_sale,active,Smita Deshmukh,Odonil Air Freshener 50g,1,piece,82.19,82.19,20.19,18,0,449.47,449.47,0,101.47,upi:449.47
KOS-2026-005034,2026-06-04,20:25,normal_sale,active,Smita Deshmukh,Lifebuoy Soap 125g,3,piece,35.94,107.82,23.82,18,0,449.47,449.47,0,101.47,upi:449.47
KOS-2026-005034,2026-06-04,20:25,normal_sale,active,Smita Deshmukh,Colgate Strong Teeth 200g,1,piece,113.64,113.64,21.64,18,0,449.47,449.47,0,101.47,upi:449.47
KOS-2026-005034,2026-06-04,20:25,normal_sale,active,Smita Deshmukh,Thums Up 750ml,2,piece,41.23,82.46,18.46,28,0,449.47,449.47,0,101.47,upi:449.47
KOS-2026-005033,2026-06-04,19:54,normal_sale,active,Walk-in,Aashirvaad Atta 5kg,1,piece,303.09,303.09,58.09,5,0,637.86,637,0,127.15,cash:637
KOS-2026-005033,2026-06-04,19:54,normal_sale,active,Walk-in,Tata Salt 1kg,1,piece,33.4,33.4,9.4,0,0,637.86,637,0,127.15,cash:637
KOS-2026-005033,2026-06-04,19:54,normal_sale,active,Walk-in,Chana Dal (loose),1,kg,95.24,95.24,21.24,0,0,637.86,637,0,127.15,cash:637
KOS-2026-005033,2026-06-04,19:54,normal_sale,active,Walk-in,Ariel Detergent 1kg,1,piece,163.43,163.43,31.43,18,0,637.86,637,0,127.15,cash:637
KOS-2026-005033,2026-06-04,19:54,normal_sale,active,Walk-in,Sunfeast Dark Fantasy 75g,1,piece,41.68,41.68,7.68,18,0,637.86,637,0,127.15,cash:637
KOS-2026-005033,2026-06-04,19:54,normal_sale,active,Walk-in,Center Fresh Gum (jar pc),1,piece,1.02,1.02,0.17,18,0,637.86,637,0,127.15,cash:637
KOS-2026-005032,2026-06-04,19:24,normal_sale,active,Hotel Green Leaf,Vim Dishwash Bar 200g,1,piece,21.09,21.09,5.09,18,24.49,25.7,25.7,0,-13.3,upi:25.7
KOS-2026-005032,2026-06-04,19:24,normal_sale,active,Hotel Green Leaf,Maggi Noodles 70g,2,piece,14.55,29.1,6.1,12,24.49,25.7,25.7,0,-13.3,upi:25.7
KOS-2026-005031,2026-06-04,19:22,normal_sale,active,Walk-in,Kurkure Masala Munch 70g,2,piece,20,40,7,12,0,129.58,129.58,0,23.58,upi:129.58
KOS-2026-005031,2026-06-04,19:22,normal_sale,active,Walk-in,Amul Gold Milk 500ml,2,piece,34.79,69.58,9.58,0,0,129.58,129.58,0,23.58,upi:129.58
KOS-2026-005031,2026-06-04,19:22,normal_sale,active,Walk-in,Bisleri Water 1L,1,piece,20,20,7,18,0,129.58,129.58,0,23.58,upi:129.58
KOS-2026-005030,2026-06-04,19:19,normal_sale,active,Nasreen Kulkarni,Fortune Sunflower Oil 1L,1,piece,168.48,168.48,30.48,5,0,354.98,0,354.98,64.48,
KOS-2026-005030,2026-06-04,19:19,normal_sale,active,Nasreen Kulkarni,Sona Masoori Rice (loose),0.5,kg,58,29,6,0,0,354.98,0,354.98,64.48,
KOS-2026-005030,2026-06-04,19:19,normal_sale,active,Nasreen Kulkarni,Bingo Mad Angles 66g,2,piece,21.01,42.02,9.02,12,0,354.98,0,354.98,64.48,
KOS-2026-005030,2026-06-04,19:19,normal_sale,active,Nasreen Kulkarni,Sunfeast Dark Fantasy 75g,1,piece,41.68,41.68,7.68,18,0,354.98,0,354.98,64.48,
KOS-2026-005030,2026-06-04,19:19,normal_sale,active,Nasreen Kulkarni,Amul Butter 100g,1,piece,63.31,63.31,9.31,12,0,354.98,0,354.98,64.48,
KOS-2026-005030,2026-06-04,19:19,normal_sale,active,Nasreen Kulkarni,Frooti 200ml,1,piece,10.49,10.49,1.99,12,0,354.98,0,354.98,64.48,
KOS-2026-005029,2026-06-04,18:40,normal_sale,active,Walk-in,Lays Classic Salted 52g,2,piece,22.47,44.94,11.94,12,0,44.94,44.94,0,11.94,upi:44.94
KOS-2026-005028,2026-06-04,17:53,normal_sale,active,Walk-in,Agarbatti Pack (20 sticks),2,piece,31.3,62.6,14.6,12,0,62.6,62.6,0,14.6,upi:62.6
KOS-2026-005027,2026-06-04,17:48,normal_sale,active,Meena Rane,Frooti 200ml,2,piece,10.49,20.98,3.98,12,0,52.71,0,52.71,10.71,
KOS-2026-005027,2026-06-04,17:48,normal_sale,active,Meena Rane,Britannia Good Day 100g,1,piece,31.73,31.73,6.73,18,0,52.71,0,52.71,10.71,
KOS-2026-005026,2026-06-04,15:48,normal_sale,active,Walk-in,Garlic,0.5,kg,156.74,78.37,22.37,0,0,749.61,749.61,0,148.61,upi:749.61
KOS-2026-005026,2026-06-04,15:48,normal_sale,active,Walk-in,Amul Butter 100g,2,piece,63.31,126.62,18.62,12,0,749.61,749.61,0,148.61,upi:749.61
KOS-2026-005026,2026-06-04,15:48,normal_sale,active,Walk-in,Saffola Gold Oil 1L,2,piece,203.57,407.14,77.14,5,0,749.61,749.61,0,148.61,upi:749.61
KOS-2026-005026,2026-06-04,15:48,normal_sale,active,Walk-in,Basmati Rice Premium (loose),0.25,kg,126.71,31.68,8.68,0,0,749.61,749.61,0,148.61,upi:749.61
KOS-2026-005026,2026-06-04,15:48,normal_sale,active,Walk-in,Britannia Brown Bread,2,piece,52.9,105.8,21.8,0,0,749.61,749.61,0,148.61,upi:749.61
EST-2026-000053,2026-06-04,15:46,estimate,active,Ashwini Pawar,Red Label Tea 250g,4,piece,157.13,628.52,116.52,5,25,1131.72,1131.72,0,199.22,upi:1131.72
EST-2026-000053,2026-06-04,15:46,estimate,active,Ashwini Pawar,Coca-Cola 750ml,3,piece,42.7,128.1,32.1,28,25,1131.72,1131.72,0,199.22,upi:1131.72
EST-2026-000053,2026-06-04,15:46,estimate,active,Ashwini Pawar,Lays Classic Salted 52g,1,piece,22.47,22.47,5.97,12,25,1131.72,1131.72,0,199.22,upi:1131.72
EST-2026-000053,2026-06-04,15:46,estimate,active,Ashwini Pawar,Candle Pack (6 pc),2,piece,42,84,20,12,25,1131.72,1131.72,0,199.22,upi:1131.72
EST-2026-000053,2026-06-04,15:46,estimate,active,Ashwini Pawar,Dhara Mustard Oil 1L,1,piece,181.11,181.11,29.11,5,25,1131.72,1131.72,0,199.22,upi:1131.72
EST-2026-000053,2026-06-04,15:46,estimate,active,Ashwini Pawar,Maggi Noodles 8-pack,1,piece,112.52,112.52,20.52,12,25,1131.72,1131.72,0,199.22,upi:1131.72
KOS-2026-005025,2026-06-04,13:45,normal_sale,active,Priya Dsouza,Odonil Air Freshener 50g,1,piece,82.19,82.19,20.19,18,0,231.32,231.32,0,48.12,cash:231.32
KOS-2026-005025,2026-06-04,13:45,normal_sale,active,Priya Dsouza,Surf Excel Easy Wash 1kg,1,piece,143.99,143.99,25.99,18,0,231.32,231.32,0,48.12,cash:231.32
KOS-2026-005025,2026-06-04,13:45,normal_sale,active,Priya Dsouza,Lemon,1,piece,5.14,5.14,1.94,0,0,231.32,231.32,0,48.12,cash:231.32
KOS-2026-005024,2026-06-04,12:55,normal_sale,active,Dattatray Shinde,Coca-Cola 750ml,1,piece,42.7,42.7,10.7,28,0,719.05,221,498.05,143.5,upi:221
KOS-2026-005024,2026-06-04,12:55,normal_sale,active,Dattatray Shinde,Parle-G Biscuit 100g,2,piece,10.55,21.1,4.5,18,0,719.05,221,498.05,143.5,upi:221
KOS-2026-005024,2026-06-04,12:55,normal_sale,active,Dattatray Shinde,Harpic Toilet Cleaner 500ml,1,piece,105,105,17,18,0,719.05,221,498.05,143.5,upi:221
KOS-2026-005024,2026-06-04,12:55,normal_sale,active,Dattatray Shinde,Onion,1,kg,36.44,36.44,12.44,0,0,719.05,221,498.05,143.5,upi:221
KOS-2026-005024,2026-06-04,12:55,normal_sale,active,Dattatray Shinde,Frooti 200ml,1,piece,10.49,10.49,1.99,12,0,719.05,221,498.05,143.5,upi:221
KOS-2026-005024,2026-06-04,12:55,normal_sale,active,Dattatray Shinde,Sugar (loose),0.25,kg,49.91,12.48,2.23,5,0,719.05,221,498.05,143.5,upi:221
KOS-2026-005024,2026-06-04,12:55,normal_sale,active,Dattatray Shinde,Farm Eggs,1,piece,8,8,1.8,0,0,719.05,221,498.05,143.5,upi:221
KOS-2026-005024,2026-06-04,12:55,normal_sale,active,Dattatray Shinde,Maggi Noodles 8-pack,1,piece,112.52,112.52,20.52,12,0,719.05,221,498.05,143.5,upi:221
KOS-2026-005024,2026-06-04,12:55,normal_sale,active,Dattatray Shinde,MDH Garam Masala 100g,3,piece,95.44,286.32,52.32,5,0,719.05,221,498.05,143.5,upi:221
KOS-2026-005024,2026-06-04,12:55,normal_sale,active,Dattatray Shinde,Wheat Atta (loose),2,kg,42,84,20,0,0,719.05,221,498.05,143.5,upi:221
KOS-2026-005023,2026-06-04,12:52,normal_sale,active,Walk-in,Britannia Brown Bread,3,piece,52.9,158.7,32.7,0,0,158.7,158.7,0,32.7,upi:158.7
KOS-2026-005022,2026-06-04,12:41,normal_sale,active,Walk-in,Fortune Sunflower Oil 1L,2,piece,168.48,336.96,60.96,5,25,1723.37,1723.37,0,312.87,upi:1723.37
KOS-2026-005022,2026-06-04,12:41,normal_sale,active,Walk-in,Farm Eggs,1,piece,8,8,1.8,0,25,1723.37,1723.37,0,312.87,upi:1723.37
KOS-2026-005022,2026-06-04,12:41,normal_sale,active,Walk-in,Kurkure Masala Munch 70g,1,piece,20,20,3.5,12,25,1723.37,1723.37,0,312.87,upi:1723.37
KOS-2026-005022,2026-06-04,12:41,normal_sale,active,Walk-in,Good Knight Refill 45ml,1,piece,91.97,91.97,19.97,18,25,1723.37,1723.37,0,312.87,upi:1723.37
KOS-2026-005022,2026-06-04,12:41,normal_sale,active,Walk-in,Aashirvaad Atta 5kg,1,piece,303.09,303.09,58.09,5,25,1723.37,1723.37,0,312.87,upi:1723.37
KOS-2026-005022,2026-06-04,12:41,normal_sale,active,Walk-in,Tata Tea Gold 500g,2,piece,323.95,647.9,117.9,5,25,1723.37,1723.37,0,312.87,upi:1723.37
KOS-2026-005022,2026-06-04,12:41,normal_sale,active,Walk-in,Horlicks 500g,1,piece,314.21,314.21,69.21,18,25,1723.37,1723.37,0,312.87,upi:1723.37
KOS-2026-005022,2026-06-04,12:41,normal_sale,active,Walk-in,Parle-G Biscuit 100g,2,piece,10.55,21.1,4.5,18,25,1723.37,1723.37,0,312.87,upi:1723.37
KOS-2026-005022,2026-06-04,12:41,normal_sale,active,Walk-in,Lemon,1,piece,5.14,5.14,1.94,0,25,1723.37,1723.37,0,312.87,upi:1723.37
KOS-2026-005021,2026-06-04,12:38,normal_sale,active,Walk-in,Besan (loose),0.25,kg,105.06,26.27,6.77,5,0,305.64,305.64,0,55.29,upi:305.64
KOS-2026-005021,2026-06-04,12:38,normal_sale,active,Walk-in,Odonil Air Freshener 50g,1,piece,82.19,82.19,20.19,18,0,305.64,305.64,0,55.29,upi:305.64
KOS-2026-005021,2026-06-04,12:38,normal_sale,active,Walk-in,Sona Masoori Rice (loose),0.5,kg,58,29,6,0,0,305.64,305.64,0,55.29,upi:305.64
KOS-2026-005021,2026-06-04,12:38,normal_sale,active,Walk-in,Amul Taaza Milk 500ml,1,piece,28,28,3,0,0,305.64,305.64,0,55.29,upi:305.64
KOS-2026-005021,2026-06-04,12:38,normal_sale,active,Walk-in,Center Fresh Gum (jar pc),1,piece,1.02,1.02,0.17,18,0,305.64,305.64,0,55.29,upi:305.64
KOS-2026-005021,2026-06-04,12:38,normal_sale,active,Walk-in,Amul Gold Milk 500ml,4,piece,34.79,139.16,19.16,0,0,305.64,305.64,0,55.29,upi:305.64
KOS-2026-005020,2026-06-04,12:26,normal_sale,active,Walk-in,Wheat Atta (loose),0.25,kg,42,10.5,2.5,0,0,10.5,10,0,2,cash:10
KOS-2026-005019,2026-06-04,12:26,normal_sale,active,Walk-in,Tata Salt 1kg,2,piece,33.4,66.8,18.8,0,0,265.41,265.41,0,56.41,upi:265.41
KOS-2026-005019,2026-06-04,12:26,normal_sale,active,Walk-in,Red Label Tea 250g,1,piece,157.13,157.13,29.13,5,0,265.41,265.41,0,56.41,upi:265.41
KOS-2026-005019,2026-06-04,12:26,normal_sale,active,Walk-in,Britannia Marie Gold 250g,1,piece,41.48,41.48,8.48,18,0,265.41,265.41,0,56.41,upi:265.41
KOS-2026-005018,2026-06-04,12:24,normal_sale,active,Walk-in,Onion,0.5,kg,36.44,18.22,6.22,0,0,215.35,215.35,0,41.35,upi:215.35
KOS-2026-005018,2026-06-04,12:24,normal_sale,active,Walk-in,Dairy Milk 50g,1,piece,40,40,6,18,0,215.35,215.35,0,41.35,upi:215.35
KOS-2026-005018,2026-06-04,12:24,normal_sale,active,Walk-in,Red Label Tea 250g,1,piece,157.13,157.13,29.13,5,0,215.35,215.35,0,41.35,upi:215.35
KOS-2026-005017,2026-06-04,12:18,normal_sale,active,Rekha Rane,Potato,0.5,kg,26,13,4,0,25,489.04,489.04,0,78.04,cash:489.04
KOS-2026-005017,2026-06-04,12:18,normal_sale,active,Rekha Rane,Agarbatti Pack (20 sticks),3,piece,31.3,93.9,21.9,12,25,489.04,489.04,0,78.04,cash:489.04
KOS-2026-005017,2026-06-04,12:18,normal_sale,active,Rekha Rane,Saffola Gold Oil 1L,2,piece,203.57,407.14,77.14,5,25,489.04,489.04,0,78.04,cash:489.04
KOS-2026-005016,2026-06-04,12:00,normal_sale,active,Manisha Deshmukh,Britannia Marie Gold 250g,2,piece,41.48,82.96,16.96,18,0,82.96,82.96,0,16.96,bank:82.96
KOS-2026-005015,2026-06-04,11:51,normal_sale,active,Walk-in,Maggi Noodles 70g,1,piece,14.55,14.55,3.05,12,0,373.81,373,0,81.5,cash:373
KOS-2026-005015,2026-06-04,11:51,normal_sale,active,Walk-in,Nescafe Classic 50g,1,piece,206.38,206.38,38.38,18,0,373.81,373,0,81.5,cash:373
KOS-2026-005015,2026-06-04,11:51,normal_sale,active,Walk-in,Amul Masti Dahi 400g,2,piece,40,80,16,5,0,373.81,373,0,81.5,cash:373
KOS-2026-005015,2026-06-04,11:51,normal_sale,active,Walk-in,Onion,2,kg,36.44,72.88,24.88,0,0,373.81,373,0,81.5,cash:373
RET-2026-000013,2026-06-04,11:50,sales_return,active,Imran Jadhav,Bisleri Water 1L,-1,piece,20,-20,-7,18,0,-20,0,-20,-7,
KOS-2026-005014,2026-06-04,11:43,normal_sale,active,Rekha Rane,Ginger,0.5,kg,116.02,58.01,19.01,0,0,295.75,295.75,0,71,upi:295.75
KOS-2026-005014,2026-06-04,11:43,normal_sale,active,Rekha Rane,Amul Masti Dahi 400g,3,piece,40,120,24,5,0,295.75,295.75,0,71,upi:295.75
KOS-2026-005014,2026-06-04,11:43,normal_sale,active,Rekha Rane,Sugar (loose),0.25,kg,49.91,12.48,2.23,5,0,295.75,295.75,0,71,upi:295.75
KOS-2026-005014,2026-06-04,11:43,normal_sale,active,Rekha Rane,Tomato,0.25,kg,41.9,10.48,3.98,0,0,295.75,295.75,0,71,upi:295.75
KOS-2026-005014,2026-06-04,11:43,normal_sale,active,Rekha Rane,Britannia Good Day 100g,1,piece,31.73,31.73,6.73,18,0,295.75,295.75,0,71,upi:295.75
KOS-2026-005014,2026-06-04,11:43,normal_sale,active,Rekha Rane,Catch Red Chilli Powder 100g,1,piece,63.05,63.05,15.05,5,0,295.75,295.75,0,71,upi:295.75
KOS-2026-005013,2026-06-04,11:27,normal_sale,active,Walk-in,Mother Dairy Paneer 200g,1,piece,105,105,17,5,0,483.79,483.79,0,93.29,upi:483.79
KOS-2026-005013,2026-06-04,11:27,normal_sale,active,Walk-in,Close Up Red 150g,3,piece,95.79,287.37,53.37,18,0,483.79,483.79,0,93.29,upi:483.79
KOS-2026-005013,2026-06-04,11:27,normal_sale,active,Walk-in,Urad Dal (loose),0.5,kg,140.67,70.33,17.83,0,0,483.79,483.79,0,93.29,upi:483.79
KOS-2026-005013,2026-06-04,11:27,normal_sale,active,Walk-in,Vim Dishwash Bar 200g,1,piece,21.09,21.09,5.09,18,0,483.79,483.79,0,93.29,upi:483.79
KOS-2026-005012,2026-06-04,10:59,normal_sale,active,Walk-in,MDH Garam Masala 100g,3,piece,95.44,286.32,52.32,5,0,1449.36,1449.36,0,253.86,cash:1449.36
KOS-2026-005012,2026-06-04,10:59,normal_sale,active,Walk-in,Wheat Atta (loose),0.25,kg,42,10.5,2.5,0,0,1449.36,1449.36,0,253.86,cash:1449.36
KOS-2026-005012,2026-06-04,10:59,normal_sale,active,Walk-in,Amul Ghee 500ml,2,piece,369.67,739.34,109.34,12,0,1449.36,1449.36,0,253.86,cash:1449.36
KOS-2026-005012,2026-06-04,10:59,normal_sale,active,Walk-in,Nescafe Classic 50g,1,piece,206.38,206.38,38.38,18,0,1449.36,1449.36,0,253.86,cash:1449.36
KOS-2026-005012,2026-06-04,10:59,normal_sale,active,Walk-in,Parachute Coconut Oil 200ml,1,piece,104.47,104.47,22.47,18,0,1449.36,1449.36,0,253.86,cash:1449.36
KOS-2026-005012,2026-06-04,10:59,normal_sale,active,Walk-in,Tomato,0.25,kg,41.9,10.48,3.98,0,0,1449.36,1449.36,0,253.86,cash:1449.36
KOS-2026-005012,2026-06-04,10:59,normal_sale,active,Walk-in,Potato,0.5,kg,26,13,4,0,0,1449.36,1449.36,0,253.86,cash:1449.36
KOS-2026-005012,2026-06-04,10:59,normal_sale,active,Walk-in,Lifebuoy Soap 125g,1,piece,35.94,35.94,7.94,18,0,1449.36,1449.36,0,253.86,cash:1449.36
KOS-2026-005012,2026-06-04,10:59,normal_sale,active,Walk-in,Vim Dishwash Bar 200g,1,piece,21.09,21.09,5.09,18,0,1449.36,1449.36,0,253.86,cash:1449.36
KOS-2026-005012,2026-06-04,10:59,normal_sale,active,Walk-in,Reynolds Pen,2,piece,10.92,21.84,7.84,12,0,1449.36,1449.36,0,253.86,cash:1449.36
KOS-2026-005011,2026-06-04,10:37,normal_sale,active,Walk-in,Agarbatti Pack (20 sticks),2,piece,31.3,62.6,14.6,12,0,202.6,202,0,36,cash:202
KOS-2026-005011,2026-06-04,10:37,normal_sale,active,Walk-in,Clinic Plus Shampoo 175ml,1,piece,140,140,22,18,0,202.6,202,0,36,cash:202
KOS-2026-005010,2026-06-04,10:20,normal_sale,active,Walk-in,Vim Liquid 500ml,4,piece,122.49,489.96,97.96,18,27.85,502.11,502.11,0,77.11,cash:502.11
KOS-2026-005010,2026-06-04,10:20,normal_sale,active,Walk-in,Kurkure Masala Munch 70g,2,piece,20,40,7,12,27.85,502.11,502.11,0,77.11,cash:502.11
KOS-2026-005009,2026-06-04,09:57,normal_sale,active,Walk-in,Red Label Tea 250g,1,piece,157.13,157.13,29.13,5,0,193.41,193.41,0,38.41,upi:193.41
KOS-2026-005009,2026-06-04,09:57,normal_sale,active,Walk-in,Rajma (loose),0.25,kg,145.1,36.28,9.28,0,0,193.41,193.41,0,38.41,upi:193.41
KOS-2026-005008,2026-06-04,09:52,normal_sale,active,Vaishali Salunkhe,Lux Soap 100g,1,piece,40.33,40.33,10.33,18,0,40.33,40.33,0,10.33,cash:40.33
KOS-2026-005007,2026-06-04,09:46,normal_sale,active,Walk-in,Frooti 200ml,2,piece,10.49,20.98,3.98,12,0,217.64,217.64,0,57.34,cash:217.64
KOS-2026-005007,2026-06-04,09:46,normal_sale,active,Walk-in,Ginger,0.5,kg,116.02,58.01,19.01,0,0,217.64,217.64,0,57.34,cash:217.64
KOS-2026-005007,2026-06-04,09:46,normal_sale,active,Walk-in,Coca-Cola 750ml,3,piece,42.7,128.1,32.1,28,0,217.64,217.64,0,57.34,cash:217.64
KOS-2026-005007,2026-06-04,09:46,normal_sale,active,Walk-in,Parle-G Biscuit 100g,1,piece,10.55,10.55,2.25,18,0,217.64,217.64,0,57.34,cash:217.64
KOS-2026-005006,2026-06-04,09:38,normal_sale,active,Walk-in,Mother Dairy Paneer 200g,2,piece,105,210,34,5,0,404.7,404.7,0,77.7,upi:404.7
KOS-2026-005006,2026-06-04,09:38,normal_sale,active,Walk-in,Odonil Air Freshener 50g,1,piece,82.19,82.19,20.19,18,0,404.7,404.7,0,77.7,upi:404.7
KOS-2026-005006,2026-06-04,09:38,normal_sale,active,Walk-in,Agarbatti Pack (20 sticks),2,piece,31.3,62.6,14.6,12,0,404.7,404.7,0,77.7,upi:404.7
KOS-2026-005006,2026-06-04,09:38,normal_sale,active,Walk-in,Sugar (loose),1,kg,49.91,49.91,8.91,5,0,404.7,404.7,0,77.7,upi:404.7
KOS-2026-005005,2026-06-04,08:40,normal_sale,active,Rekha Bhosale,Vim Dishwash Bar 200g,1,piece,21.09,21.09,5.09,18,0,220.76,220.76,0,55.36,upi:220.76
KOS-2026-005005,2026-06-04,08:40,normal_sale,active,Rekha Bhosale,Farm Eggs,1,piece,8,8,1.8,0,0,220.76,220.76,0,55.36,upi:220.76
KOS-2026-005005,2026-06-04,08:40,normal_sale,active,Rekha Bhosale,Rava / Sooji (loose),0.5,kg,48.98,24.49,6.49,5,0,220.76,220.76,0,55.36,upi:220.76
KOS-2026-005005,2026-06-04,08:40,normal_sale,active,Rekha Bhosale,Tata Salt 1kg,2,piece,33.4,66.8,18.8,0,0,220.76,220.76,0,55.36,upi:220.76
KOS-2026-005005,2026-06-04,08:40,normal_sale,active,Rekha Bhosale,Lemon,1,piece,5.14,5.14,1.94,0,0,220.76,220.76,0,55.36,upi:220.76
KOS-2026-005005,2026-06-04,08:40,normal_sale,active,Rekha Bhosale,Chana Dal (loose),1,kg,95.24,95.24,21.24,0,0,220.76,220.76,0,55.36,upi:220.76
KOS-2026-005004,2026-06-03,21:29,normal_sale,active,Gurpreet Bhosale,Amul Cheese Slices 200g,2,piece,140,280,36,12,0,1208.63,1208.63,0,254.98,cash:1208.63
KOS-2026-005004,2026-06-03,21:29,normal_sale,active,Gurpreet Bhosale,Lux Soap 100g,1,piece,40.33,40.33,10.33,18,0,1208.63,1208.63,0,254.98,cash:1208.63
KOS-2026-005004,2026-06-03,21:29,normal_sale,active,Gurpreet Bhosale,Lays Classic Salted 52g,1,piece,22.47,22.47,5.97,12,0,1208.63,1208.63,0,254.98,cash:1208.63
KOS-2026-005004,2026-06-03,21:29,normal_sale,active,Gurpreet Bhosale,Ginger,0.5,kg,116.02,58.01,19.01,0,0,1208.63,1208.63,0,254.98,cash:1208.63
KOS-2026-005004,2026-06-03,21:29,normal_sale,active,Gurpreet Bhosale,Horlicks 500g,2,piece,314.21,628.42,138.42,18,0,1208.63,1208.63,0,254.98,cash:1208.63
KOS-2026-005004,2026-06-03,21:29,normal_sale,active,Gurpreet Bhosale,Maggi Noodles 70g,3,piece,14.55,43.65,9.15,12,0,1208.63,1208.63,0,254.98,cash:1208.63
KOS-2026-005004,2026-06-03,21:29,normal_sale,active,Gurpreet Bhosale,Moong Dal (loose),1,kg,130.61,130.61,34.61,0,0,1208.63,1208.63,0,254.98,cash:1208.63
KOS-2026-005004,2026-06-03,21:29,normal_sale,active,Gurpreet Bhosale,Match Box,1,piece,2.08,2.08,0.98,18,0,1208.63,1208.63,0,254.98,cash:1208.63
KOS-2026-005004,2026-06-03,21:29,normal_sale,active,Gurpreet Bhosale,Center Fresh Gum (jar pc),3,piece,1.02,3.06,0.51,18,0,1208.63,1208.63,0,254.98,cash:1208.63
KOS-2026-005003,2026-06-03,21:19,normal_sale,active,Walk-in,Amul Gold Milk 500ml,2,piece,34.79,69.58,9.58,0,0,69.58,69.58,0,9.58,upi:69.58
KOS-2026-005002,2026-06-03,20:47,normal_sale,active,Walk-in,Lays Classic Salted 52g,1,piece,22.47,22.47,5.97,12,0,310.29,310.29,0,70.94,upi:310.29
KOS-2026-005002,2026-06-03,20:47,normal_sale,active,Walk-in,Britannia Brown Bread,3,piece,52.9,158.7,32.7,0,0,310.29,310.29,0,70.94,upi:310.29
KOS-2026-005002,2026-06-03,20:47,normal_sale,active,Walk-in,Coca-Cola 750ml,3,piece,42.7,128.1,32.1,28,0,310.29,310.29,0,70.94,upi:310.29
KOS-2026-005002,2026-06-03,20:47,normal_sale,active,Walk-in,Center Fresh Gum (jar pc),1,piece,1.02,1.02,0.17,18,0,310.29,310.29,0,70.94,upi:310.29
KOS-2026-005001,2026-06-03,19:50,normal_sale,active,Maria Khan,Good Knight Refill 45ml,1,piece,91.97,91.97,19.97,18,0,151.25,151.25,0,31.25,upi:151.25
KOS-2026-005001,2026-06-03,19:50,normal_sale,active,Maria Khan,Rava / Sooji (loose),0.5,kg,48.98,24.49,6.49,5,0,151.25,151.25,0,31.25,upi:151.25
KOS-2026-005001,2026-06-03,19:50,normal_sale,active,Maria Khan,Amul Gold Milk 500ml,1,piece,34.79,34.79,4.79,0,0,151.25,151.25,0,31.25,upi:151.25
KOS-2026-005000,2026-06-03,19:45,normal_sale,active,Walk-in,Amul Masti Dahi 400g,2,piece,40,80,16,5,0,1719.3,1719.3,0,330.9,upi:1719.3
KOS-2026-005000,2026-06-03,19:45,normal_sale,active,Walk-in,Lemon,2,piece,5.14,10.28,3.88,0,0,1719.3,1719.3,0,330.9,upi:1719.3
KOS-2026-005000,2026-06-03,19:45,normal_sale,active,Walk-in,Fortune Sunflower Oil 1L,4,piece,168.48,673.92,121.92,5,0,1719.3,1719.3,0,330.9,upi:1719.3
KOS-2026-005000,2026-06-03,19:45,normal_sale,active,Walk-in,Britannia Marie Gold 250g,1,piece,41.48,41.48,8.48,18,0,1719.3,1719.3,0,330.9,upi:1719.3
KOS-2026-005000,2026-06-03,19:45,normal_sale,active,Walk-in,Tomato,1,kg,41.9,41.9,15.9,0,0,1719.3,1719.3,0,330.9,upi:1719.3
KOS-2026-005000,2026-06-03,19:45,normal_sale,active,Walk-in,Basmati Rice Premium (loose),0.5,kg,126.71,63.36,17.36,0,0,1719.3,1719.3,0,330.9,upi:1719.3
KOS-2026-005000,2026-06-03,19:45,normal_sale,active,Walk-in,Maggi Noodles 70g,1,piece,14.55,14.55,3.05,12,0,1719.3,1719.3,0,330.9,upi:1719.3
KOS-2026-005000,2026-06-03,19:45,normal_sale,active,Walk-in,Amul Taaza Milk 500ml,1,piece,28,28,3,0,0,1719.3,1719.3,0,330.9,upi:1719.3
KOS-2026-005000,2026-06-03,19:45,normal_sale,active,Walk-in,MDH Garam Masala 100g,1,piece,95.44,95.44,17.44,5,0,1719.3,1719.3,0,330.9,upi:1719.3
KOS-2026-005000,2026-06-03,19:45,normal_sale,active,Walk-in,Lays Classic Salted 52g,1,piece,22.47,22.47,5.97,12,0,1719.3,1719.3,0,330.9,upi:1719.3
KOS-2026-005000,2026-06-03,19:45,normal_sale,active,Walk-in,Tata Tea Gold 500g,2,piece,323.95,647.9,117.9,5,0,1719.3,1719.3,0,330.9,upi:1719.3
KOS-2026-004999,2026-06-03,19:43,normal_sale,active,Walk-in,Garlic,1,kg,156.74,156.74,44.74,0,25,793.67,793.67,0,151.67,cash:793.67
KOS-2026-004999,2026-06-03,19:43,normal_sale,active,Walk-in,Moong Dal (loose),0.5,kg,130.61,65.31,17.31,0,25,793.67,793.67,0,151.67,cash:793.67
KOS-2026-004999,2026-06-03,19:43,normal_sale,active,Walk-in,Thums Up 750ml,1,piece,41.23,41.23,9.23,28,25,793.67,793.67,0,151.67,cash:793.67
KOS-2026-004999,2026-06-03,19:43,normal_sale,active,Walk-in,Lifebuoy Soap 125g,1,piece,35.94,35.94,7.94,18,25,793.67,793.67,0,151.67,cash:793.67
KOS-2026-004999,2026-06-03,19:43,normal_sale,active,Walk-in,Fortune Sunflower Oil 1L,1,piece,168.48,168.48,30.48,5,25,793.67,793.67,0,151.67,cash:793.67
KOS-2026-004999,2026-06-03,19:43,normal_sale,active,Walk-in,Harpic Toilet Cleaner 500ml,2,piece,105,210,34,18,25,793.67,793.67,0,151.67,cash:793.67
KOS-2026-004999,2026-06-03,19:43,normal_sale,active,Walk-in,Sona Masoori Rice (loose),0.5,kg,58,29,6,0,25,793.67,793.67,0,151.67,cash:793.67
KOS-2026-004999,2026-06-03,19:43,normal_sale,active,Walk-in,Good Knight Refill 45ml,1,piece,91.97,91.97,19.97,18,25,793.67,793.67,0,151.67,cash:793.67
KOS-2026-004999,2026-06-03,19:43,normal_sale,active,Walk-in,Bisleri Water 1L,1,piece,20,20,7,18,25,793.67,793.67,0,151.67,cash:793.67
KOS-2026-004998,2026-06-03,19:26,normal_sale,active,Walk-in,Coca-Cola 750ml,1,piece,42.7,42.7,10.7,28,25,409.38,409.38,0,92.88,upi:409.38
KOS-2026-004998,2026-06-03,19:26,normal_sale,active,Walk-in,Reynolds Pen,12,piece,10.92,131.04,47.04,12,25,409.38,409.38,0,92.88,upi:409.38
KOS-2026-004998,2026-06-03,19:26,normal_sale,active,Walk-in,Rajma (loose),0.25,kg,145.1,36.28,9.28,0,25,409.38,409.38,0,92.88,upi:409.38
KOS-2026-004998,2026-06-03,19:26,normal_sale,active,Walk-in,Toor Dal (loose),0.25,kg,161.66,40.42,10.92,0,25,409.38,409.38,0,92.88,upi:409.38
KOS-2026-004998,2026-06-03,19:26,normal_sale,active,Walk-in,Good Knight Refill 45ml,2,piece,91.97,183.94,39.94,18,25,409.38,409.38,0,92.88,upi:409.38
KOS-2026-004997,2026-06-03,19:04,normal_sale,active,Walk-in,Mother Dairy Paneer 200g,1,piece,105,105,17,5,0,105,105,0,17,upi:105
KOS-2026-004996,2026-06-03,18:17,normal_sale,active,Walk-in,Frooti 200ml,1,piece,10.49,10.49,1.99,12,0,178.97,178,0,31.5,cash:178
KOS-2026-004996,2026-06-03,18:17,normal_sale,active,Walk-in,Fortune Sunflower Oil 1L,1,piece,168.48,168.48,30.48,5,0,178.97,178,0,31.5,cash:178
KOS-2026-004995,2026-06-03,18:03,normal_sale,active,Walk-in,Close Up Red 150g,3,piece,95.79,287.37,53.37,18,25,396.66,396.66,0,76.16,cash:396.66
KOS-2026-004995,2026-06-03,18:03,normal_sale,active,Walk-in,Tomato,2,kg,41.9,83.8,31.8,0,25,396.66,396.66,0,76.16,cash:396.66
KOS-2026-004995,2026-06-03,18:03,normal_sale,active,Walk-in,Bisleri Water 1L,2,piece,20,40,14,18,25,396.66,396.66,0,76.16,cash:396.66
KOS-2026-004995,2026-06-03,18:03,normal_sale,active,Walk-in,Frooti 200ml,1,piece,10.49,10.49,1.99,12,25,396.66,396.66,0,76.16,cash:396.66
KOS-2026-004994,2026-06-03,17:51,normal_sale,active,Walk-in,Urad Dal (loose),1,kg,140.67,140.67,35.67,0,0,182.67,182.67,0,45.67,cash:182.67
KOS-2026-004994,2026-06-03,17:51,normal_sale,active,Walk-in,Wheat Atta (loose),1,kg,42,42,10,0,0,182.67,182.67,0,45.67,cash:182.67
KOS-2026-004993,2026-06-03,17:44,normal_sale,active,Shalini Joshi,Kissan Tomato Ketchup 500g,1,piece,105,105,17,12,0,105,105,0,17,cash:105
KOS-2026-004992,2026-06-03,17:43,normal_sale,active,Walk-in,Chana Dal (loose),0.5,kg,95.24,47.62,10.62,0,0,47.62,47,0,10,cash:47
KOS-2026-004991,2026-06-03,17:38,normal_sale,active,Walk-in,Lays Classic Salted 52g,2,piece,22.47,44.94,11.94,12,0,315.3,315.3,0,68.3,cash:111|upi:204.3
KOS-2026-004991,2026-06-03,17:38,normal_sale,active,Walk-in,Groundnut / Peanut (loose),0.5,kg,123.75,61.88,17.88,5,0,315.3,315.3,0,68.3,cash:111|upi:204.3
KOS-2026-004991,2026-06-03,17:38,normal_sale,active,Walk-in,Fortune Sunflower Oil 1L,1,piece,168.48,168.48,30.48,5,0,315.3,315.3,0,68.3,cash:111|upi:204.3
KOS-2026-004991,2026-06-03,17:38,normal_sale,active,Walk-in,Amul Masti Dahi 400g,1,piece,40,40,8,5,0,315.3,315.3,0,68.3,cash:111|upi:204.3
KOS-2026-004990,2026-06-03,17:21,normal_sale,active,Walk-in,Coca-Cola 750ml,1,piece,42.7,42.7,10.7,28,0,134.67,134.67,0,30.67,upi:134.67
KOS-2026-004990,2026-06-03,17:21,normal_sale,active,Walk-in,Good Knight Refill 45ml,1,piece,91.97,91.97,19.97,18,0,134.67,134.67,0,30.67,upi:134.67
KOS-2026-004989,2026-06-03,17:03,normal_sale,active,Walk-in,Moong Dal (loose),0.5,kg,130.61,65.31,17.31,0,0,152.54,152.54,0,40.04,upi:152.54
KOS-2026-004989,2026-06-03,17:03,normal_sale,active,Walk-in,Kurkure Masala Munch 70g,2,piece,20,40,7,12,0,152.54,152.54,0,40.04,upi:152.54
KOS-2026-004989,2026-06-03,17:03,normal_sale,active,Walk-in,Onion,0.5,kg,36.44,18.22,6.22,0,0,152.54,152.54,0,40.04,upi:152.54
KOS-2026-004989,2026-06-03,17:03,normal_sale,active,Walk-in,Ginger,0.25,kg,116.02,29.01,9.51,0,0,152.54,152.54,0,40.04,upi:152.54
KOS-2026-004988,2026-06-03,14:22,normal_sale,active,Walk-in,Britannia Brown Bread,2,piece,52.9,105.8,21.8,0,25,495.75,495.75,0,58.25,upi:495.75
KOS-2026-004988,2026-06-03,14:22,normal_sale,active,Walk-in,Amul Gold Milk 500ml,1,piece,34.79,34.79,4.79,0,25,495.75,495.75,0,58.25,upi:495.75
KOS-2026-004988,2026-06-03,14:22,normal_sale,active,Walk-in,Frooti 200ml,1,piece,10.49,10.49,1.99,12,25,495.75,495.75,0,58.25,upi:495.75
KOS-2026-004988,2026-06-03,14:22,normal_sale,active,Walk-in,Amul Ghee 500ml,1,piece,369.67,369.67,54.67,12,25,495.75,495.75,0,58.25,upi:495.75
KOS-2026-004987,2026-06-03,12:52,normal_sale,active,Nitin Bhosale,Onion,0.5,kg,36.44,18.22,6.22,0,0,18.22,18.22,0,6.22,upi:18.22
KOS-2026-004986,2026-06-03,12:40,normal_sale,active,Rekha Rane,Vim Dishwash Bar 200g,1,piece,21.09,21.09,5.09,18,0,102.87,102.87,0,25.37,upi:102.87
KOS-2026-004986,2026-06-03,12:40,normal_sale,active,Rekha Rane,Thums Up 750ml,1,piece,41.23,41.23,9.23,28,0,102.87,102.87,0,25.37,upi:102.87
KOS-2026-004986,2026-06-03,12:40,normal_sale,active,Rekha Rane,Potato,1,kg,26,26,8,0,0,102.87,102.87,0,25.37,upi:102.87
KOS-2026-004986,2026-06-03,12:40,normal_sale,active,Rekha Rane,Maggi Noodles 70g,1,piece,14.55,14.55,3.05,12,0,102.87,102.87,0,25.37,upi:102.87
KOS-2026-004985,2026-06-03,11:24,normal_sale,active,Farida Gupta,Surf Excel Easy Wash 1kg,4,piece,143.99,575.96,103.96,18,0,575.96,575,0,103,cash:575
KOS-2026-004984,2026-06-03,10:26,normal_sale,active,Walk-in,Amul Gold Milk 500ml,2,piece,34.79,69.58,9.58,0,0,122.54,122.54,0,17.04,bank:122.54
KOS-2026-004984,2026-06-03,10:26,normal_sale,active,Walk-in,Sugar (loose),0.5,kg,49.91,24.96,4.46,5,0,122.54,122.54,0,17.04,bank:122.54
KOS-2026-004984,2026-06-03,10:26,normal_sale,active,Walk-in,Amul Taaza Milk 500ml,1,piece,28,28,3,0,0,122.54,122.54,0,17.04,bank:122.54
EST-2026-000052,2026-06-03,10:23,estimate,active,Walk-in,Sunfeast Dark Fantasy 75g,2,piece,41.68,83.36,15.36,18,0,928.36,928.36,0,200.16,upi:928.36
EST-2026-000052,2026-06-03,10:23,estimate,active,Walk-in,Amul Masti Dahi 400g,3,piece,40,120,24,5,0,928.36,928.36,0,200.16,upi:928.36
EST-2026-000052,2026-06-03,10:23,estimate,active,Walk-in,Thums Up 750ml,1,piece,41.23,41.23,9.23,28,0,928.36,928.36,0,200.16,upi:928.36
EST-2026-000052,2026-06-03,10:23,estimate,active,Walk-in,Haldiram Bhujia 200g,1,piece,57.46,57.46,12.46,12,0,928.36,928.36,0,200.16,upi:928.36
EST-2026-000052,2026-06-03,10:23,estimate,active,Walk-in,Farm Eggs,1,piece,8,8,1.8,0,0,928.36,928.36,0,200.16,upi:928.36
EST-2026-000052,2026-06-03,10:23,estimate,active,Walk-in,Lifebuoy Soap 125g,1,piece,35.94,35.94,7.94,18,0,928.36,928.36,0,200.16,upi:928.36
EST-2026-000052,2026-06-03,10:23,estimate,active,Walk-in,Catch Red Chilli Powder 100g,1,piece,63.05,63.05,15.05,5,0,928.36,928.36,0,200.16,upi:928.36
EST-2026-000052,2026-06-03,10:23,estimate,active,Walk-in,Kurkure Masala Munch 70g,3,piece,20,60,10.5,12,0,928.36,928.36,0,200.16,upi:928.36
EST-2026-000052,2026-06-03,10:23,estimate,active,Walk-in,Lemon,1,piece,5.14,5.14,1.94,0,0,928.36,928.36,0,200.16,upi:928.36
EST-2026-000052,2026-06-03,10:23,estimate,active,Walk-in,Chana Dal (loose),2,kg,95.24,190.48,42.48,0,0,928.36,928.36,0,200.16,upi:928.36
EST-2026-000052,2026-06-03,10:23,estimate,active,Walk-in,Sugar (loose),2,kg,49.91,99.82,17.82,5,0,928.36,928.36,0,200.16,upi:928.36
EST-2026-000052,2026-06-03,10:23,estimate,active,Walk-in,Frooti 200ml,2,piece,10.49,20.98,3.98,12,0,928.36,928.36,0,200.16,upi:928.36
EST-2026-000052,2026-06-03,10:23,estimate,active,Walk-in,Poha (loose),1,kg,56,56,14,5,0,928.36,928.36,0,200.16,upi:928.36
EST-2026-000052,2026-06-03,10:23,estimate,active,Walk-in,Lux Soap 100g,2,piece,40.33,80.66,20.66,18,0,928.36,928.36,0,200.16,upi:928.36
EST-2026-000052,2026-06-03,10:23,estimate,active,Walk-in,Match Box,3,piece,2.08,6.24,2.94,18,0,928.36,928.36,0,200.16,upi:928.36
KOS-2026-004983,2026-06-03,10:22,normal_sale,active,Walk-in,MDH Garam Masala 100g,1,piece,95.44,95.44,17.44,5,25,406.26,406.26,0,63.76,upi:406.26
KOS-2026-004983,2026-06-03,10:22,normal_sale,active,Walk-in,Sona Masoori Rice (loose),0.25,kg,58,14.5,3,0,25,406.26,406.26,0,63.76,upi:406.26
KOS-2026-004983,2026-06-03,10:22,normal_sale,active,Walk-in,Reynolds Pen,1,piece,10.92,10.92,3.92,12,25,406.26,406.26,0,63.76,upi:406.26
KOS-2026-004983,2026-06-03,10:22,normal_sale,active,Walk-in,Dettol Antiseptic 250ml,1,piece,160.07,160.07,28.07,18,25,406.26,406.26,0,63.76,upi:406.26
KOS-2026-004983,2026-06-03,10:22,normal_sale,active,Walk-in,Lays Classic Salted 52g,2,piece,22.47,44.94,11.94,12,25,406.26,406.26,0,63.76,upi:406.26
KOS-2026-004983,2026-06-03,10:22,normal_sale,active,Walk-in,Potato,0.5,kg,26,13,4,0,25,406.26,406.26,0,63.76,upi:406.26
KOS-2026-004983,2026-06-03,10:22,normal_sale,active,Walk-in,Amul Masti Dahi 400g,1,piece,40,40,8,5,25,406.26,406.26,0,63.76,upi:406.26
KOS-2026-004983,2026-06-03,10:22,normal_sale,active,Walk-in,Agarbatti Pack (20 sticks),1,piece,31.3,31.3,7.3,12,25,406.26,406.26,0,63.76,upi:406.26
KOS-2026-004983,2026-06-03,10:22,normal_sale,active,Walk-in,Vim Dishwash Bar 200g,1,piece,21.09,21.09,5.09,18,25,406.26,406.26,0,63.76,upi:406.26
KOS-2026-004982,2026-06-03,10:13,normal_sale,active,Walk-in,Amul Taaza Milk 500ml,1,piece,28,28,3,0,0,578.61,578.61,0,128.61,upi:578.61
KOS-2026-004982,2026-06-03,10:13,normal_sale,active,Walk-in,Sugar (loose),1,kg,49.91,49.91,8.91,5,0,578.61,578.61,0,128.61,upi:578.61
KOS-2026-004982,2026-06-03,10:13,normal_sale,active,Walk-in,Colgate Strong Teeth 200g,2,piece,113.64,227.28,43.28,18,0,578.61,578.61,0,128.61,upi:578.61
KOS-2026-004982,2026-06-03,10:13,normal_sale,active,Walk-in,Coca-Cola 750ml,1,piece,42.7,42.7,10.7,28,0,578.61,578.61,0,128.61,upi:578.61
KOS-2026-004982,2026-06-03,10:13,normal_sale,active,Walk-in,Classmate Notebook 172pg,4,piece,57.68,230.72,62.72,12,0,578.61,578.61,0,128.61,upi:578.61
KOS-2026-004981,2026-06-03,10:13,normal_sale,active,Rohit More,Coca-Cola 750ml,1,piece,42.7,42.7,10.7,28,0,98.7,98.7,0,16.7,cash:55|upi:43.7
KOS-2026-004981,2026-06-03,10:13,normal_sale,active,Rohit More,Amul Taaza Milk 500ml,2,piece,28,56,6,0,0,98.7,98.7,0,16.7,cash:55|upi:43.7
KOS-2026-004980,2026-06-03,10:11,normal_sale,active,Priya Patil,Maggi Noodles 70g,1,piece,14.55,14.55,3.05,12,0,527.76,527.76,0,108.76,upi:527.76
KOS-2026-004980,2026-06-03,10:11,normal_sale,active,Priya Patil,Dairy Milk 50g,3,piece,40,120,18,18,0,527.76,527.76,0,108.76,upi:527.76
KOS-2026-004980,2026-06-03,10:11,normal_sale,active,Priya Patil,Catch Red Chilli Powder 100g,4,piece,63.05,252.2,60.2,5,0,527.76,527.76,0,108.76,upi:527.76
KOS-2026-004980,2026-06-03,10:11,normal_sale,active,Priya Patil,Bingo Mad Angles 66g,1,piece,21.01,21.01,4.51,12,0,527.76,527.76,0,108.76,upi:527.76
KOS-2026-004980,2026-06-03,10:11,normal_sale,active,Priya Patil,Amul Masti Dahi 400g,2,piece,40,80,16,5,0,527.76,527.76,0,108.76,upi:527.76
KOS-2026-004980,2026-06-03,10:11,normal_sale,active,Priya Patil,Kurkure Masala Munch 70g,2,piece,20,40,7,12,0,527.76,527.76,0,108.76,upi:527.76
KOS-2026-004979,2026-06-03,10:04,normal_sale,active,Maria Pawar,Urad Dal (loose),1,kg,140.67,140.67,35.67,0,0,363.13,363,0,76,cash:363
KOS-2026-004979,2026-06-03,10:04,normal_sale,active,Maria Pawar,Clinic Plus Shampoo 175ml,1,piece,140,140,22,18,0,363.13,363,0,76,cash:363
KOS-2026-004979,2026-06-03,10:04,normal_sale,active,Maria Pawar,Thums Up 750ml,2,piece,41.23,82.46,18.46,28,0,363.13,363,0,76,cash:363
KOS-2026-004978,2026-06-03,10:02,normal_sale,active,Maria Pawar,Aashirvaad Atta 5kg,1,piece,303.09,303.09,58.09,5,0,303.09,303.09,0,58.09,upi:303.09
KOS-2026-004977,2026-06-03,09:30,normal_sale,active,Walk-in,Amul Taaza Milk 500ml,2,piece,28,56,6,0,0,1274.27,1274.27,0,209.27,cash:1274.27
KOS-2026-004977,2026-06-03,09:30,normal_sale,active,Walk-in,Toor Dal (loose),0.5,kg,161.66,80.83,21.83,0,0,1274.27,1274.27,0,209.27,cash:1274.27
KOS-2026-004977,2026-06-03,09:30,normal_sale,active,Walk-in,Coca-Cola 750ml,1,piece,42.7,42.7,10.7,28,0,1274.27,1274.27,0,209.27,cash:1274.27
KOS-2026-004977,2026-06-03,09:30,normal_sale,active,Walk-in,Colgate Strong Teeth 200g,1,piece,113.64,113.64,21.64,18,0,1274.27,1274.27,0,209.27,cash:1274.27
KOS-2026-004977,2026-06-03,09:30,normal_sale,active,Walk-in,Britannia Good Day 100g,1,piece,31.73,31.73,6.73,18,0,1274.27,1274.27,0,209.27,cash:1274.27
KOS-2026-004977,2026-06-03,09:30,normal_sale,active,Walk-in,Farm Eggs,1,piece,8,8,1.8,0,0,1274.27,1274.27,0,209.27,cash:1274.27
KOS-2026-004977,2026-06-03,09:30,normal_sale,active,Walk-in,Bournvita 500g,2,piece,275.51,526.02,62.02,18,0,1274.27,1274.27,0,209.27,cash:1274.27
KOS-2026-004977,2026-06-03,09:30,normal_sale,active,Walk-in,Chana Dal (loose),0.25,kg,95.24,23.81,5.31,0,0,1274.27,1274.27,0,209.27,cash:1274.27
KOS-2026-004977,2026-06-03,09:30,normal_sale,active,Walk-in,Dairy Milk 50g,3,piece,40,120,18,18,0,1274.27,1274.27,0,209.27,cash:1274.27
KOS-2026-004977,2026-06-03,09:30,normal_sale,active,Walk-in,Clinic Plus Shampoo 175ml,1,piece,140,140,22,18,0,1274.27,1274.27,0,209.27,cash:1274.27
KOS-2026-004977,2026-06-03,09:30,normal_sale,active,Walk-in,Parle-G Biscuit 100g,1,piece,10.55,10.55,2.25,18,0,1274.27,1274.27,0,209.27,cash:1274.27
KOS-2026-004977,2026-06-03,09:30,normal_sale,active,Walk-in,Lux Soap 100g,3,piece,40.33,120.99,30.99,18,0,1274.27,1274.27,0,209.27,cash:1274.27
KOS-2026-004976,2026-06-03,09:29,normal_sale,active,Rakesh Salunkhe,Sona Masoori Rice (loose),0.25,kg,58,14.5,3,0,0,53.95,21,32.95,13.45,upi:21
KOS-2026-004976,2026-06-03,09:29,normal_sale,active,Rakesh Salunkhe,KitKat 4-finger,1,piece,21.23,21.23,4.23,18,0,53.95,21,32.95,13.45,upi:21
KOS-2026-004976,2026-06-03,09:29,normal_sale,active,Rakesh Salunkhe,Onion,0.5,kg,36.44,18.22,6.22,0,0,53.95,21,32.95,13.45,upi:21
KOS-2026-004975,2026-06-03,09:20,normal_sale,active,Arun Salunkhe,Vim Liquid 500ml,1,piece,122.49,122.49,24.49,18,0,290.97,290.97,0,54.97,upi:290.97
KOS-2026-004975,2026-06-03,09:20,normal_sale,active,Arun Salunkhe,Fortune Sunflower Oil 1L,1,piece,168.48,168.48,30.48,5,0,290.97,290.97,0,54.97,upi:290.97
KOS-2026-004974,2026-06-03,09:09,normal_sale,active,Swati Salunkhe,Britannia Good Day 100g,1,piece,31.73,31.73,6.73,18,0,175.09,175.09,0,43.09,upi:175.09
KOS-2026-004974,2026-06-03,09:09,normal_sale,active,Swati Salunkhe,Sunfeast Dark Fantasy 75g,2,piece,41.68,83.36,15.36,18,0,175.09,175.09,0,43.09,upi:175.09
KOS-2026-004974,2026-06-03,09:09,normal_sale,active,Swati Salunkhe,Bisleri Water 1L,3,piece,20,60,21,18,0,175.09,175.09,0,43.09,upi:175.09
KOS-2026-004973,2026-06-03,08:49,normal_sale,active,Walk-in,Surf Excel Easy Wash 1kg,2,piece,143.99,287.98,51.98,18,0,872.98,872.98,0,171.98,cash:872.98
KOS-2026-004973,2026-06-03,08:49,normal_sale,active,Walk-in,Lifebuoy Soap 125g,3,piece,35.94,107.82,23.82,18,0,872.98,872.98,0,171.98,cash:872.98
KOS-2026-004973,2026-06-03,08:49,normal_sale,active,Walk-in,Poha (loose),2,kg,56,112,28,5,0,872.98,872.98,0,171.98,cash:872.98
KOS-2026-004973,2026-06-03,08:49,normal_sale,active,Walk-in,Tata Tea Gold 500g,1,piece,323.95,323.95,58.95,5,0,872.98,872.98,0,171.98,cash:872.98
KOS-2026-004973,2026-06-03,08:49,normal_sale,active,Walk-in,Thums Up 750ml,1,piece,41.23,41.23,9.23,28,0,872.98,872.98,0,171.98,cash:872.98
KOS-2026-004972,2026-06-03,08:22,normal_sale,active,Meena Kadam,Britannia Brown Bread,1,piece,52.9,52.9,10.9,0,5.01,216.56,216.56,0,46.06,upi:216.56
KOS-2026-004972,2026-06-03,08:22,normal_sale,active,Meena Kadam,Wheat Atta (loose),0.5,kg,42,21,5,0,5.01,216.56,216.56,0,46.06,upi:216.56
KOS-2026-004972,2026-06-03,08:22,normal_sale,active,Meena Kadam,Agarbatti Pack (20 sticks),4,piece,31.3,125.2,29.2,12,5.01,216.56,216.56,0,46.06,upi:216.56
KOS-2026-004972,2026-06-03,08:22,normal_sale,active,Meena Kadam,Lays Classic Salted 52g,1,piece,22.47,22.47,5.97,12,5.01,216.56,216.56,0,46.06,upi:216.56
KOS-2026-004971,2026-06-03,08:01,normal_sale,active,Shalini Khan,Amul Cheese Slices 200g,1,piece,140,140,18,12,0,150,0,150,19.5,
KOS-2026-004971,2026-06-03,08:01,normal_sale,active,Shalini Khan,5 Star 25g,1,piece,10,10,1.5,18,0,150,0,150,19.5,
KOS-2026-004970,2026-06-02,21:19,normal_sale,active,Walk-in,MDH Garam Masala 100g,1,piece,95.44,95.44,17.44,5,0,136.92,136.92,0,25.92,cash:136.92
KOS-2026-004970,2026-06-02,21:19,normal_sale,active,Walk-in,Britannia Marie Gold 250g,1,piece,41.48,41.48,8.48,18,0,136.92,136.92,0,25.92,cash:136.92
KOS-2026-004969,2026-06-02,20:42,normal_sale,active,Walk-in,Amul Taaza Milk 500ml,1,piece,28,28,3,0,0,884,884,0,168,cash:884
KOS-2026-004969,2026-06-02,20:42,normal_sale,active,Walk-in,Tata Tea Gold 500g,1,piece,323.95,323.95,58.95,5,0,884,884,0,168,cash:884
KOS-2026-004969,2026-06-02,20:42,normal_sale,active,Walk-in,Colgate Strong Teeth 200g,1,piece,113.64,113.64,21.64,18,0,884,884,0,168,cash:884
KOS-2026-004969,2026-06-02,20:42,normal_sale,active,Walk-in,Harpic Toilet Cleaner 500ml,1,piece,105,105,17,18,0,884,884,0,168,cash:884
KOS-2026-004969,2026-06-02,20:42,normal_sale,active,Walk-in,Parachute Coconut Oil 200ml,3,piece,104.47,313.41,67.41,18,0,884,884,0,168,cash:884
KOS-2026-004968,2026-06-02,20:00,normal_sale,active,Walk-in,Britannia Brown Bread,3,piece,52.9,158.7,32.7,0,0,190.43,190.43,0,39.43,cash:190.43
KOS-2026-004968,2026-06-02,20:00,normal_sale,active,Walk-in,Britannia Good Day 100g,1,piece,31.73,31.73,6.73,18,0,190.43,190.43,0,39.43,cash:190.43
EST-2026-000051,2026-06-02,19:52,estimate,active,Walk-in,Haldiram Bhujia 200g,2,piece,57.46,114.92,24.92,12,25.46,279.94,279.94,0,41.94,upi:279.94
EST-2026-000051,2026-06-02,19:52,estimate,active,Walk-in,Chana Dal (loose),2,kg,95.24,190.48,42.48,0,25.46,279.94,279.94,0,41.94,upi:279.94
KOS-2026-004967,2026-06-02,19:51,normal_sale,active,Walk-in,Aashirvaad Atta 5kg,1,piece,303.09,303.09,58.09,5,0,410.88,410,0,81,cash:410
KOS-2026-004967,2026-06-02,19:51,normal_sale,active,Walk-in,Gillette Guard Razor,3,piece,35.93,107.79,23.79,18,0,410.88,410,0,81,cash:410
KOS-2026-004966,2026-06-02,19:43,normal_sale,active,Walk-in,Sunfeast Dark Fantasy 75g,1,piece,41.68,41.68,7.68,18,0,1122.53,1122.53,0,241.63,upi:1122.53
KOS-2026-004966,2026-06-02,19:43,normal_sale,active,Walk-in,Maggi Noodles 8-pack,3,piece,112.52,337.56,61.56,12,0,1122.53,1122.53,0,241.63,upi:1122.53
KOS-2026-004966,2026-06-02,19:43,normal_sale,active,Walk-in,Wheat Atta (loose),1,kg,42,42,10,0,0,1122.53,1122.53,0,241.63,upi:1122.53
KOS-2026-004966,2026-06-02,19:43,normal_sale,active,Walk-in,Toor Dal (loose),2,kg,161.66,323.32,87.32,0,0,1122.53,1122.53,0,241.63,upi:1122.53
KOS-2026-004966,2026-06-02,19:43,normal_sale,active,Walk-in,Lifebuoy Soap 125g,1,piece,35.94,35.94,7.94,18,0,1122.53,1122.53,0,241.63,upi:1122.53
KOS-2026-004966,2026-06-02,19:43,normal_sale,active,Walk-in,Lays Classic Salted 52g,1,piece,22.47,22.47,5.97,12,0,1122.53,1122.53,0,241.63,upi:1122.53
KOS-2026-004966,2026-06-02,19:43,normal_sale,active,Walk-in,Britannia Brown Bread,2,piece,52.9,105.8,21.8,0,0,1122.53,1122.53,0,241.63,upi:1122.53
KOS-2026-004966,2026-06-02,19:43,normal_sale,active,Walk-in,Lemon,2,piece,5.14,10.28,3.88,0,0,1122.53,1122.53,0,241.63,upi:1122.53
KOS-2026-004966,2026-06-02,19:43,normal_sale,active,Walk-in,Oreo Biscuit 120g,1,piece,35,35,5,18,0,1122.53,1122.53,0,241.63,upi:1122.53
KOS-2026-004966,2026-06-02,19:43,normal_sale,active,Walk-in,Fortune Sunflower Oil 1L,1,piece,168.48,168.48,30.48,5,0,1122.53,1122.53,0,241.63,upi:1122.53
KOS-2026-004965,2026-06-02,19:23,normal_sale,active,Walk-in,Red Label Tea 250g,1,piece,157.13,157.13,29.13,5,0,157.13,157,0,29,cash:157
KOS-2026-004964,2026-06-02,19:11,normal_sale,active,Walk-in,Amul Butter 100g,1,piece,63.31,63.31,9.31,12,0,456.4,456,0,97.75,cash:456
KOS-2026-004964,2026-06-02,19:11,normal_sale,active,Walk-in,Sugar (loose),0.25,kg,49.91,12.48,2.23,5,0,456.4,456,0,97.75,cash:456
KOS-2026-004964,2026-06-02,19:11,normal_sale,active,Walk-in,Britannia Brown Bread,1,piece,52.9,52.9,10.9,0,0,456.4,456,0,97.75,cash:456
KOS-2026-004964,2026-06-02,19:11,normal_sale,active,Walk-in,Lux Soap 100g,3,piece,40.33,120.99,30.99,18,0,456.4,456,0,97.75,cash:456
KOS-2026-004964,2026-06-02,19:11,normal_sale,active,Walk-in,Britannia Good Day 100g,4,piece,31.73,126.92,26.92,18,0,456.4,456,0,97.75,cash:456
KOS-2026-004964,2026-06-02,19:11,normal_sale,active,Walk-in,Everest Turmeric 200g,1,piece,79.8,79.8,17.8,5,0,456.4,456,0,97.75,cash:456
KOS-2026-004963,2026-06-02,18:53,normal_sale,active,Walk-in,Thums Up 750ml,1,piece,41.23,41.23,9.23,28,0,176.75,176.75,0,39.75,upi:176.75
KOS-2026-004963,2026-06-02,18:53,normal_sale,active,Walk-in,Britannia Good Day 100g,3,piece,31.73,95.19,20.19,18,0,176.75,176.75,0,39.75,upi:176.75
KOS-2026-004963,2026-06-02,18:53,normal_sale,active,Walk-in,Lux Soap 100g,1,piece,40.33,40.33,10.33,18,0,176.75,176.75,0,39.75,upi:176.75
KOS-2026-004962,2026-06-02,18:32,normal_sale,active,Rohit Shinde,Haldiram Bhujia 200g,4,piece,57.46,229.84,49.84,12,0,239.84,239.84,0,51.34,upi:239.84
KOS-2026-004962,2026-06-02,18:32,normal_sale,active,Rohit Shinde,5 Star 25g,1,piece,10,10,1.5,18,0,239.84,239.84,0,51.34,upi:239.84
KOS-2026-004961,2026-06-02,18:29,normal_sale,active,Maria Shinde,Tata Salt 1kg,2,piece,33.4,66.8,18.8,0,0,795.78,312,483.78,171.78,upi:312
KOS-2026-004961,2026-06-02,18:29,normal_sale,active,Maria Shinde,Toor Dal (loose),1,kg,161.66,161.66,43.66,0,0,795.78,312,483.78,171.78,upi:312
KOS-2026-004961,2026-06-02,18:29,normal_sale,active,Maria Shinde,Fortune Sunflower Oil 1L,3,piece,168.48,505.44,91.44,5,0,795.78,312,483.78,171.78,upi:312
KOS-2026-004961,2026-06-02,18:29,normal_sale,active,Maria Shinde,Groundnut / Peanut (loose),0.5,kg,123.75,61.88,17.88,5,0,795.78,312,483.78,171.78,upi:312
KOS-2026-004960,2026-06-02,18:25,normal_sale,active,Walk-in,Harpic Toilet Cleaner 500ml,1,piece,105,105,17,18,25,481.71,481.71,0,67.71,upi:481.71
KOS-2026-004960,2026-06-02,18:25,normal_sale,active,Walk-in,Onion,0.25,kg,36.44,9.11,3.11,0,25,481.71,481.71,0,67.71,upi:481.71
KOS-2026-004960,2026-06-02,18:25,normal_sale,active,Walk-in,Maggi Noodles 70g,1,piece,14.55,14.55,3.05,12,25,481.71,481.71,0,67.71,upi:481.71
KOS-2026-004960,2026-06-02,18:25,normal_sale,active,Walk-in,Lays Classic Salted 52g,1,piece,22.47,22.47,5.97,12,25,481.71,481.71,0,67.71,upi:481.71
KOS-2026-004960,2026-06-02,18:25,normal_sale,active,Walk-in,Clinic Plus Shampoo 175ml,2,piece,140,280,44,18,25,481.71,481.71,0,67.71,upi:481.71
KOS-2026-004960,2026-06-02,18:25,normal_sale,active,Walk-in,Vim Dishwash Bar 200g,2,piece,21.09,42.18,10.18,18,25,481.71,481.71,0,67.71,upi:481.71
KOS-2026-004960,2026-06-02,18:25,normal_sale,active,Walk-in,Tata Salt 1kg,1,piece,33.4,33.4,9.4,0,25,481.71,481.71,0,67.71,upi:481.71
KOS-2026-004959,2026-06-02,18:24,normal_sale,active,Walk-in,Tomato,5,kg,41.9,209.5,79.5,0,0,600.14,600.14,0,158.14,cash:600.14
KOS-2026-004959,2026-06-02,18:24,normal_sale,active,Walk-in,Coca-Cola 750ml,1,piece,42.7,42.7,10.7,28,0,600.14,600.14,0,158.14,cash:600.14
KOS-2026-004959,2026-06-02,18:24,normal_sale,active,Walk-in,Good Knight Refill 45ml,2,piece,91.97,183.94,39.94,18,0,600.14,600.14,0,158.14,cash:600.14
KOS-2026-004959,2026-06-02,18:24,normal_sale,active,Walk-in,Kissan Mixed Fruit Jam 200g,2,piece,82,164,28,12,0,600.14,600.14,0,158.14,cash:600.14
KOS-2026-004958,2026-06-02,17:41,normal_sale,active,Walk-in,Vim Liquid 500ml,1,piece,122.49,122.49,24.49,18,0,1009.8,1009.8,0,197.3,cash:613|upi:396.8
KOS-2026-004958,2026-06-02,17:41,normal_sale,active,Walk-in,Mother Dairy Paneer 200g,3,piece,105,315,51,5,0,1009.8,1009.8,0,197.3,cash:613|upi:396.8
KOS-2026-004958,2026-06-02,17:41,normal_sale,active,Walk-in,Maggi Noodles 70g,2,piece,14.55,29.1,6.1,12,0,1009.8,1009.8,0,197.3,cash:613|upi:396.8
KOS-2026-004958,2026-06-02,17:41,normal_sale,active,Walk-in,Tomato,0.25,kg,41.9,10.48,3.98,0,0,1009.8,1009.8,0,197.3,cash:613|upi:396.8
KOS-2026-004958,2026-06-02,17:41,normal_sale,active,Walk-in,Amul Gold Milk 500ml,2,piece,34.79,69.58,9.58,0,0,1009.8,1009.8,0,197.3,cash:613|upi:396.8
KOS-2026-004958,2026-06-02,17:41,normal_sale,active,Walk-in,Urad Dal (loose),2,kg,140.67,267.27,57.27,0,0,1009.8,1009.8,0,197.3,cash:613|upi:396.8
KOS-2026-004958,2026-06-02,17:41,normal_sale,active,Walk-in,Rajma (loose),0.25,kg,145.1,36.28,9.28,0,0,1009.8,1009.8,0,197.3,cash:613|upi:396.8
KOS-2026-004958,2026-06-02,17:41,normal_sale,active,Walk-in,Everest Turmeric 200g,2,piece,79.8,159.6,35.6,5,0,1009.8,1009.8,0,197.3,cash:613|upi:396.8
KOS-2026-004957,2026-06-02,17:12,normal_sale,active,Walk-in,5 Star 25g,1,piece,10,10,1.5,18,0,165.52,165.52,0,26.67,upi:165.52
KOS-2026-004957,2026-06-02,17:12,normal_sale,active,Walk-in,Sona Masoori Rice (loose),0.25,kg,58,14.5,3,0,0,165.52,165.52,0,26.67,upi:165.52
KOS-2026-004957,2026-06-02,17:12,normal_sale,active,Walk-in,Clinic Plus Shampoo 175ml,1,piece,140,140,22,18,0,165.52,165.52,0,26.67,upi:165.52
KOS-2026-004957,2026-06-02,17:12,normal_sale,active,Walk-in,Center Fresh Gum (jar pc),1,piece,1.02,1.02,0.17,18,0,165.52,165.52,0,26.67,upi:165.52
KOS-2026-004956,2026-06-02,16:10,normal_sale,active,Walk-in,Lemon,3,piece,5.14,15.42,5.82,0,0,656.93,656,0,144.65,cash:656
KOS-2026-004956,2026-06-02,16:10,normal_sale,active,Walk-in,Lux Soap 100g,2,piece,40.33,80.66,20.66,18,0,656.93,656,0,144.65,cash:656
KOS-2026-004956,2026-06-02,16:10,normal_sale,active,Walk-in,Colgate Strong Teeth 200g,1,piece,113.64,113.64,21.64,18,0,656.93,656,0,144.65,cash:656
KOS-2026-004956,2026-06-02,16:10,normal_sale,active,Walk-in,Vim Liquid 500ml,1,piece,122.49,122.49,24.49,18,0,656.93,656,0,144.65,cash:656
KOS-2026-004956,2026-06-02,16:10,normal_sale,active,Walk-in,Coca-Cola 750ml,2,piece,42.7,85.4,21.4,28,0,656.93,656,0,144.65,cash:656
KOS-2026-004956,2026-06-02,16:10,normal_sale,active,Walk-in,Sugar (loose),0.25,kg,49.91,12.48,2.23,5,0,656.93,656,0,144.65,cash:656
KOS-2026-004956,2026-06-02,16:10,normal_sale,active,Walk-in,Maggi Noodles 70g,1,piece,14.55,14.55,3.05,12,0,656.93,656,0,144.65,cash:656
KOS-2026-004956,2026-06-02,16:10,normal_sale,active,Walk-in,Parachute Coconut Oil 200ml,1,piece,104.47,104.47,22.47,18,0,656.93,656,0,144.65,cash:656
KOS-2026-004956,2026-06-02,16:10,normal_sale,active,Walk-in,Lifebuoy Soap 125g,3,piece,35.94,107.82,23.82,18,0,656.93,656,0,144.65,cash:656
KOS-2026-004955,2026-06-02,16:00,normal_sale,active,Archana Khan,Chana Dal (loose),0.5,kg,95.24,47.62,10.62,0,0,261.48,0,261.48,56.48,
KOS-2026-004955,2026-06-02,16:00,normal_sale,active,Archana Khan,Haldiram Bhujia 200g,3,piece,57.46,172.38,37.38,12,0,261.48,0,261.48,56.48,
KOS-2026-004955,2026-06-02,16:00,normal_sale,active,Archana Khan,Britannia Marie Gold 250g,1,piece,41.48,41.48,8.48,18,0,261.48,0,261.48,56.48,
KOS-2026-004954,2026-06-02,13:41,normal_sale,active,Walk-in,Odonil Air Freshener 50g,2,piece,82.19,164.38,40.38,18,0,322.72,322,0,78,cash:322
KOS-2026-004954,2026-06-02,13:41,normal_sale,active,Walk-in,Wheat Atta (loose),0.5,kg,42,21,5,0,0,322.72,322,0,78,cash:322
KOS-2026-004954,2026-06-02,13:41,normal_sale,active,Walk-in,Tomato,1,kg,41.9,41.9,15.9,0,0,322.72,322,0,78,cash:322
KOS-2026-004954,2026-06-02,13:41,normal_sale,active,Walk-in,MDH Garam Masala 100g,1,piece,95.44,95.44,17.44,5,0,322.72,322,0,78,cash:322
KOS-2026-004953,2026-06-02,12:37,normal_sale,active,Jyoti Shaikh,Center Fresh Gum (jar pc),3,piece,1.02,3.06,0.51,18,0,3.06,3.06,0,0.51,bank:3.06
KOS-2026-004952,2026-06-02,12:19,normal_sale,active,Salim Rane,Classmate Notebook 172pg,1,piece,57.68,57.68,15.68,12,27.52,162.55,162.55,0,15.05,upi:162.55
KOS-2026-004952,2026-06-02,12:19,normal_sale,active,Salim Rane,Frooti 200ml,1,piece,10.49,10.49,1.99,12,27.52,162.55,162.55,0,15.05,upi:162.55
KOS-2026-004952,2026-06-02,12:19,normal_sale,active,Salim Rane,Amul Taaza Milk 500ml,1,piece,28,28,3,0,27.52,162.55,162.55,0,15.05,upi:162.55
KOS-2026-004952,2026-06-02,12:19,normal_sale,active,Salim Rane,Agarbatti Pack (20 sticks),3,piece,31.3,93.9,21.9,12,27.52,162.55,162.55,0,15.05,upi:162.55
KOS-2026-004951,2026-06-02,12:13,normal_sale,active,Walk-in,Kurkure Masala Munch 70g,1,piece,20,20,3.5,12,0,464.1,464.1,0,101.1,upi:464.1
KOS-2026-004951,2026-06-02,12:13,normal_sale,active,Walk-in,5 Star 25g,1,piece,10,10,1.5,18,0,464.1,464.1,0,101.1,upi:464.1
KOS-2026-004951,2026-06-02,12:13,normal_sale,active,Walk-in,Clinic Plus Shampoo 175ml,1,piece,140,140,22,18,0,464.1,464.1,0,101.1,upi:464.1
KOS-2026-004951,2026-06-02,12:13,normal_sale,active,Walk-in,Mustard Oil (loose),1,l,167.39,167.39,39.39,5,0,464.1,464.1,0,101.1,upi:464.1
KOS-2026-004951,2026-06-02,12:13,normal_sale,active,Walk-in,Basmati Rice Premium (loose),1,kg,126.71,126.71,34.71,0,0,464.1,464.1,0,101.1,upi:464.1
KOS-2026-004950,2026-06-02,12:05,normal_sale,active,Walk-in,Rava / Sooji (loose),1,kg,48.98,48.98,12.98,5,0,453.21,453.21,0,87.21,upi:453.21
KOS-2026-004950,2026-06-02,12:05,normal_sale,active,Walk-in,Colgate Strong Teeth 200g,3,piece,113.64,340.92,64.92,18,0,453.21,453.21,0,87.21,upi:453.21
KOS-2026-004950,2026-06-02,12:05,normal_sale,active,Walk-in,Amul Butter 100g,1,piece,63.31,63.31,9.31,12,0,453.21,453.21,0,87.21,upi:453.21
KOS-2026-004949,2026-06-02,10:41,normal_sale,active,Hotel Green Leaf,Maggi Noodles 8-pack,1,piece,112.52,112.52,20.52,12,0,977.66,0,977.66,216.66,
KOS-2026-004949,2026-06-02,10:41,normal_sale,active,Hotel Green Leaf,Classmate Notebook 172pg,2,piece,57.68,115.36,31.36,12,0,977.66,0,977.66,216.66,
KOS-2026-004949,2026-06-02,10:41,normal_sale,active,Hotel Green Leaf,Amul Masti Dahi 400g,2,piece,40,80,16,5,0,977.66,0,977.66,216.66,
KOS-2026-004949,2026-06-02,10:41,normal_sale,active,Hotel Green Leaf,Nirma Washing Powder 1kg,1,piece,75.46,75.46,17.46,18,0,977.66,0,977.66,216.66,
KOS-2026-004949,2026-06-02,10:41,normal_sale,active,Hotel Green Leaf,Everest Turmeric 200g,1,piece,79.8,79.8,17.8,5,0,977.66,0,977.66,216.66,
KOS-2026-004949,2026-06-02,10:41,normal_sale,active,Hotel Green Leaf,Besan (loose),1,kg,105.06,105.06,27.06,5,0,977.66,0,977.66,216.66,
KOS-2026-004949,2026-06-02,10:41,normal_sale,active,Hotel Green Leaf,Chana Dal (loose),0.5,kg,95.24,47.62,10.62,0,0,977.66,0,977.66,216.66,
KOS-2026-004949,2026-06-02,10:41,normal_sale,active,Hotel Green Leaf,Onion,0.5,kg,36.44,18.22,6.22,0,0,977.66,0,977.66,216.66,
KOS-2026-004949,2026-06-02,10:41,normal_sale,active,Hotel Green Leaf,Nescafe Classic 50g,1,piece,206.38,206.38,38.38,18,0,977.66,0,977.66,216.66,
KOS-2026-004949,2026-06-02,10:41,normal_sale,active,Hotel Green Leaf,Catch Red Chilli Powder 100g,1,piece,63.05,63.05,15.05,5,0,977.66,0,977.66,216.66,
KOS-2026-004949,2026-06-02,10:41,normal_sale,active,Hotel Green Leaf,Oreo Biscuit 120g,1,piece,35,35,5,18,0,977.66,0,977.66,216.66,
KOS-2026-004949,2026-06-02,10:41,normal_sale,active,Hotel Green Leaf,Garlic,0.25,kg,156.74,39.19,11.19,0,0,977.66,0,977.66,216.66,
KOS-2026-004948,2026-06-02,10:28,normal_sale,active,Walk-in,Center Fresh Gum (jar pc),3,piece,1.02,3.06,0.51,18,0,3.06,3,0,0.45,cash:3
KOS-2026-004947,2026-06-02,10:23,normal_sale,active,Walk-in,Coca-Cola 750ml,1,piece,42.7,42.7,10.7,28,0,173.31,173,0,45,cash:173
KOS-2026-004947,2026-06-02,10:23,normal_sale,active,Walk-in,Moong Dal (loose),1,kg,130.61,130.61,34.61,0,0,173.31,173,0,45,cash:173
KOS-2026-004946,2026-06-02,10:09,normal_sale,active,Walk-in,Everest Turmeric 200g,1,piece,79.8,79.8,17.8,5,0,185.2,185.2,0,42.7,cash:185.2
KOS-2026-004946,2026-06-02,10:09,normal_sale,active,Walk-in,Coca-Cola 750ml,2,piece,42.7,85.4,21.4,28,0,185.2,185.2,0,42.7,cash:185.2
KOS-2026-004946,2026-06-02,10:09,normal_sale,active,Walk-in,Kurkure Masala Munch 70g,1,piece,20,20,3.5,12,0,185.2,185.2,0,42.7,cash:185.2
KOS-2026-004945,2026-06-02,09:25,normal_sale,active,Suresh Kadam,Match Box,2,piece,2.08,4.16,1.96,18,0,4.16,4.16,0,1.96,upi:4.16
KOS-2026-004944,2026-06-02,08:46,normal_sale,active,Walk-in,Fortune Sunflower Oil 1L,3,piece,168.48,505.44,91.44,5,0,1069.37,1069.37,0,214.92,upi:1069.37
KOS-2026-004944,2026-06-02,08:46,normal_sale,active,Walk-in,Maggi Noodles 70g,1,piece,14.55,14.55,3.05,12,0,1069.37,1069.37,0,214.92,upi:1069.37
KOS-2026-004944,2026-06-02,08:46,normal_sale,active,Walk-in,Lemon,3,piece,5.14,15.42,5.82,0,0,1069.37,1069.37,0,214.92,upi:1069.37
KOS-2026-004944,2026-06-02,08:46,normal_sale,active,Walk-in,Bingo Mad Angles 66g,1,piece,21.01,21.01,4.51,12,0,1069.37,1069.37,0,214.92,upi:1069.37
KOS-2026-004944,2026-06-02,08:46,normal_sale,active,Walk-in,Center Fresh Gum (jar pc),1,piece,1.02,1.02,0.17,18,0,1069.37,1069.37,0,214.92,upi:1069.37
KOS-2026-004944,2026-06-02,08:46,normal_sale,active,Walk-in,Besan (loose),2,kg,105.06,210.12,54.12,5,0,1069.37,1069.37,0,214.92,upi:1069.37
KOS-2026-004944,2026-06-02,08:46,normal_sale,active,Walk-in,Surf Excel Easy Wash 1kg,1,piece,143.99,143.99,25.99,18,0,1069.37,1069.37,0,214.92,upi:1069.37
KOS-2026-004944,2026-06-02,08:46,normal_sale,active,Walk-in,Sona Masoori Rice (loose),1,kg,58,58,12,0,0,1069.37,1069.37,0,214.92,upi:1069.37
KOS-2026-004944,2026-06-02,08:46,normal_sale,active,Walk-in,Sugar (loose),2,kg,49.91,99.82,17.82,5,0,1069.37,1069.37,0,214.92,upi:1069.37
KOS-2026-004943,2026-06-02,08:11,normal_sale,active,Walk-in,Frooti 200ml,1,piece,10.49,10.49,1.99,12,0,810.85,810.85,0,171.35,cash:810.85
KOS-2026-004943,2026-06-02,08:11,normal_sale,active,Walk-in,Red Label Tea 250g,2,piece,157.13,314.26,58.26,5,0,810.85,810.85,0,171.35,cash:810.85
KOS-2026-004943,2026-06-02,08:11,normal_sale,active,Walk-in,Vim Dishwash Bar 200g,2,piece,21.09,42.18,10.18,18,0,810.85,810.85,0,171.35,cash:810.85
KOS-2026-004943,2026-06-02,08:11,normal_sale,active,Walk-in,Aashirvaad Atta 5kg,1,piece,303.09,303.09,58.09,5,0,810.85,810.85,0,171.35,cash:810.85
KOS-2026-004943,2026-06-02,08:11,normal_sale,active,Walk-in,Bisleri Water 1L,3,piece,20,60,21,18,0,810.85,810.85,0,171.35,cash:810.85
KOS-2026-004943,2026-06-02,08:11,normal_sale,active,Walk-in,Toor Dal (loose),0.5,kg,161.66,80.83,21.83,0,0,810.85,810.85,0,171.35,cash:810.85
KOS-2026-004942,2026-06-01,21:44,normal_sale,active,Walk-in,Chana Dal (loose),0.5,kg,95.24,47.62,10.62,0,0,90.32,90.32,0,21.32,upi:90.32
KOS-2026-004942,2026-06-01,21:44,normal_sale,active,Walk-in,Coca-Cola 750ml,1,piece,42.7,42.7,10.7,28,0,90.32,90.32,0,21.32,upi:90.32
KOS-2026-004941,2026-06-01,21:35,normal_sale,active,Walk-in,Dairy Milk 50g,3,piece,40,120,18,18,0,134.55,134,0,20.5,cash:134
KOS-2026-004941,2026-06-01,21:35,normal_sale,active,Walk-in,Maggi Noodles 70g,1,piece,14.55,14.55,3.05,12,0,134.55,134,0,20.5,cash:134
KOS-2026-004940,2026-06-01,20:56,normal_sale,active,Walk-in,Amul Gold Milk 500ml,1,piece,34.79,34.79,4.79,0,25,330.37,330.37,0,45.17,upi:330.37
KOS-2026-004940,2026-06-01,20:56,normal_sale,active,Walk-in,Center Fresh Gum (jar pc),2,piece,1.02,2.04,0.34,18,25,330.37,330.37,0,45.17,upi:330.37
KOS-2026-004940,2026-06-01,20:56,normal_sale,active,Walk-in,Gillette Guard Razor,1,piece,35.93,35.93,7.93,18,25,330.37,330.37,0,45.17,upi:330.37
KOS-2026-004940,2026-06-01,20:56,normal_sale,active,Walk-in,Coca-Cola 750ml,1,piece,42.7,42.7,10.7,28,25,330.37,330.37,0,45.17,upi:330.37
KOS-2026-004940,2026-06-01,20:56,normal_sale,active,Walk-in,Colgate Strong Teeth 200g,1,piece,113.64,113.64,21.64,18,25,330.37,330.37,0,45.17,upi:330.37
KOS-2026-004940,2026-06-01,20:56,normal_sale,active,Walk-in,Frooti 200ml,1,piece,10.49,10.49,1.99,12,25,330.37,330.37,0,45.17,upi:330.37
KOS-2026-004940,2026-06-01,20:56,normal_sale,active,Walk-in,Maggi Noodles 70g,1,piece,14.55,14.55,3.05,12,25,330.37,330.37,0,45.17,upi:330.37
KOS-2026-004940,2026-06-01,20:56,normal_sale,active,Walk-in,Kurkure Masala Munch 70g,3,piece,20,60,10.5,12,25,330.37,330.37,0,45.17,upi:330.37
KOS-2026-004940,2026-06-01,20:56,normal_sale,active,Walk-in,Thums Up 750ml,1,piece,41.23,41.23,9.23,28,25,330.37,330.37,0,45.17,upi:330.37
KOS-2026-004939,2026-06-01,20:27,normal_sale,active,Walk-in,Urad Dal (loose),0.25,kg,140.67,35.17,8.92,0,0,201.63,201.63,0,40.88,upi:201.63
KOS-2026-004939,2026-06-01,20:27,normal_sale,active,Walk-in,Surf Excel Easy Wash 1kg,1,piece,143.99,143.99,25.99,18,0,201.63,201.63,0,40.88,upi:201.63
KOS-2026-004939,2026-06-01,20:27,normal_sale,active,Walk-in,Lays Classic Salted 52g,1,piece,22.47,22.47,5.97,12,0,201.63,201.63,0,40.88,upi:201.63
KOS-2026-004938,2026-06-01,20:25,normal_sale,active,Arun Salunkhe,Frooti 200ml,1,piece,10.49,10.49,1.99,12,0,53.19,53.19,0,12.69,upi:53.19
KOS-2026-004938,2026-06-01,20:25,normal_sale,active,Arun Salunkhe,Coca-Cola 750ml,1,piece,42.7,42.7,10.7,28,0,53.19,53.19,0,12.69,upi:53.19
KOS-2026-004937,2026-06-01,20:05,normal_sale,active,Walk-in,Vim Dishwash Bar 200g,1,piece,21.09,21.09,5.09,18,25,345.86,345.86,0,63.16,upi:345.86
KOS-2026-004937,2026-06-01,20:05,normal_sale,active,Walk-in,Haldiram Bhujia 200g,1,piece,57.46,57.46,12.46,12,25,345.86,345.86,0,63.16,upi:345.86
KOS-2026-004937,2026-06-01,20:05,normal_sale,active,Walk-in,Bisleri Water 1L,1,piece,20,20,7,18,25,345.86,345.86,0,63.16,upi:345.86
KOS-2026-004937,2026-06-01,20:05,normal_sale,active,Walk-in,Center Fresh Gum (jar pc),2,piece,1.02,2.04,0.34,18,25,345.86,345.86,0,63.16,upi:345.86
KOS-2026-004937,2026-06-01,20:05,normal_sale,active,Walk-in,Britannia Marie Gold 250g,2,piece,41.48,82.96,16.96,18,25,345.86,345.86,0,63.16,upi:345.86
KOS-2026-004937,2026-06-01,20:05,normal_sale,active,Walk-in,Britannia Brown Bread,1,piece,52.9,52.9,10.9,0,25,345.86,345.86,0,63.16,upi:345.86
KOS-2026-004937,2026-06-01,20:05,normal_sale,active,Walk-in,Tomato,0.5,kg,41.9,20.95,7.95,0,25,345.86,345.86,0,63.16,upi:345.86
KOS-2026-004937,2026-06-01,20:05,normal_sale,active,Walk-in,Chana Dal (loose),1,kg,95.24,95.24,21.24,0,25,345.86,345.86,0,63.16,upi:345.86
KOS-2026-004937,2026-06-01,20:05,normal_sale,active,Walk-in,Onion,0.5,kg,36.44,18.22,6.22,0,25,345.86,345.86,0,63.16,upi:345.86
KOS-2026-004936,2026-06-01,19:48,normal_sale,active,Smita More,Amul Butter 100g,1,piece,63.31,63.31,9.31,12,0,77.86,77,0,11.5,cash:77
KOS-2026-004936,2026-06-01,19:48,normal_sale,active,Smita More,Maggi Noodles 70g,1,piece,14.55,14.55,3.05,12,0,77.86,77,0,11.5,cash:77
KOS-2026-004935,2026-06-01,19:36,normal_sale,active,Simran Shaikh,Amul Gold Milk 500ml,1,piece,34.79,34.79,4.79,0,24.79,10,0,10,-20,
KOS-2026-004934,2026-06-01,18:48,normal_sale,active,Sunita Sharma,Bingo Mad Angles 66g,1,piece,21.01,21.01,4.51,12,0,480.83,480.83,0,95.33,upi:480.83
KOS-2026-004934,2026-06-01,18:48,normal_sale,active,Sunita Sharma,Close Up Red 150g,1,piece,95.79,95.79,17.79,18,0,480.83,480.83,0,95.33,upi:480.83
KOS-2026-004934,2026-06-01,18:48,normal_sale,active,Sunita Sharma,KitKat 4-finger,1,piece,21.23,21.23,4.23,18,0,480.83,480.83,0,95.33,upi:480.83
KOS-2026-004934,2026-06-01,18:48,normal_sale,active,Sunita Sharma,Nirma Washing Powder 1kg,2,piece,75.46,150.92,34.92,18,0,480.83,480.83,0,95.33,upi:480.83
KOS-2026-004934,2026-06-01,18:48,normal_sale,active,Sunita Sharma,5 Star 25g,12,piece,10,120,18,18,0,480.83,480.83,0,95.33,upi:480.83
KOS-2026-004934,2026-06-01,18:48,normal_sale,active,Sunita Sharma,Lifebuoy Soap 125g,2,piece,35.94,71.88,15.88,18,0,480.83,480.83,0,95.33,upi:480.83
KOS-2026-004933,2026-06-01,17:48,normal_sale,active,Walk-in,Parle-G Biscuit 100g,1,piece,10.55,10.55,2.25,18,0,10.55,10.55,0,2.25,upi:10.55
KOS-2026-004932,2026-06-01,17:26,normal_sale,active,Smita Khan,Bisleri Water 1L,1,piece,20,20,7,18,0,46.14,46.14,0,13.94,cash:46.14
KOS-2026-004932,2026-06-01,17:26,normal_sale,active,Smita Khan,Wheat Atta (loose),0.5,kg,42,21,5,0,0,46.14,46.14,0,13.94,cash:46.14
KOS-2026-004932,2026-06-01,17:26,normal_sale,active,Smita Khan,Lemon,1,piece,5.14,5.14,1.94,0,0,46.14,46.14,0,13.94,cash:46.14
KOS-2026-004931,2026-06-01,17:07,normal_sale,active,Walk-in,Garlic,2,kg,156.74,313.48,89.48,0,25,850.54,850.54,0,155.84,upi:850.54
KOS-2026-004931,2026-06-01,17:07,normal_sale,active,Walk-in,Farm Eggs,1,piece,8,8,1.8,0,25,850.54,850.54,0,155.84,upi:850.54
KOS-2026-004931,2026-06-01,17:07,normal_sale,active,Walk-in,Lays Classic Salted 52g,1,piece,22.47,22.47,5.97,12,25,850.54,850.54,0,155.84,upi:850.54
KOS-2026-004931,2026-06-01,17:07,normal_sale,active,Walk-in,Parachute Coconut Oil 200ml,1,piece,104.47,104.47,22.47,18,25,850.54,850.54,0,155.84,upi:850.54
KOS-2026-004931,2026-06-01,17:07,normal_sale,active,Walk-in,Oreo Biscuit 120g,1,piece,35,35,5,18,25,850.54,850.54,0,155.84,upi:850.54
KOS-2026-004931,2026-06-01,17:07,normal_sale,active,Walk-in,Nescafe Classic 50g,2,piece,206.38,392.12,56.12,18,25,850.54,850.54,0,155.84,upi:850.54
KOS-2026-004930,2026-06-01,17:01,normal_sale,active,Kiran Jadhav,Reynolds Pen,1,piece,10.92,10.92,3.92,12,25,441.16,441.16,0,82.16,upi:441.16
KOS-2026-004930,2026-06-01,17:01,normal_sale,active,Kiran Jadhav,Vim Dishwash Bar 200g,8,piece,21.09,168.72,40.72,18,25,441.16,441.16,0,82.16,upi:441.16
KOS-2026-004930,2026-06-01,17:01,normal_sale,active,Kiran Jadhav,Britannia Good Day 100g,4,piece,31.73,126.92,26.92,18,25,441.16,441.16,0,82.16,upi:441.16
KOS-2026-004930,2026-06-01,17:01,normal_sale,active,Kiran Jadhav,Everest Turmeric 200g,2,piece,79.8,159.6,35.6,5,25,441.16,441.16,0,82.16,upi:441.16
KOS-2026-004929,2026-06-01,16:28,normal_sale,active,Walk-in,Maggi Noodles 70g,2,piece,14.55,29.1,6.1,12,0,29.1,29.1,0,6.1,upi:29.1
EST-2026-000050,2026-06-01,14:19,estimate,active,Dattatray Salunkhe,Wheat Atta (loose),0.5,kg,42,21,5,0,25,495,495,0,94,upi:495
EST-2026-000050,2026-06-01,14:19,estimate,active,Dattatray Salunkhe,Besan (loose),0.5,kg,105.06,52.53,13.53,5,25,495,495,0,94,upi:495
EST-2026-000050,2026-06-01,14:19,estimate,active,Dattatray Salunkhe,Camphor 50g,1,piece,58.85,58.85,16.85,12,25,495,495,0,94,upi:495
EST-2026-000050,2026-06-01,14:19,estimate,active,Dattatray Salunkhe,Everest Turmeric 200g,2,piece,79.8,159.6,35.6,5,25,495,495,0,94,upi:495
EST-2026-000050,2026-06-01,14:19,estimate,active,Dattatray Salunkhe,Onion,1,kg,36.44,36.44,12.44,0,25,495,495,0,94,upi:495
EST-2026-000050,2026-06-01,14:19,estimate,active,Dattatray Salunkhe,Close Up Red 150g,2,piece,95.79,191.58,35.58,18,25,495,495,0,94,upi:495
KOS-2026-004928,2026-06-01,13:08,normal_sale,active,Walk-in,Lays Classic Salted 52g,1,piece,22.47,22.47,5.97,12,12.06,693.92,693,0,123,cash:693
KOS-2026-004928,2026-06-01,13:08,normal_sale,active,Walk-in,Onion,0.25,kg,36.44,9.11,3.11,0,12.06,693.92,693,0,123,cash:693
KOS-2026-004928,2026-06-01,13:08,normal_sale,active,Walk-in,Bisleri Water 1L,1,piece,20,20,7,18,12.06,693.92,693,0,123,cash:693
KOS-2026-004928,2026-06-01,13:08,normal_sale,active,Walk-in,Potato,0.25,kg,26,6.5,2,0,12.06,693.92,693,0,123,cash:693
KOS-2026-004928,2026-06-01,13:08,normal_sale,active,Walk-in,Tata Tea Gold 500g,2,piece,323.95,647.9,117.9,5,12.06,693.92,693,0,123,cash:693
KOS-2026-004927,2026-06-01,12:59,normal_sale,active,Walk-in,Tomato,0.5,kg,41.9,20.95,7.95,0,0,231.05,231,0,56.95,cash:231
KOS-2026-004927,2026-06-01,12:59,normal_sale,active,Walk-in,Good Knight Refill 45ml,2,piece,91.97,183.94,39.94,18,0,231.05,231,0,56.95,cash:231
KOS-2026-004927,2026-06-01,12:59,normal_sale,active,Walk-in,Lemon,1,piece,5.14,5.14,1.94,0,0,231.05,231,0,56.95,cash:231
KOS-2026-004927,2026-06-01,12:59,normal_sale,active,Walk-in,Bisleri Water 1L,1,piece,20,20,7,18,0,231.05,231,0,56.95,cash:231
KOS-2026-004927,2026-06-01,12:59,normal_sale,active,Walk-in,Center Fresh Gum (jar pc),1,piece,1.02,1.02,0.17,18,0,231.05,231,0,56.95,cash:231
KOS-2026-004926,2026-06-01,12:44,normal_sale,active,Walk-in,Lemon,3,piece,5.14,15.42,5.82,0,0,1078.53,1078.53,0,299.03,upi:1078.53
KOS-2026-004926,2026-06-01,12:44,normal_sale,active,Walk-in,Rava / Sooji (loose),1,kg,48.98,48.98,12.98,5,0,1078.53,1078.53,0,299.03,upi:1078.53
KOS-2026-004926,2026-06-01,12:44,normal_sale,active,Walk-in,5 Star 25g,1,piece,10,10,1.5,18,0,1078.53,1078.53,0,299.03,upi:1078.53
KOS-2026-004926,2026-06-01,12:44,normal_sale,active,Walk-in,Lays Classic Salted 52g,2,piece,22.47,44.94,11.94,12,0,1078.53,1078.53,0,299.03,upi:1078.53
KOS-2026-004926,2026-06-01,12:44,normal_sale,active,Walk-in,Farm Eggs,2,piece,8,16,3.6,0,0,1078.53,1078.53,0,299.03,upi:1078.53
KOS-2026-004926,2026-06-01,12:44,normal_sale,active,Walk-in,Ginger,5,kg,116.02,580.1,190.1,0,0,1078.53,1078.53,0,299.03,upi:1078.53
KOS-2026-004926,2026-06-01,12:44,normal_sale,active,Walk-in,Bisleri Water 1L,1,piece,20,20,7,18,0,1078.53,1078.53,0,299.03,upi:1078.53
KOS-2026-004926,2026-06-01,12:44,normal_sale,active,Walk-in,Aashirvaad Atta 5kg,1,piece,303.09,303.09,58.09,5,0,1078.53,1078.53,0,299.03,upi:1078.53
KOS-2026-004926,2026-06-01,12:44,normal_sale,active,Walk-in,Amul Masti Dahi 400g,1,piece,40,40,8,5,0,1078.53,1078.53,0,299.03,upi:1078.53
KOS-2026-004925,2026-06-01,12:41,normal_sale,active,Walk-in,Surf Excel Easy Wash 1kg,1,piece,143.99,143.99,25.99,18,0,213.97,213.97,0,43.97,cash:213.97
KOS-2026-004925,2026-06-01,12:41,normal_sale,active,Walk-in,Rava / Sooji (loose),1,kg,48.98,48.98,12.98,5,0,213.97,213.97,0,43.97,cash:213.97
KOS-2026-004925,2026-06-01,12:41,normal_sale,active,Walk-in,Wheat Atta (loose),0.5,kg,42,21,5,0,0,213.97,213.97,0,43.97,cash:213.97
KOS-2026-004924,2026-06-01,12:34,normal_sale,active,Walk-in,Good Knight Refill 45ml,1,piece,91.97,91.97,19.97,18,0,249.1,249.1,0,49.1,upi:249.1
KOS-2026-004924,2026-06-01,12:34,normal_sale,active,Walk-in,Red Label Tea 250g,1,piece,157.13,157.13,29.13,5,0,249.1,249.1,0,49.1,upi:249.1
KOS-2026-004923,2026-06-01,12:16,normal_sale,active,Harshada Khan,Lux Soap 100g,1,piece,40.33,40.33,10.33,18,0,50.81,50.81,0,14.31,upi:50.81
KOS-2026-004923,2026-06-01,12:16,normal_sale,active,Harshada Khan,Tomato,0.25,kg,41.9,10.48,3.98,0,0,50.81,50.81,0,14.31,upi:50.81
KOS-2026-004922,2026-06-01,12:07,normal_sale,active,Farida Shaikh,Maggi Noodles 70g,1,piece,14.55,14.55,3.05,12,0,39.51,39.51,0,7.51,upi:39.51
KOS-2026-004922,2026-06-01,12:07,normal_sale,active,Farida Shaikh,Sugar (loose),0.5,kg,49.91,24.96,4.46,5,0,39.51,39.51,0,7.51,upi:39.51
KOS-2026-004921,2026-06-01,11:33,normal_sale,active,Dattatray Salunkhe,Aashirvaad Atta 5kg,1,piece,303.09,303.09,58.09,5,0,343.09,343,0,66,cash:343
KOS-2026-004921,2026-06-01,11:33,normal_sale,active,Dattatray Salunkhe,Amul Masti Dahi 400g,1,piece,40,40,8,5,0,343.09,343,0,66,cash:343
KOS-2026-004920,2026-06-01,11:32,normal_sale,active,Walk-in,Maggi Noodles 70g,2,piece,14.55,29.1,6.1,12,0,106.97,106.97,0,25.72,upi:106.97
KOS-2026-004920,2026-06-01,11:32,normal_sale,active,Walk-in,Urad Dal (loose),0.25,kg,140.67,35.17,8.92,0,0,106.97,106.97,0,25.72,upi:106.97
KOS-2026-004920,2026-06-01,11:32,normal_sale,active,Walk-in,Coca-Cola 750ml,1,piece,42.7,42.7,10.7,28,0,106.97,106.97,0,25.72,upi:106.97
KOS-2026-004919,2026-06-01,11:23,normal_sale,active,Rekha Rane,Tomato,1,kg,41.9,41.9,15.9,0,0,81.9,81.9,0,23.9,upi:81.9
KOS-2026-004919,2026-06-01,11:23,normal_sale,active,Rekha Rane,Amul Masti Dahi 400g,1,piece,40,40,8,5,0,81.9,81.9,0,23.9,upi:81.9
KOS-2026-004918,2026-06-01,11:19,normal_sale,active,Walk-in,Maggi Noodles 70g,1,piece,14.55,14.55,3.05,12,0,19.69,19,0,4.3,cash:19
KOS-2026-004918,2026-06-01,11:19,normal_sale,active,Walk-in,Lemon,1,piece,5.14,5.14,1.94,0,0,19.69,19,0,4.3,cash:19
KOS-2026-004917,2026-06-01,10:53,normal_sale,active,Priya Sharma,Amul Gold Milk 500ml,1,piece,34.79,34.79,4.79,0,0,451.4,451.4,0,99.8,cash:451.4
KOS-2026-004917,2026-06-01,10:53,normal_sale,active,Priya Sharma,Sona Masoori Rice (loose),0.25,kg,58,14.5,3,0,0,451.4,451.4,0,99.8,cash:451.4
KOS-2026-004917,2026-06-01,10:53,normal_sale,active,Priya Sharma,Britannia Good Day 100g,2,piece,31.73,63.46,13.46,18,0,451.4,451.4,0,99.8,cash:451.4
KOS-2026-004917,2026-06-01,10:53,normal_sale,active,Priya Sharma,Chana Dal (loose),0.25,kg,95.24,23.81,5.31,0,0,451.4,451.4,0,99.8,cash:451.4
KOS-2026-004917,2026-06-01,10:53,normal_sale,active,Priya Sharma,Thums Up 750ml,1,piece,41.23,41.23,9.23,28,0,451.4,451.4,0,99.8,cash:451.4
KOS-2026-004917,2026-06-01,10:53,normal_sale,active,Priya Sharma,Lifebuoy Soap 125g,2,piece,35.94,71.88,15.88,18,0,451.4,451.4,0,99.8,cash:451.4
KOS-2026-004917,2026-06-01,10:53,normal_sale,active,Priya Sharma,Match Box,1,piece,2.08,2.08,0.98,18,0,451.4,451.4,0,99.8,cash:451.4
KOS-2026-004917,2026-06-01,10:53,normal_sale,active,Priya Sharma,Agarbatti Pack (20 sticks),1,piece,31.3,31.3,7.3,12,0,451.4,451.4,0,99.8,cash:451.4
KOS-2026-004917,2026-06-01,10:53,normal_sale,active,Priya Sharma,Ginger,0.5,kg,116.02,58.01,19.01,0,0,451.4,451.4,0,99.8,cash:451.4
KOS-2026-004917,2026-06-01,10:53,normal_sale,active,Priya Sharma,Close Up Red 150g,1,piece,95.79,95.79,17.79,18,0,451.4,451.4,0,99.8,cash:451.4
KOS-2026-004917,2026-06-01,10:53,normal_sale,active,Priya Sharma,Maggi Noodles 70g,1,piece,14.55,14.55,3.05,12,0,451.4,451.4,0,99.8,cash:451.4
KOS-2026-004916,2026-06-01,10:35,normal_sale,active,Rekha Salunkhe,Tata Salt 1kg,1,piece,33.4,33.4,9.4,0,0,266.5,266.5,0,68.25,upi:266.5
KOS-2026-004916,2026-06-01,10:35,normal_sale,active,Rekha Salunkhe,Wheat Atta (loose),0.25,kg,42,10.5,2.5,0,0,266.5,266.5,0,68.25,upi:266.5
KOS-2026-004916,2026-06-01,10:35,normal_sale,active,Rekha Salunkhe,Besan (loose),2,kg,105.06,210.12,54.12,5,0,266.5,266.5,0,68.25,upi:266.5
KOS-2026-004916,2026-06-01,10:35,normal_sale,active,Rekha Salunkhe,Sugar (loose),0.25,kg,49.91,12.48,2.23,5,0,266.5,266.5,0,68.25,upi:266.5
KOS-2026-004915,2026-06-01,10:00,normal_sale,active,Walk-in,Britannia Brown Bread,1,piece,52.9,52.9,10.9,0,0,52.9,52.9,0,10.9,cash:52.9
KOS-2026-004914,2026-06-01,09:30,normal_sale,active,Walk-in,Amul Ghee 500ml,1,piece,369.67,369.67,54.67,12,0,901.93,901,0,151,cash:901
KOS-2026-004914,2026-06-01,09:30,normal_sale,active,Walk-in,Tata Tea Gold 500g,1,piece,323.95,323.95,58.95,5,0,901.93,901,0,151,cash:901
KOS-2026-004914,2026-06-01,09:30,normal_sale,active,Walk-in,Close Up Red 150g,1,piece,95.79,95.79,17.79,18,0,901.93,901,0,151,cash:901
KOS-2026-004914,2026-06-01,09:30,normal_sale,active,Walk-in,Maggi Noodles 8-pack,1,piece,112.52,112.52,20.52,12,0,901.93,901,0,151,cash:901
KOS-2026-004913,2026-06-01,09:26,normal_sale,active,Imran Deshmukh,Onion,1,kg,36.44,36.44,12.44,0,0,1401.52,1401,0,363.8,cash:1401
KOS-2026-004913,2026-06-01,09:26,normal_sale,active,Imran Deshmukh,Wheat Atta (loose),1,kg,42,42,10,0,0,1401.52,1401,0,363.8,cash:1401
KOS-2026-004913,2026-06-01,09:26,normal_sale,active,Imran Deshmukh,Bisleri Water 1L,1,piece,20,20,7,18,0,1401.52,1401,0,363.8,cash:1401
KOS-2026-004913,2026-06-01,09:26,normal_sale,active,Imran Deshmukh,Parachute Coconut Oil 200ml,1,piece,104.47,104.47,22.47,18,0,1401.52,1401,0,363.8,cash:1401
KOS-2026-004913,2026-06-01,09:26,normal_sale,active,Imran Deshmukh,Lemon,1,piece,5.14,5.14,1.94,0,0,1401.52,1401,0,363.8,cash:1401
KOS-2026-004913,2026-06-01,09:26,normal_sale,active,Imran Deshmukh,Ginger,5,kg,116.02,580.1,190.1,0,0,1401.52,1401,0,363.8,cash:1401
KOS-2026-004913,2026-06-01,09:26,normal_sale,active,Imran Deshmukh,Red Label Tea 250g,2,piece,157.13,314.26,58.26,5,0,1401.52,1401,0,363.8,cash:1401
KOS-2026-004913,2026-06-01,09:26,normal_sale,active,Imran Deshmukh,Everest Turmeric 200g,1,piece,79.8,79.8,17.8,5,0,1401.52,1401,0,363.8,cash:1401
KOS-2026-004913,2026-06-01,09:26,normal_sale,active,Imran Deshmukh,Thums Up 750ml,1,piece,41.23,41.23,9.23,28,0,1401.52,1401,0,363.8,cash:1401
KOS-2026-004913,2026-06-01,09:26,normal_sale,active,Imran Deshmukh,Potato,0.5,kg,26,13,4,0,0,1401.52,1401,0,363.8,cash:1401
KOS-2026-004913,2026-06-01,09:26,normal_sale,active,Imran Deshmukh,Vim Dishwash Bar 200g,1,piece,21.09,21.09,5.09,18,0,1401.52,1401,0,363.8,cash:1401
KOS-2026-004913,2026-06-01,09:26,normal_sale,active,Imran Deshmukh,Surf Excel Easy Wash 1kg,1,piece,143.99,143.99,25.99,18,0,1401.52,1401,0,363.8,cash:1401
KOS-2026-004912,2026-06-01,08:20,normal_sale,active,Walk-in,Nescafe Classic 50g,1,piece,206.38,206.38,38.38,18,0,1441.17,1441.17,0,263.97,cash:794|upi:647.17
KOS-2026-004912,2026-06-01,08:20,normal_sale,active,Walk-in,Surf Excel Easy Wash 1kg,2,piece,143.99,287.98,51.98,18,0,1441.17,1441.17,0,263.97,cash:794|upi:647.17
KOS-2026-004912,2026-06-01,08:20,normal_sale,active,Walk-in,Center Fresh Gum (jar pc),2,piece,1.02,2.04,0.34,18,0,1441.17,1441.17,0,263.97,cash:794|upi:647.17
KOS-2026-004912,2026-06-01,08:20,normal_sale,active,Walk-in,Maggi Noodles 70g,1,piece,14.55,14.55,3.05,12,0,1441.17,1441.17,0,263.97,cash:794|upi:647.17
KOS-2026-004912,2026-06-01,08:20,normal_sale,active,Walk-in,Nirma Washing Powder 1kg,1,piece,75.46,75.46,17.46,18,0,1441.17,1441.17,0,263.97,cash:794|upi:647.17
KOS-2026-004912,2026-06-01,08:20,normal_sale,active,Walk-in,Kissan Tomato Ketchup 500g,2,piece,105,210,34,12,0,1441.17,1441.17,0,263.97,cash:794|upi:647.17
KOS-2026-004912,2026-06-01,08:20,normal_sale,active,Walk-in,Fortune Sunflower Oil 1L,1,piece,168.48,168.48,30.48,5,0,1441.17,1441.17,0,263.97,cash:794|upi:647.17
KOS-2026-004912,2026-06-01,08:20,normal_sale,active,Walk-in,Lux Soap 100g,2,piece,40.33,80.66,20.66,18,0,1441.17,1441.17,0,263.97,cash:794|upi:647.17
KOS-2026-004912,2026-06-01,08:20,normal_sale,active,Walk-in,Tata Salt 1kg,1,piece,33.4,33.4,9.4,0,0,1441.17,1441.17,0,263.97,cash:794|upi:647.17
KOS-2026-004912,2026-06-01,08:20,normal_sale,active,Walk-in,Dhara Mustard Oil 1L,2,piece,181.11,362.22,58.22,5,0,1441.17,1441.17,0,263.97,cash:794|upi:647.17
KOS-2026-004911,2026-06-01,08:04,normal_sale,active,Walk-in,Britannia Marie Gold 250g,1,piece,41.48,41.48,8.48,18,25,470.13,470.13,0,72.13,cash:470.13
KOS-2026-004911,2026-06-01,08:04,normal_sale,active,Walk-in,Amul Masti Dahi 400g,1,piece,40,40,8,5,25,470.13,470.13,0,72.13,cash:470.13
KOS-2026-004911,2026-06-01,08:04,normal_sale,active,Walk-in,Dettol Antiseptic 250ml,2,piece,160.07,320.14,56.14,18,25,470.13,470.13,0,72.13,cash:470.13
KOS-2026-004911,2026-06-01,08:04,normal_sale,active,Walk-in,Bisleri Water 1L,1,piece,20,20,7,18,25,470.13,470.13,0,72.13,cash:470.13
KOS-2026-004911,2026-06-01,08:04,normal_sale,active,Walk-in,Bingo Mad Angles 66g,3,piece,21.01,63.03,13.53,12,25,470.13,470.13,0,72.13,cash:470.13
KOS-2026-004911,2026-06-01,08:04,normal_sale,active,Walk-in,Tomato,0.25,kg,41.9,10.48,3.98,0,25,470.13,470.13,0,72.13,cash:470.13
