billNo,date,time,billType,status,customerName,productName,quantity,unit,rate,lineTotal,lineProfit,gstRate,discount,grandTotal,paidAmount,udharAmount,grossProfit,paymentModes
KOS-2026-005811,2026-06-29,21:54,normal_sale,active,Walk-in,Sona Masoori Rice (loose),0.25,kg,63.6,15.9,4.4,0,0,15.9,15.9,0,4.4,cash:10|upi:5.9
KOS-2026-005810,2026-06-29,21:44,normal_sale,active,Maria Salunkhe,Toor Dal (loose),0.25,kg,148,37,7.5,0,14.52,540.74,0,540.74,90.24,
KOS-2026-005810,2026-06-29,21:44,normal_sale,active,Maria Salunkhe,Oreo Biscuit 120g,1,piece,35,35,5,18,14.52,540.74,0,540.74,90.24,
KOS-2026-005810,2026-06-29,21:44,normal_sale,active,Maria Salunkhe,Haldiram Bhujia 200g,3,piece,57.38,172.14,37.14,12,14.52,540.74,0,540.74,90.24,
KOS-2026-005810,2026-06-29,21:44,normal_sale,active,Maria Salunkhe,Red Label Tea 250g,2,piece,155.56,311.12,55.12,5,14.52,540.74,0,540.74,90.24,
KOS-2026-005809,2026-06-29,21:28,normal_sale,active,Walk-in,Lux Soap 100g,1,piece,39.81,39.81,9.81,18,0,386.64,386.64,0,86.14,upi:386.64
KOS-2026-005809,2026-06-29,21:28,normal_sale,active,Walk-in,Thums Up 750ml,3,piece,41.66,124.98,28.98,28,0,386.64,386.64,0,86.14,upi:386.64
KOS-2026-005809,2026-06-29,21:28,normal_sale,active,Walk-in,Frooti 200ml,1,piece,10,10,1.5,12,0,386.64,386.64,0,86.14,upi:386.64
KOS-2026-005809,2026-06-29,21:28,normal_sale,active,Walk-in,Besan (loose),1,kg,101.44,101.44,23.44,5,0,386.64,386.64,0,86.14,upi:386.64
KOS-2026-005809,2026-06-29,21:28,normal_sale,active,Walk-in,Groundnut / Peanut (loose),0.25,kg,114.59,28.65,6.65,5,0,386.64,386.64,0,86.14,upi:386.64
KOS-2026-005809,2026-06-29,21:28,normal_sale,active,Walk-in,Britannia Marie Gold 250g,2,piece,40.88,81.76,15.76,18,0,386.64,386.64,0,86.14,upi:386.64
KOS-2026-005808,2026-06-29,20:31,normal_sale,active,Walk-in,Toor Dal (loose),1,kg,148,148,30,0,0,148,148,0,30,upi:148
KOS-2026-005807,2026-06-29,19:51,normal_sale,active,Walk-in,Amul Taaza Milk 500ml,1,piece,28,28,3,0,0,183.05,183,0,40,cash:183
KOS-2026-005807,2026-06-29,19:51,normal_sale,active,Walk-in,Surf Excel Easy Wash 1kg,1,piece,155.05,155.05,37.05,18,0,183.05,183,0,40,cash:183
KOS-2026-005806,2026-06-29,19:47,normal_sale,active,Kiran Pawar,Frooti 200ml,1,piece,10,10,1.5,12,200,206.66,206,0,-149.5,cash:206
KOS-2026-005806,2026-06-29,19:47,normal_sale,active,Kiran Pawar,Thums Up 750ml,1,piece,41.66,41.66,9.66,28,200,206.66,206,0,-149.5,cash:206
KOS-2026-005806,2026-06-29,19:47,normal_sale,active,Kiran Pawar,Amul Ghee 500ml,1,piece,355,355,40,12,200,206.66,206,0,-149.5,cash:206
KOS-2026-005805,2026-06-29,19:26,normal_sale,active,Madhuri Sharma,Sona Masoori Rice (loose),0.5,kg,63.6,31.8,8.8,0,0,31.8,31.8,0,8.8,upi:31.8
KOS-2026-005804,2026-06-29,18:46,normal_sale,active,Walk-in,Amul Taaza Milk 500ml,1,piece,28,28,3,0,0,1131.99,1131.99,0,187.64,upi:1131.99
KOS-2026-005804,2026-06-29,18:46,normal_sale,active,Walk-in,Sona Masoori Rice (loose),1,kg,63.6,63.6,17.6,0,0,1131.99,1131.99,0,187.64,upi:1131.99
KOS-2026-005804,2026-06-29,18:46,normal_sale,active,Walk-in,Nivea Cold Cream 60ml,1,piece,128,128,20,18,0,1131.99,1131.99,0,187.64,upi:1131.99
KOS-2026-005804,2026-06-29,18:46,normal_sale,active,Walk-in,Center Fresh Gum (jar pc),11,piece,1.07,11.77,2.42,18,0,1131.99,1131.99,0,187.64,upi:1131.99
KOS-2026-005804,2026-06-29,18:46,normal_sale,active,Walk-in,Tata Tea Gold 500g,1,piece,305,305,40,5,0,1131.99,1131.99,0,187.64,upi:1131.99
KOS-2026-005804,2026-06-29,18:46,normal_sale,active,Walk-in,Kurkure Masala Munch 70g,2,piece,20,40,7,12,0,1131.99,1131.99,0,187.64,upi:1131.99
KOS-2026-005804,2026-06-29,18:46,normal_sale,active,Walk-in,Clinic Plus Shampoo 175ml,3,piece,140,420,66,18,0,1131.99,1131.99,0,187.64,upi:1131.99
KOS-2026-005804,2026-06-29,18:46,normal_sale,active,Walk-in,Amul Masti Dahi 400g,1,piece,40,40,8,5,0,1131.99,1131.99,0,187.64,upi:1131.99
KOS-2026-005804,2026-06-29,18:46,normal_sale,active,Walk-in,Classmate Notebook 172pg,1,piece,60.62,60.62,18.62,12,0,1131.99,1131.99,0,187.64,upi:1131.99
KOS-2026-005804,2026-06-29,18:46,normal_sale,active,Walk-in,Oreo Biscuit 120g,1,piece,35,35,5,18,0,1131.99,1131.99,0,187.64,upi:1131.99
KOS-2026-005803,2026-06-29,18:45,normal_sale,active,Kavita Dsouza,Frooti 200ml,1,piece,10,10,1.5,12,0,10,10,0,1.5,cash:10
KOS-2026-005802,2026-06-29,18:12,normal_sale,active,Walk-in,Wheat Atta (loose),0.25,kg,43.91,10.98,2.98,0,0,381.59,381.59,0,89.59,upi:381.59
KOS-2026-005802,2026-06-29,18:12,normal_sale,active,Walk-in,Horlicks 500g,1,piece,312.9,312.9,67.9,18,0,381.59,381.59,0,89.59,upi:381.59
KOS-2026-005802,2026-06-29,18:12,normal_sale,active,Walk-in,Ginger,0.5,kg,115.42,57.71,18.71,0,0,381.59,381.59,0,89.59,upi:381.59
KOS-2026-005801,2026-06-29,18:06,normal_sale,active,Hotel Green Leaf,Ginger,1,kg,115.42,115.42,37.42,0,6.23,109.19,109,0,31,cash:109
KOS-2026-005800,2026-06-29,18:05,normal_sale,active,Walk-in,Fortune Sunflower Oil 1L,1,piece,167.9,167.9,29.9,5,0,222.14,222.14,0,43.14,cash:222.14
KOS-2026-005800,2026-06-29,18:05,normal_sale,active,Walk-in,Thums Up 750ml,1,piece,41.66,41.66,9.66,28,0,222.14,222.14,0,43.14,cash:222.14
KOS-2026-005800,2026-06-29,18:05,normal_sale,active,Walk-in,Rava / Sooji (loose),0.25,kg,50.32,12.58,3.58,5,0,222.14,222.14,0,43.14,cash:222.14
KOS-2026-005799,2026-06-29,17:30,normal_sale,active,Sanjay Gupta,Haldiram Bhujia 200g,1,piece,57.38,57.38,12.38,12,0,57.38,57.38,0,12.38,cash:57.38
EST-2026-000062,2026-06-29,17:21,estimate,active,Walk-in,Amul Gold Milk 500ml,2,piece,37.73,75.46,15.46,0,0,75.46,75,0,15,cash:75
KOS-2026-005798,2026-06-29,17:19,normal_sale,active,Anita Singh,Bisleri Water 1L,2,piece,20,40,14,18,0,310.14,310.14,0,69.64,cash:310.14
KOS-2026-005798,2026-06-29,17:19,normal_sale,active,Anita Singh,Good Knight Refill 45ml,2,piece,92.07,184.14,40.14,18,0,310.14,310.14,0,69.64,cash:310.14
KOS-2026-005798,2026-06-29,17:19,normal_sale,active,Anita Singh,Everest Turmeric 200g,1,piece,76,76,14,5,0,310.14,310.14,0,69.64,cash:310.14
KOS-2026-005798,2026-06-29,17:19,normal_sale,active,Anita Singh,Frooti 200ml,1,piece,10,10,1.5,12,0,310.14,310.14,0,69.64,cash:310.14
KOS-2026-005797,2026-06-29,17:10,normal_sale,active,Walk-in,Amul Masti Dahi 400g,1,piece,40,40,8,5,0,129.97,129.97,0,28.47,upi:129.97
KOS-2026-005797,2026-06-29,17:10,normal_sale,active,Walk-in,Frooti 200ml,2,piece,10,20,3,12,0,129.97,129.97,0,28.47,upi:129.97
KOS-2026-005797,2026-06-29,17:10,normal_sale,active,Walk-in,Urad Dal (loose),0.5,kg,139.94,69.97,17.47,0,0,129.97,129.97,0,28.47,upi:129.97
KOS-2026-005796,2026-06-29,17:07,normal_sale,active,Smita Rane,Onion,1,kg,35.9,35.9,11.9,0,0,237.71,237.71,0,48.71,upi:237.71
KOS-2026-005796,2026-06-29,17:07,normal_sale,active,Smita Rane,Amul Cheese Slices 200g,1,piece,146.21,146.21,24.21,12,0,237.71,237.71,0,48.71,upi:237.71
KOS-2026-005796,2026-06-29,17:07,normal_sale,active,Smita Rane,Potato,1,kg,27.6,27.6,9.6,0,0,237.71,237.71,0,48.71,upi:237.71
KOS-2026-005796,2026-06-29,17:07,normal_sale,active,Smita Rane,Amul Taaza Milk 500ml,1,piece,28,28,3,0,0,237.71,237.71,0,48.71,upi:237.71
KOS-2026-005795,2026-06-29,16:13,normal_sale,active,Kavita Shaikh,Bingo Mad Angles 66g,1,piece,20.81,20.81,4.31,12,0,174.81,174,0,34.5,cash:174
KOS-2026-005795,2026-06-29,16:13,normal_sale,active,Kavita Shaikh,Toor Dal (loose),0.5,kg,148,74,15,0,0,174.81,174,0,34.5,cash:174
KOS-2026-005795,2026-06-29,16:13,normal_sale,active,Kavita Shaikh,Amul Masti Dahi 400g,2,piece,40,80,16,5,0,174.81,174,0,34.5,cash:174
KOS-2026-005794,2026-06-29,12:46,normal_sale,active,Walk-in,Amul Butter 100g,1,piece,67.48,67.48,13.48,12,0,67.48,67,0,13,cash:67
KOS-2026-005793,2026-06-29,12:25,normal_sale,active,Simran Bhosale,Dettol Antiseptic 250ml,1,piece,172.13,172.13,40.13,18,0,610.53,610,0,121,cash:610
KOS-2026-005793,2026-06-29,12:25,normal_sale,active,Simran Bhosale,Aashirvaad Atta 5kg,1,piece,285,285,40,5,0,610.53,610,0,121,cash:610
KOS-2026-005793,2026-06-29,12:25,normal_sale,active,Simran Bhosale,Garlic,1,kg,153.4,153.4,41.4,0,0,610.53,610,0,121,cash:610
KOS-2026-005792,2026-06-29,10:36,normal_sale,active,Walk-in,Match Box,1,piece,2.12,2.12,1.02,18,0,928.02,928.02,0,156.92,upi:928.02
KOS-2026-005792,2026-06-29,10:36,normal_sale,active,Walk-in,Lizol Floor Cleaner 500ml,4,piece,125,500,80,18,0,928.02,928.02,0,156.92,upi:928.02
KOS-2026-005792,2026-06-29,10:36,normal_sale,active,Walk-in,Nirma Washing Powder 1kg,1,piece,75.9,75.9,17.9,18,0,928.02,928.02,0,156.92,upi:928.02
KOS-2026-005792,2026-06-29,10:36,normal_sale,active,Walk-in,Lifebuoy Soap 125g,1,piece,35,35,7,18,0,928.02,928.02,0,156.92,upi:928.02
KOS-2026-005792,2026-06-29,10:36,normal_sale,active,Walk-in,Mother Dairy Paneer 200g,3,piece,105,315,51,5,0,928.02,928.02,0,156.92,upi:928.02
KOS-2026-005791,2026-06-29,10:06,normal_sale,active,Amit Singh,LED Bulb 9W,4,piece,99,396,84,12,0,800.82,800,0,161.3,cash:800
KOS-2026-005791,2026-06-29,10:06,normal_sale,active,Amit Singh,Real Mixed Fruit Juice 1L,2,piece,131.29,262.58,52.58,12,0,800.82,800,0,161.3,cash:800
KOS-2026-005791,2026-06-29,10:06,normal_sale,active,Amit Singh,Match Box,2,piece,2.12,4.24,2.04,18,0,800.82,800,0,161.3,cash:800
KOS-2026-005791,2026-06-29,10:06,normal_sale,active,Amit Singh,Amul Taaza Milk 500ml,2,piece,28,56,6,0,0,800.82,800,0,161.3,cash:800
KOS-2026-005791,2026-06-29,10:06,normal_sale,active,Amit Singh,AA Battery (2 pc),2,piece,36,72,16,18,0,800.82,800,0,161.3,cash:800
KOS-2026-005791,2026-06-29,10:06,normal_sale,active,Amit Singh,Frooti 200ml,1,piece,10,10,1.5,12,0,800.82,800,0,161.3,cash:800
KOS-2026-005790,2026-06-29,09:36,normal_sale,active,Walk-in,Farm Eggs,1,piece,8.58,8.58,2.38,0,0,352.84,352.84,0,73.34,upi:352.84
KOS-2026-005790,2026-06-29,09:36,normal_sale,active,Walk-in,Agarbatti Pack (20 sticks),2,piece,30,60,12,12,0,352.84,352.84,0,73.34,upi:352.84
KOS-2026-005790,2026-06-29,09:36,normal_sale,active,Walk-in,Dove Soap 100g,1,piece,68,68,13,18,0,352.84,352.84,0,73.34,upi:352.84
KOS-2026-005790,2026-06-29,09:36,normal_sale,active,Walk-in,Parle-G Biscuit 100g,1,piece,11,11,2.7,18,0,352.84,352.84,0,73.34,upi:352.84
KOS-2026-005790,2026-06-29,09:36,normal_sale,active,Walk-in,Amul Gold Milk 500ml,3,piece,37.73,113.19,23.19,0,0,352.84,352.84,0,73.34,upi:352.84
KOS-2026-005790,2026-06-29,09:36,normal_sale,active,Walk-in,Good Knight Refill 45ml,1,piece,92.07,92.07,20.07,18,0,352.84,352.84,0,73.34,upi:352.84
KOS-2026-005789,2026-06-29,09:32,normal_sale,active,Meena Deshmukh,Horlicks 500g,1,piece,312.9,312.9,67.9,18,0,542.08,542.08,0,111.08,cash:542.08
KOS-2026-005789,2026-06-29,09:32,normal_sale,active,Meena Deshmukh,Amul Gold Milk 500ml,2,piece,37.73,75.46,15.46,0,0,542.08,542.08,0,111.08,cash:542.08
KOS-2026-005789,2026-06-29,09:32,normal_sale,active,Meena Deshmukh,Lays Classic Salted 52g,1,piece,21.82,21.82,5.32,12,0,542.08,542.08,0,111.08,cash:542.08
KOS-2026-005789,2026-06-29,09:32,normal_sale,active,Meena Deshmukh,Lizol Floor Cleaner 500ml,1,piece,125,125,20,18,0,542.08,542.08,0,111.08,cash:542.08
KOS-2026-005789,2026-06-29,09:32,normal_sale,active,Meena Deshmukh,Potato,0.25,kg,27.6,6.9,2.4,0,0,542.08,542.08,0,111.08,cash:542.08
KOS-2026-005788,2026-06-29,09:25,normal_sale,active,Imran Dsouza,Kurkure Masala Munch 70g,2,piece,20,40,7,12,0,779.6,779.6,0,160.4,cash:779.6
KOS-2026-005788,2026-06-29,09:25,normal_sale,active,Imran Dsouza,Amul Taaza Milk 500ml,1,piece,28,28,3,0,0,779.6,779.6,0,160.4,cash:779.6
KOS-2026-005788,2026-06-29,09:25,normal_sale,active,Imran Dsouza,Agarbatti Pack (20 sticks),1,piece,30,30,6,12,0,779.6,779.6,0,160.4,cash:779.6
KOS-2026-005788,2026-06-29,09:25,normal_sale,active,Imran Dsouza,Moong Dal (loose),2,kg,129.02,258.04,66.04,0,0,779.6,779.6,0,160.4,cash:779.6
KOS-2026-005788,2026-06-29,09:25,normal_sale,active,Imran Dsouza,Vim Dishwash Bar 200g,1,piece,21.3,21.3,5.3,18,0,779.6,779.6,0,160.4,cash:779.6
KOS-2026-005788,2026-06-29,09:25,normal_sale,active,Imran Dsouza,Reynolds Pen,1,piece,10,10,3,12,0,779.6,779.6,0,160.4,cash:779.6
KOS-2026-005788,2026-06-29,09:25,normal_sale,active,Imran Dsouza,Everest Turmeric 200g,1,piece,76,76,14,5,0,779.6,779.6,0,160.4,cash:779.6
KOS-2026-005788,2026-06-29,09:25,normal_sale,active,Imran Dsouza,Britannia Marie Gold 250g,1,piece,40.88,40.88,7.88,18,0,779.6,779.6,0,160.4,cash:779.6
KOS-2026-005788,2026-06-29,09:25,normal_sale,active,Imran Dsouza,Farm Eggs,1,piece,8.58,8.58,2.38,0,0,779.6,779.6,0,160.4,cash:779.6
KOS-2026-005788,2026-06-29,09:25,normal_sale,active,Imran Dsouza,Britannia Brown Bread,4,piece,50,200,32,0,0,779.6,779.6,0,160.4,cash:779.6
KOS-2026-005788,2026-06-29,09:25,normal_sale,active,Imran Dsouza,Sona Masoori Rice (loose),0.5,kg,63.6,31.8,8.8,0,0,779.6,779.6,0,160.4,cash:779.6
KOS-2026-005788,2026-06-29,09:25,normal_sale,active,Imran Dsouza,Oreo Biscuit 120g,1,piece,35,35,5,18,0,779.6,779.6,0,160.4,cash:779.6
KOS-2026-005787,2026-06-29,09:12,normal_sale,active,Ashok Jadhav,Ginger,1,kg,115.42,115.42,37.42,0,0,155.42,155,0,45,cash:155
KOS-2026-005787,2026-06-29,09:12,normal_sale,active,Ashok Jadhav,Coca-Cola 750ml,1,piece,40,40,8,28,0,155.42,155,0,45,cash:155
KOS-2026-005786,2026-06-29,08:40,normal_sale,active,Vaishali Pawar,Maggi Noodles 70g,2,piece,14.47,28.94,5.94,12,0,684.94,684.94,0,109.94,upi:684.94
KOS-2026-005786,2026-06-29,08:40,normal_sale,active,Vaishali Pawar,Oreo Biscuit 120g,2,piece,35,70,10,18,0,684.94,684.94,0,109.94,upi:684.94
KOS-2026-005786,2026-06-29,08:40,normal_sale,active,Vaishali Pawar,AA Battery (2 pc),1,piece,36,36,8,18,0,684.94,684.94,0,109.94,upi:684.94
KOS-2026-005786,2026-06-29,08:40,normal_sale,active,Vaishali Pawar,Britannia Brown Bread,4,piece,50,200,32,0,0,684.94,684.94,0,109.94,upi:684.94
KOS-2026-005786,2026-06-29,08:40,normal_sale,active,Vaishali Pawar,Coca-Cola 750ml,1,piece,40,40,8,28,0,684.94,684.94,0,109.94,upi:684.94
KOS-2026-005786,2026-06-29,08:40,normal_sale,active,Vaishali Pawar,Ariel Detergent 1kg,2,piece,155,310,46,18,0,684.94,684.94,0,109.94,upi:684.94
KOS-2026-005785,2026-06-29,08:35,normal_sale,active,Harshada Kadam,Sprite 750ml,1,piece,42.51,42.51,10.51,28,0,122.51,122.51,0,26.51,upi:122.51
KOS-2026-005785,2026-06-29,08:35,normal_sale,active,Harshada Kadam,Coca-Cola 750ml,2,piece,40,80,16,28,0,122.51,122.51,0,26.51,upi:122.51
KOS-2026-005784,2026-06-29,08:26,normal_sale,active,Manisha Rane,Wheat Atta (loose),0.5,kg,43.91,21.96,5.96,0,0,21.96,21.96,0,5.96,upi:21.96
KOS-2026-005783,2026-06-28,21:40,normal_sale,active,Walk-in,Maggi Noodles 70g,1,piece,14.47,14.47,2.97,12,0,14.47,14.47,0,2.97,cash:14.47
KOS-2026-005782,2026-06-28,21:06,normal_sale,active,Manisha Rane,Frooti 200ml,1,piece,10,10,1.5,12,0,10,10,0,1.5,upi:10
KOS-2026-005781,2026-06-28,20:39,normal_sale,active,Anita Khan,Farm Eggs,2,piece,8.58,17.16,4.76,0,0,155.16,155.16,0,26.76,upi:155.16
KOS-2026-005781,2026-06-28,20:39,normal_sale,active,Anita Khan,Agarbatti Pack (20 sticks),1,piece,30,30,6,12,0,155.16,155.16,0,26.76,upi:155.16
KOS-2026-005781,2026-06-28,20:39,normal_sale,active,Anita Khan,Maggi Noodles 8-pack,1,piece,108,108,16,12,0,155.16,155.16,0,26.76,upi:155.16
KOS-2026-005780,2026-06-28,20:13,normal_sale,active,Smita Rane,Bingo Mad Angles 66g,1,piece,20.81,20.81,4.31,12,0,703.19,703.19,0,125.19,upi:703.19
KOS-2026-005780,2026-06-28,20:13,normal_sale,active,Smita Rane,Fortune Sunflower Oil 1L,1,piece,167.9,167.9,29.9,5,0,703.19,703.19,0,125.19,upi:703.19
KOS-2026-005780,2026-06-28,20:13,normal_sale,active,Smita Rane,Thums Up 750ml,2,piece,41.66,83.32,19.32,28,0,703.19,703.19,0,125.19,upi:703.19
KOS-2026-005780,2026-06-28,20:13,normal_sale,active,Smita Rane,Nescafe Classic 50g,2,piece,200.58,401.16,65.16,18,0,703.19,703.19,0,125.19,upi:703.19
KOS-2026-005780,2026-06-28,20:13,normal_sale,active,Smita Rane,Reynolds Pen,1,piece,10,10,3,12,0,703.19,703.19,0,125.19,upi:703.19
KOS-2026-005780,2026-06-28,20:13,normal_sale,active,Smita Rane,Kurkure Masala Munch 70g,1,piece,20,20,3.5,12,0,703.19,703.19,0,125.19,upi:703.19
KOS-2026-005779,2026-06-28,20:09,normal_sale,active,Walk-in,Agarbatti Pack (20 sticks),2,piece,30,60,12,12,0,838.75,838.75,0,187.75,cash:562|upi:276.75
KOS-2026-005779,2026-06-28,20:09,normal_sale,active,Walk-in,Britannia Brown Bread,1,piece,50,50,8,0,0,838.75,838.75,0,187.75,cash:562|upi:276.75
KOS-2026-005779,2026-06-28,20:09,normal_sale,active,Walk-in,Dairy Milk 50g,1,piece,43.88,43.88,9.88,18,0,838.75,838.75,0,187.75,cash:562|upi:276.75
KOS-2026-005779,2026-06-28,20:09,normal_sale,active,Walk-in,Moong Dal (loose),1,kg,129.02,129.02,33.02,0,0,838.75,838.75,0,187.75,cash:562|upi:276.75
KOS-2026-005779,2026-06-28,20:09,normal_sale,active,Walk-in,Coca-Cola 750ml,1,piece,40,40,8,28,0,838.75,838.75,0,187.75,cash:562|upi:276.75
KOS-2026-005779,2026-06-28,20:09,normal_sale,active,Walk-in,Bisleri Water 1L,3,piece,20,60,21,18,0,838.75,838.75,0,187.75,cash:562|upi:276.75
KOS-2026-005779,2026-06-28,20:09,normal_sale,active,Walk-in,Real Mixed Fruit Juice 1L,2,piece,131.29,262.58,52.58,12,0,838.75,838.75,0,187.75,cash:562|upi:276.75
KOS-2026-005779,2026-06-28,20:09,normal_sale,active,Walk-in,Thums Up 750ml,2,piece,41.66,83.32,19.32,28,0,838.75,838.75,0,187.75,cash:562|upi:276.75
KOS-2026-005779,2026-06-28,20:09,normal_sale,active,Walk-in,Onion,0.5,kg,35.9,17.95,5.95,0,0,838.75,838.75,0,187.75,cash:562|upi:276.75
KOS-2026-005779,2026-06-28,20:09,normal_sale,active,Walk-in,Chana Dal (loose),1,kg,92,92,18,0,0,838.75,838.75,0,187.75,cash:562|upi:276.75
KOS-2026-005778,2026-06-28,20:08,normal_sale,active,Hotel Green Leaf,Ariel Detergent 1kg,1,piece,155,155,23,18,0,198.88,0,198.88,32.88,
KOS-2026-005778,2026-06-28,20:08,normal_sale,active,Hotel Green Leaf,Dairy Milk 50g,1,piece,43.88,43.88,9.88,18,0,198.88,0,198.88,32.88,
KOS-2026-005777,2026-06-28,19:48,normal_sale,active,Walk-in,Amul Taaza Milk 500ml,2,piece,28,56,6,0,0,375.47,375.47,0,48.97,upi:375.47
KOS-2026-005777,2026-06-28,19:48,normal_sale,active,Walk-in,Tata Tea Gold 500g,1,piece,305,305,40,5,0,375.47,375.47,0,48.97,upi:375.47
KOS-2026-005777,2026-06-28,19:48,normal_sale,active,Walk-in,Maggi Noodles 70g,1,piece,14.47,14.47,2.97,12,0,375.47,375.47,0,48.97,upi:375.47
KOS-2026-005776,2026-06-28,19:29,normal_sale,active,Walk-in,Center Fresh Gum (jar pc),2,piece,1.07,2.14,0.44,18,0,2.14,2.14,0,0.44,cash:2.14
KOS-2026-005775,2026-06-28,19:28,normal_sale,active,Walk-in,Bingo Mad Angles 66g,1,piece,20.81,20.81,4.31,12,0,20.81,20.81,0,4.31,upi:20.81
KOS-2026-005774,2026-06-28,18:46,normal_sale,active,Walk-in,Aashirvaad Atta 5kg,1,piece,285,285,40,5,0,1980.08,1980.08,0,371.78,cash:1980.08
KOS-2026-005774,2026-06-28,18:46,normal_sale,active,Walk-in,Haldiram Bhujia 200g,3,piece,57.38,172.14,37.14,12,0,1980.08,1980.08,0,371.78,cash:1980.08
KOS-2026-005774,2026-06-28,18:46,normal_sale,active,Walk-in,Whisper Ultra 15 pads,1,piece,175,175,27,12,0,1980.08,1980.08,0,371.78,cash:1980.08
KOS-2026-005774,2026-06-28,18:46,normal_sale,active,Walk-in,Amul Masti Dahi 400g,1,piece,40,40,8,5,0,1980.08,1980.08,0,371.78,cash:1980.08
KOS-2026-005774,2026-06-28,18:46,normal_sale,active,Walk-in,Sugar (loose),1,kg,49.89,49.89,8.89,5,0,1980.08,1980.08,0,371.78,cash:1980.08
KOS-2026-005774,2026-06-28,18:46,normal_sale,active,Walk-in,Amul Taaza Milk 500ml,2,piece,28,56,6,0,0,1980.08,1980.08,0,371.78,cash:1980.08
KOS-2026-005774,2026-06-28,18:46,normal_sale,active,Walk-in,Dhara Mustard Oil 1L,1,piece,191.57,191.57,39.57,5,0,1980.08,1980.08,0,371.78,cash:1980.08
KOS-2026-005774,2026-06-28,18:46,normal_sale,active,Walk-in,Horlicks 500g,2,piece,312.9,600.8,110.8,18,0,1980.08,1980.08,0,371.78,cash:1980.08
KOS-2026-005774,2026-06-28,18:46,normal_sale,active,Walk-in,Ginger,1,kg,115.42,115.42,37.42,0,0,1980.08,1980.08,0,371.78,cash:1980.08
KOS-2026-005774,2026-06-28,18:46,normal_sale,active,Walk-in,Match Box,3,piece,2.12,6.36,3.06,18,0,1980.08,1980.08,0,371.78,cash:1980.08
KOS-2026-005774,2026-06-28,18:46,normal_sale,active,Walk-in,Fortune Sunflower Oil 1L,1,piece,167.9,167.9,29.9,5,0,1980.08,1980.08,0,371.78,cash:1980.08
KOS-2026-005774,2026-06-28,18:46,normal_sale,active,Walk-in,Coca-Cola 750ml,3,piece,40,120,24,28,0,1980.08,1980.08,0,371.78,cash:1980.08
KOS-2026-005773,2026-06-28,18:36,normal_sale,active,Walk-in,Center Fresh Gum (jar pc),1,piece,1.07,1.07,0.22,18,0,159.54,159.54,0,31.59,cash:159.54
KOS-2026-005773,2026-06-28,18:36,normal_sale,active,Walk-in,Rajma (loose),0.5,kg,138,69,15,0,0,159.54,159.54,0,31.59,cash:159.54
KOS-2026-005773,2026-06-28,18:36,normal_sale,active,Walk-in,Maggi Noodles 70g,2,piece,14.47,28.94,5.94,12,0,159.54,159.54,0,31.59,cash:159.54
KOS-2026-005773,2026-06-28,18:36,normal_sale,active,Walk-in,Parle-G Biscuit 100g,2,piece,11,22,5.4,18,0,159.54,159.54,0,31.59,cash:159.54
KOS-2026-005773,2026-06-28,18:36,normal_sale,active,Walk-in,5 Star 25g,1,piece,10.53,10.53,2.03,18,0,159.54,159.54,0,31.59,cash:159.54
KOS-2026-005773,2026-06-28,18:36,normal_sale,active,Walk-in,Amul Taaza Milk 500ml,1,piece,28,28,3,0,0,159.54,159.54,0,31.59,cash:159.54
KOS-2026-005772,2026-06-28,18:35,normal_sale,active,Hotel Green Leaf,Garlic,0.5,kg,153.4,76.7,20.7,0,0,451.03,225,226.03,82.53,cash:225
KOS-2026-005772,2026-06-28,18:35,normal_sale,active,Hotel Green Leaf,Lays Classic Salted 52g,1,piece,21.82,21.82,5.32,12,0,451.03,225,226.03,82.53,cash:225
KOS-2026-005772,2026-06-28,18:35,normal_sale,active,Hotel Green Leaf,Sprite 750ml,1,piece,42.51,42.51,10.51,28,0,451.03,225,226.03,82.53,cash:225
KOS-2026-005772,2026-06-28,18:35,normal_sale,active,Hotel Green Leaf,Ariel Detergent 1kg,2,piece,155,310,46,18,0,451.03,225,226.03,82.53,cash:225
KOS-2026-005771,2026-06-28,18:27,normal_sale,active,Walk-in,Thums Up 750ml,1,piece,41.66,41.66,9.66,28,0,170.25,170.25,0,36.25,cash:170.25
KOS-2026-005771,2026-06-28,18:27,normal_sale,active,Walk-in,Frooti 200ml,1,piece,10,10,1.5,12,0,170.25,170.25,0,36.25,cash:170.25
KOS-2026-005771,2026-06-28,18:27,normal_sale,active,Walk-in,Parachute Coconut Oil 200ml,1,piece,104.12,104.12,22.12,18,0,170.25,170.25,0,36.25,cash:170.25
KOS-2026-005771,2026-06-28,18:27,normal_sale,active,Walk-in,Maggi Noodles 70g,1,piece,14.47,14.47,2.97,12,0,170.25,170.25,0,36.25,cash:170.25
KOS-2026-005770,2026-06-28,18:18,normal_sale,active,Walk-in,Parachute Coconut Oil 200ml,2,piece,104.12,208.24,44.24,18,0,208.24,208,0,44,cash:208
KOS-2026-005769,2026-06-28,12:54,normal_sale,active,Ganesh Chavan,Basmati Rice Premium (loose),0.25,kg,133.1,33.28,10.28,0,0,151.28,151.28,0,30.28,upi:151.28
KOS-2026-005769,2026-06-28,12:54,normal_sale,active,Ganesh Chavan,Vim Liquid 500ml,1,piece,118,118,20,18,0,151.28,151.28,0,30.28,upi:151.28
KOS-2026-005768,2026-06-28,12:51,normal_sale,active,Annapurna Mess & Canteen,Amul Taaza Milk 500ml,2,piece,28,56,6,0,0,1240.96,1240,0,199.9,cash:1240
KOS-2026-005768,2026-06-28,12:51,normal_sale,active,Annapurna Mess & Canteen,Tata Tea Gold 500g,1,piece,305,305,40,5,0,1240.96,1240,0,199.9,cash:1240
KOS-2026-005768,2026-06-28,12:51,normal_sale,active,Annapurna Mess & Canteen,Saffola Gold Oil 1L,3,piece,190,570,75,5,0,1240.96,1240,0,199.9,cash:1240
KOS-2026-005768,2026-06-28,12:51,normal_sale,active,Annapurna Mess & Canteen,Lifebuoy Soap 125g,1,piece,35,35,7,18,0,1240.96,1240,0,199.9,cash:1240
KOS-2026-005768,2026-06-28,12:51,normal_sale,active,Annapurna Mess & Canteen,Match Box,11,piece,2.12,23.32,11.22,18,0,1240.96,1240,0,199.9,cash:1240
KOS-2026-005768,2026-06-28,12:51,normal_sale,active,Annapurna Mess & Canteen,Thums Up 750ml,2,piece,41.66,83.32,19.32,28,0,1240.96,1240,0,199.9,cash:1240
KOS-2026-005768,2026-06-28,12:51,normal_sale,active,Annapurna Mess & Canteen,Onion,0.5,kg,35.9,17.95,5.95,0,0,1240.96,1240,0,199.9,cash:1240
KOS-2026-005768,2026-06-28,12:51,normal_sale,active,Annapurna Mess & Canteen,Lux Soap 100g,3,piece,39.81,119.43,29.43,18,0,1240.96,1240,0,199.9,cash:1240
KOS-2026-005768,2026-06-28,12:51,normal_sale,active,Annapurna Mess & Canteen,Tata Salt 1kg,1,piece,30.94,30.94,6.94,0,0,1240.96,1240,0,199.9,cash:1240
KOS-2026-005767,2026-06-28,12:23,normal_sale,active,Walk-in,Coca-Cola 750ml,2,piece,40,80,16,28,0,490.31,490.31,0,89.61,upi:490.31
KOS-2026-005767,2026-06-28,12:23,normal_sale,active,Walk-in,Nivea Cold Cream 60ml,2,piece,128,256,40,18,0,490.31,490.31,0,89.61,upi:490.31
KOS-2026-005767,2026-06-28,12:23,normal_sale,active,Walk-in,Sprite 750ml,1,piece,42.51,42.51,10.51,28,0,490.31,490.31,0,89.61,upi:490.31
KOS-2026-005767,2026-06-28,12:23,normal_sale,active,Walk-in,Center Fresh Gum (jar pc),2,piece,1.07,2.14,0.44,18,0,490.31,490.31,0,89.61,upi:490.31
KOS-2026-005767,2026-06-28,12:23,normal_sale,active,Walk-in,Thums Up 750ml,1,piece,41.66,41.66,9.66,28,0,490.31,490.31,0,89.61,upi:490.31
KOS-2026-005767,2026-06-28,12:23,normal_sale,active,Walk-in,Dove Soap 100g,1,piece,68,68,13,18,0,490.31,490.31,0,89.61,upi:490.31
KOS-2026-005766,2026-06-28,12:23,normal_sale,active,Sanjay Kulkarni,Tomato,0.25,kg,42.13,10.53,4.03,0,0,93.42,93.42,0,21.02,upi:93.42
KOS-2026-005766,2026-06-28,12:23,normal_sale,active,Sanjay Kulkarni,Sugar (loose),1,kg,49.89,49.89,8.89,5,0,93.42,93.42,0,21.02,upi:93.42
KOS-2026-005766,2026-06-28,12:23,normal_sale,active,Sanjay Kulkarni,Parle-G Biscuit 100g,3,piece,11,33,8.1,18,0,93.42,93.42,0,21.02,upi:93.42
KOS-2026-005765,2026-06-28,11:53,normal_sale,active,Walk-in,5 Star 25g,4,piece,10.53,42.12,8.12,18,0,807.99,807.99,0,148.14,upi:807.99
KOS-2026-005765,2026-06-28,11:53,normal_sale,active,Walk-in,Red Label Tea 250g,1,piece,155.56,155.56,27.56,5,0,807.99,807.99,0,148.14,upi:807.99
KOS-2026-005765,2026-06-28,11:53,normal_sale,active,Walk-in,Thums Up 750ml,1,piece,41.66,41.66,9.66,28,0,807.99,807.99,0,148.14,upi:807.99
KOS-2026-005765,2026-06-28,11:53,normal_sale,active,Walk-in,Center Fresh Gum (jar pc),1,piece,1.07,1.07,0.22,18,0,807.99,807.99,0,148.14,upi:807.99
KOS-2026-005765,2026-06-28,11:53,normal_sale,active,Walk-in,Vim Liquid 500ml,2,piece,118,236,40,18,0,807.99,807.99,0,148.14,upi:807.99
KOS-2026-005765,2026-06-28,11:53,normal_sale,active,Walk-in,Amul Taaza Milk 500ml,1,piece,28,28,3,0,0,807.99,807.99,0,148.14,upi:807.99
KOS-2026-005765,2026-06-28,11:53,normal_sale,active,Walk-in,Colgate Strong Teeth 200g,2,piece,114.06,228.12,44.12,18,0,807.99,807.99,0,148.14,upi:807.99
KOS-2026-005765,2026-06-28,11:53,normal_sale,active,Walk-in,Amul Gold Milk 500ml,2,piece,37.73,75.46,15.46,0,0,807.99,807.99,0,148.14,upi:807.99
KOS-2026-005764,2026-06-28,11:41,normal_sale,active,Walk-in,Thums Up 750ml,1,piece,41.66,41.66,9.66,28,0,41.66,41.66,0,9.66,cash:41.66
KOS-2026-005763,2026-06-28,11:26,normal_sale,active,Sanjay Gupta,Frooti 200ml,1,piece,10,10,1.5,12,0,10,10,0,1.5,upi:10
KOS-2026-005762,2026-06-28,11:05,normal_sale,active,Mahesh Singh,Rajma (loose),0.25,kg,138,34.5,7.5,0,0,347.25,347.25,0,72.55,upi:347.25
KOS-2026-005762,2026-06-28,11:05,normal_sale,active,Mahesh Singh,Red Label Tea 250g,1,piece,155.56,155.56,27.56,5,0,347.25,347.25,0,72.55,upi:347.25
KOS-2026-005762,2026-06-28,11:05,normal_sale,active,Mahesh Singh,Surf Excel Easy Wash 1kg,1,piece,155.05,155.05,37.05,18,0,347.25,347.25,0,72.55,upi:347.25
KOS-2026-005762,2026-06-28,11:05,normal_sale,active,Mahesh Singh,Center Fresh Gum (jar pc),2,piece,1.07,2.14,0.44,18,0,347.25,347.25,0,72.55,upi:347.25
KOS-2026-005761,2026-06-28,10:43,normal_sale,active,Walk-in,Real Mixed Fruit Juice 1L,1,piece,131.29,131.29,26.29,12,0,1196.29,1196,0,146,cash:1196
KOS-2026-005761,2026-06-28,10:43,normal_sale,active,Walk-in,Amul Ghee 500ml,3,piece,355,1065,120,12,0,1196.29,1196,0,146,cash:1196
KOS-2026-005760,2026-06-28,10:21,normal_sale,active,Walk-in,Tata Tea Gold 500g,1,piece,305,305,40,5,0,590.56,590.56,0,108.46,cash:590.56
KOS-2026-005760,2026-06-28,10:21,normal_sale,active,Walk-in,Onion,1,kg,35.9,35.9,11.9,0,0,590.56,590.56,0,108.46,cash:590.56
KOS-2026-005760,2026-06-28,10:21,normal_sale,active,Walk-in,Britannia Marie Gold 250g,1,piece,40.88,40.88,7.88,18,0,590.56,590.56,0,108.46,cash:590.56
KOS-2026-005760,2026-06-28,10:21,normal_sale,active,Walk-in,Lemon,3,piece,5,15,5.4,0,0,590.56,590.56,0,108.46,cash:590.56
KOS-2026-005760,2026-06-28,10:21,normal_sale,active,Walk-in,Tata Salt 1kg,1,piece,30.94,30.94,6.94,0,0,590.56,590.56,0,108.46,cash:590.56
KOS-2026-005760,2026-06-28,10:21,normal_sale,active,Walk-in,Coca-Cola 750ml,1,piece,40,40,8,28,0,590.56,590.56,0,108.46,cash:590.56
KOS-2026-005760,2026-06-28,10:21,normal_sale,active,Walk-in,Lays Classic Salted 52g,3,piece,21.82,65.46,15.96,12,0,590.56,590.56,0,108.46,cash:590.56
KOS-2026-005760,2026-06-28,10:21,normal_sale,active,Walk-in,Haldiram Bhujia 200g,1,piece,57.38,57.38,12.38,12,0,590.56,590.56,0,108.46,cash:590.56
KOS-2026-005759,2026-06-28,10:13,normal_sale,active,Walk-in,Garlic,0.5,kg,153.4,76.7,20.7,0,0,76.7,76.7,0,20.7,bank:76.7
KOS-2026-005758,2026-06-28,10:04,normal_sale,active,Kiran Verma,Lays Classic Salted 52g,6,piece,21.82,130.92,31.92,12,0,723.35,0,723.35,166.35,
KOS-2026-005758,2026-06-28,10:04,normal_sale,active,Kiran Verma,Bisleri Water 1L,1,piece,20,20,7,18,0,723.35,0,723.35,166.35,
KOS-2026-005758,2026-06-28,10:04,normal_sale,active,Kiran Verma,Garlic,1,kg,153.4,153.4,41.4,0,0,723.35,0,723.35,166.35,
KOS-2026-005758,2026-06-28,10:04,normal_sale,active,Kiran Verma,Real Mixed Fruit Juice 1L,3,piece,131.29,393.87,78.87,12,0,723.35,0,723.35,166.35,
KOS-2026-005758,2026-06-28,10:04,normal_sale,active,Kiran Verma,Rava / Sooji (loose),0.5,kg,50.32,25.16,7.16,5,0,723.35,0,723.35,166.35,
KOS-2026-005757,2026-06-28,10:02,normal_sale,active,Balaji Dsouza,Kurkure Masala Munch 70g,2,piece,20,40,7,12,0,408.28,408.28,0,87.28,cash:408.28
KOS-2026-005757,2026-06-28,10:02,normal_sale,active,Balaji Dsouza,Good Knight Refill 45ml,4,piece,92.07,368.28,80.28,18,0,408.28,408.28,0,87.28,cash:408.28
KOS-2026-005756,2026-06-28,09:56,normal_sale,active,Sunita Kulkarni,Vim Liquid 500ml,1,piece,118,118,20,18,0,411.11,0,411.11,74.36,
KOS-2026-005756,2026-06-28,09:56,normal_sale,active,Sunita Kulkarni,Sugar (loose),0.25,kg,49.89,12.47,2.22,5,0,411.11,0,411.11,74.36,
KOS-2026-005756,2026-06-28,09:56,normal_sale,active,Sunita Kulkarni,Britannia Marie Gold 250g,3,piece,40.88,122.64,23.64,18,0,411.11,0,411.11,74.36,
KOS-2026-005756,2026-06-28,09:56,normal_sale,active,Sunita Kulkarni,Amul Taaza Milk 500ml,1,piece,28,28,3,0,0,411.11,0,411.11,74.36,
KOS-2026-005756,2026-06-28,09:56,normal_sale,active,Sunita Kulkarni,Frooti 200ml,1,piece,10,10,1.5,12,0,411.11,0,411.11,74.36,
KOS-2026-005756,2026-06-28,09:56,normal_sale,active,Sunita Kulkarni,Coca-Cola 750ml,3,piece,40,120,24,28,0,411.11,0,411.11,74.36,
KOS-2026-005755,2026-06-28,09:41,normal_sale,active,Meena Singh,Dairy Milk 50g,1,piece,43.88,43.88,9.88,18,0,53.88,53,0,10.5,cash:53
KOS-2026-005755,2026-06-28,09:41,normal_sale,active,Meena Singh,Frooti 200ml,1,piece,10,10,1.5,12,0,53.88,53,0,10.5,cash:53
KOS-2026-005754,2026-06-28,09:23,normal_sale,active,Walk-in,Thums Up 750ml,1,piece,41.66,41.66,9.66,28,0,1324.31,1324.31,0,255.81,cash:1324.31
KOS-2026-005754,2026-06-28,09:23,normal_sale,active,Walk-in,Good Knight Refill 45ml,2,piece,92.07,184.14,40.14,18,0,1324.31,1324.31,0,255.81,cash:1324.31
KOS-2026-005754,2026-06-28,09:23,normal_sale,active,Walk-in,KitKat 4-finger,1,piece,21.13,21.13,4.13,18,0,1324.31,1324.31,0,255.81,cash:1324.31
KOS-2026-005754,2026-06-28,09:23,normal_sale,active,Walk-in,5 Star 25g,1,piece,10.53,10.53,2.03,18,0,1324.31,1324.31,0,255.81,cash:1324.31
KOS-2026-005754,2026-06-28,09:23,normal_sale,active,Walk-in,Sprite 750ml,2,piece,42.51,85.02,21.02,28,0,1324.31,1324.31,0,255.81,cash:1324.31
KOS-2026-005754,2026-06-28,09:23,normal_sale,active,Walk-in,Ariel Detergent 1kg,1,piece,155,155,23,18,0,1324.31,1324.31,0,255.81,cash:1324.31
KOS-2026-005754,2026-06-28,09:23,normal_sale,active,Walk-in,Kurkure Masala Munch 70g,9,piece,20,180,31.5,12,0,1324.31,1324.31,0,255.81,cash:1324.31
KOS-2026-005754,2026-06-28,09:23,normal_sale,active,Walk-in,Tomato,0.5,kg,42.13,21.07,8.07,0,0,1324.31,1324.31,0,255.81,cash:1324.31
KOS-2026-005754,2026-06-28,09:23,normal_sale,active,Walk-in,Sona Masoori Rice (loose),0.25,kg,63.6,15.9,4.4,0,0,1324.31,1324.31,0,255.81,cash:1324.31
KOS-2026-005754,2026-06-28,09:23,normal_sale,active,Walk-in,Dairy Milk 50g,1,piece,43.88,43.88,9.88,18,0,1324.31,1324.31,0,255.81,cash:1324.31
KOS-2026-005754,2026-06-28,09:23,normal_sale,active,Walk-in,Bournvita 500g,2,piece,282.99,565.98,101.98,18,0,1324.31,1324.31,0,255.81,cash:1324.31
KOS-2026-005753,2026-06-28,08:41,normal_sale,active,Sunita Kulkarni,Catch Red Chilli Powder 100g,1,piece,60,60,12,5,0,1039.77,0,1039.77,244.67,
KOS-2026-005753,2026-06-28,08:41,normal_sale,active,Sunita Kulkarni,Surf Excel Easy Wash 1kg,1,piece,155.05,155.05,37.05,18,0,1039.77,0,1039.77,244.67,
KOS-2026-005753,2026-06-28,08:41,normal_sale,active,Sunita Kulkarni,Toor Dal (loose),0.25,kg,148,37,7.5,0,0,1039.77,0,1039.77,244.67,
KOS-2026-005753,2026-06-28,08:41,normal_sale,active,Sunita Kulkarni,Maggi Noodles 70g,1,piece,14.47,14.47,2.97,12,0,1039.77,0,1039.77,244.67,
KOS-2026-005753,2026-06-28,08:41,normal_sale,active,Sunita Kulkarni,Red Label Tea 250g,3,piece,155.56,466.68,82.68,5,0,1039.77,0,1039.77,244.67,
KOS-2026-005753,2026-06-28,08:41,normal_sale,active,Sunita Kulkarni,Tomato,5,kg,42.13,210.65,80.65,0,0,1039.77,0,1039.77,244.67,
KOS-2026-005753,2026-06-28,08:41,normal_sale,active,Sunita Kulkarni,Amul Masti Dahi 400g,2,piece,40,80,16,5,0,1039.77,0,1039.77,244.67,
KOS-2026-005753,2026-06-28,08:41,normal_sale,active,Sunita Kulkarni,Potato,0.5,kg,27.6,13.8,4.8,0,0,1039.77,0,1039.77,244.67,
KOS-2026-005753,2026-06-28,08:41,normal_sale,active,Sunita Kulkarni,Match Box,1,piece,2.12,2.12,1.02,18,0,1039.77,0,1039.77,244.67,
KOS-2026-005752,2026-06-28,08:23,normal_sale,active,Smita Rane,Amul Butter 100g,1,piece,67.48,67.48,13.48,12,0,542.71,542,0,106.5,cash:542
KOS-2026-005752,2026-06-28,08:23,normal_sale,active,Smita Rane,Besan (loose),0.5,kg,101.44,50.72,11.72,5,0,542.71,542,0,106.5,cash:542
KOS-2026-005752,2026-06-28,08:23,normal_sale,active,Smita Rane,Haldiram Bhujia 200g,1,piece,57.38,57.38,12.38,12,0,542.71,542,0,106.5,cash:542
KOS-2026-005752,2026-06-28,08:23,normal_sale,active,Smita Rane,Bisleri Water 1L,1,piece,20,20,7,18,0,542.71,542,0,106.5,cash:542
KOS-2026-005752,2026-06-28,08:23,normal_sale,active,Smita Rane,Amul Masti Dahi 400g,1,piece,40,40,8,5,0,542.71,542,0,106.5,cash:542
KOS-2026-005752,2026-06-28,08:23,normal_sale,active,Smita Rane,MDH Garam Masala 100g,3,piece,94.71,284.13,50.13,5,0,542.71,542,0,106.5,cash:542
KOS-2026-005752,2026-06-28,08:23,normal_sale,active,Smita Rane,Chana Dal (loose),0.25,kg,92,23,4.5,0,0,542.71,542,0,106.5,cash:542
KOS-2026-005751,2026-06-27,21:19,normal_sale,active,Kavita Dsouza,5 Star 25g,2,piece,10.53,21.06,4.06,18,0,61.06,61.06,0,12.06,upi:61.06
KOS-2026-005751,2026-06-27,21:19,normal_sale,active,Kavita Dsouza,Coca-Cola 750ml,1,piece,40,40,8,28,0,61.06,61.06,0,12.06,upi:61.06
KOS-2026-005750,2026-06-27,21:05,normal_sale,active,Walk-in,Bisleri Water 1L,3,piece,20,60,21,18,0,411.86,411.86,0,76.86,upi:411.86
KOS-2026-005750,2026-06-27,21:05,normal_sale,active,Walk-in,Amul Taaza Milk 500ml,4,piece,28,112,12,0,0,411.86,411.86,0,76.86,upi:411.86
KOS-2026-005750,2026-06-27,21:05,normal_sale,active,Walk-in,Fortune Sunflower Oil 1L,1,piece,167.9,167.9,29.9,5,0,411.86,411.86,0,76.86,upi:411.86
KOS-2026-005750,2026-06-27,21:05,normal_sale,active,Walk-in,Wheat Atta (loose),0.5,kg,43.91,21.96,5.96,0,0,411.86,411.86,0,76.86,upi:411.86
KOS-2026-005750,2026-06-27,21:05,normal_sale,active,Walk-in,Britannia Brown Bread,1,piece,50,50,8,0,0,411.86,411.86,0,76.86,upi:411.86
KOS-2026-005749,2026-06-27,20:43,normal_sale,active,Sanjay Chavan,Sugar (loose),0.25,kg,49.89,12.47,2.22,5,0,482.85,482.85,0,94.6,cash:482.85
KOS-2026-005749,2026-06-27,20:43,normal_sale,active,Sanjay Chavan,Frooti 200ml,2,piece,10,20,3,12,0,482.85,482.85,0,94.6,cash:482.85
KOS-2026-005749,2026-06-27,20:43,normal_sale,active,Sanjay Chavan,Chana Dal (loose),0.5,kg,92,46,9,0,0,482.85,482.85,0,94.6,cash:482.85
KOS-2026-005749,2026-06-27,20:43,normal_sale,active,Sanjay Chavan,Sunfeast Dark Fantasy 75g,1,piece,42.8,42.8,8.8,18,0,482.85,482.85,0,94.6,cash:482.85
KOS-2026-005749,2026-06-27,20:43,normal_sale,active,Sanjay Chavan,Agarbatti Pack (20 sticks),1,piece,30,30,6,12,0,482.85,482.85,0,94.6,cash:482.85
KOS-2026-005749,2026-06-27,20:43,normal_sale,active,Sanjay Chavan,Parachute Coconut Oil 200ml,1,piece,104.12,104.12,22.12,18,0,482.85,482.85,0,94.6,cash:482.85
KOS-2026-005749,2026-06-27,20:43,normal_sale,active,Sanjay Chavan,Everest Turmeric 200g,2,piece,76,152,28,5,0,482.85,482.85,0,94.6,cash:482.85
KOS-2026-005749,2026-06-27,20:43,normal_sale,active,Sanjay Chavan,Amul Gold Milk 500ml,2,piece,37.73,75.46,15.46,0,0,482.85,482.85,0,94.6,cash:482.85
KOS-2026-005748,2026-06-27,20:07,normal_sale,active,Sai Snacks Corner,Lemon,1,piece,5,5,1.8,0,0,77.47,77.47,0,17.27,upi:77.47
KOS-2026-005748,2026-06-27,20:07,normal_sale,active,Sai Snacks Corner,Frooti 200ml,1,piece,10,10,1.5,12,0,77.47,77.47,0,17.27,upi:77.47
KOS-2026-005748,2026-06-27,20:07,normal_sale,active,Sai Snacks Corner,Bingo Mad Angles 66g,1,piece,20.81,20.81,4.31,12,0,77.47,77.47,0,17.27,upi:77.47
KOS-2026-005748,2026-06-27,20:07,normal_sale,active,Sai Snacks Corner,Thums Up 750ml,1,piece,41.66,41.66,9.66,28,0,77.47,77.47,0,17.27,upi:77.47
KOS-2026-005747,2026-06-27,20:00,normal_sale,active,Sai Snacks Corner,Sugar (loose),1,kg,49.89,49.89,8.89,5,0,118.96,0,118.96,22.11,
KOS-2026-005747,2026-06-27,20:00,normal_sale,active,Sai Snacks Corner,Dove Soap 100g,1,piece,68,68,13,18,0,118.96,0,118.96,22.11,
KOS-2026-005747,2026-06-27,20:00,normal_sale,active,Sai Snacks Corner,Center Fresh Gum (jar pc),1,piece,1.07,1.07,0.22,18,0,118.96,0,118.96,22.11,
KOS-2026-005746,2026-06-27,19:26,normal_sale,active,Walk-in,Lays Classic Salted 52g,1,piece,21.82,21.82,5.32,12,0,961.58,961,0,198.5,cash:961
KOS-2026-005746,2026-06-27,19:26,normal_sale,active,Walk-in,KitKat 4-finger,1,piece,21.13,21.13,4.13,18,0,961.58,961,0,198.5,cash:961
KOS-2026-005746,2026-06-27,19:26,normal_sale,active,Walk-in,Britannia Good Day 100g,1,piece,30.8,30.8,5.8,18,0,961.58,961,0,198.5,cash:961
KOS-2026-005746,2026-06-27,19:26,normal_sale,active,Walk-in,Candle Pack (6 pc),1,piece,43.92,43.92,11.92,12,0,961.58,961,0,198.5,cash:961
KOS-2026-005746,2026-06-27,19:26,normal_sale,active,Walk-in,Classmate Notebook 172pg,3,piece,60.62,181.86,55.86,12,0,961.58,961,0,198.5,cash:961
KOS-2026-005746,2026-06-27,19:26,normal_sale,active,Walk-in,Amul Taaza Milk 500ml,4,piece,28,112,12,0,0,961.58,961,0,198.5,cash:961
KOS-2026-005746,2026-06-27,19:26,normal_sale,active,Walk-in,Parle-G Biscuit 100g,10,piece,11,110,27,18,0,961.58,961,0,198.5,cash:961
KOS-2026-005746,2026-06-27,19:26,normal_sale,active,Walk-in,Aashirvaad Atta 5kg,1,piece,285,285,40,5,0,961.58,961,0,198.5,cash:961
KOS-2026-005746,2026-06-27,19:26,normal_sale,active,Walk-in,Surf Excel Easy Wash 1kg,1,piece,155.05,155.05,37.05,18,0,961.58,961,0,198.5,cash:961
KOS-2026-005745,2026-06-27,18:49,normal_sale,active,Walk-in,Kurkure Masala Munch 70g,3,piece,20,60,10.5,12,0,731.6,731,0,129.5,cash:731
KOS-2026-005745,2026-06-27,18:49,normal_sale,active,Walk-in,Fortune Sunflower Oil 1L,4,piece,167.9,671.6,119.6,5,0,731.6,731,0,129.5,cash:731
KOS-2026-005744,2026-06-27,18:28,normal_sale,active,Walk-in,Lux Soap 100g,1,piece,39.81,39.81,9.81,18,0,117.19,117.19,0,29.19,cash:117.19
KOS-2026-005744,2026-06-27,18:28,normal_sale,active,Walk-in,Bisleri Water 1L,1,piece,20,20,7,18,0,117.19,117.19,0,29.19,cash:117.19
KOS-2026-005744,2026-06-27,18:28,normal_sale,active,Walk-in,Haldiram Bhujia 200g,1,piece,57.38,57.38,12.38,12,0,117.19,117.19,0,29.19,cash:117.19
KOS-2026-005743,2026-06-27,17:58,normal_sale,active,Nilesh Kadam,Tomato,1,kg,42.13,42.13,16.13,0,0,87.13,48,39.13,25.93,upi:48
KOS-2026-005743,2026-06-27,17:58,normal_sale,active,Nilesh Kadam,Lemon,1,piece,5,5,1.8,0,0,87.13,48,39.13,25.93,upi:48
KOS-2026-005743,2026-06-27,17:58,normal_sale,active,Nilesh Kadam,Coca-Cola 750ml,1,piece,40,40,8,28,0,87.13,48,39.13,25.93,upi:48
KOS-2026-005742,2026-06-27,17:54,normal_sale,active,Nilesh Kulkarni,Candle Pack (6 pc),1,piece,43.92,43.92,11.92,12,0,398.79,398.79,0,87.29,cash:398.79
KOS-2026-005742,2026-06-27,17:54,normal_sale,active,Nilesh Kulkarni,Oreo Biscuit 120g,1,piece,35,35,5,18,0,398.79,398.79,0,87.29,cash:398.79
KOS-2026-005742,2026-06-27,17:54,normal_sale,active,Nilesh Kulkarni,Potato,0.25,kg,27.6,6.9,2.4,0,0,398.79,398.79,0,87.29,cash:398.79
KOS-2026-005742,2026-06-27,17:54,normal_sale,active,Nilesh Kulkarni,Lux Soap 100g,4,piece,39.81,159.24,39.24,18,0,398.79,398.79,0,87.29,cash:398.79
KOS-2026-005742,2026-06-27,17:54,normal_sale,active,Nilesh Kulkarni,5 Star 25g,1,piece,10.53,10.53,2.03,18,0,398.79,398.79,0,87.29,cash:398.79
KOS-2026-005742,2026-06-27,17:54,normal_sale,active,Nilesh Kulkarni,Kurkure Masala Munch 70g,1,piece,20,20,3.5,12,0,398.79,398.79,0,87.29,cash:398.79
KOS-2026-005742,2026-06-27,17:54,normal_sale,active,Nilesh Kulkarni,Britannia Good Day 100g,4,piece,30.8,123.2,23.2,18,0,398.79,398.79,0,87.29,cash:398.79
KOS-2026-005741,2026-06-27,17:41,normal_sale,active,Ganesh Sharma,Agarbatti Pack (20 sticks),1,piece,30,30,6,12,0,118.65,118.65,0,31.65,cash:118.65
KOS-2026-005741,2026-06-27,17:41,normal_sale,active,Ganesh Sharma,Lifebuoy Soap 125g,1,piece,35,35,7,18,0,118.65,118.65,0,31.65,cash:118.65
KOS-2026-005741,2026-06-27,17:41,normal_sale,active,Ganesh Sharma,Tomato,0.5,kg,42.13,21.07,8.07,0,0,118.65,118.65,0,31.65,cash:118.65
KOS-2026-005741,2026-06-27,17:41,normal_sale,active,Ganesh Sharma,Bisleri Water 1L,1,piece,20,20,7,18,0,118.65,118.65,0,31.65,cash:118.65
KOS-2026-005741,2026-06-27,17:41,normal_sale,active,Ganesh Sharma,Rava / Sooji (loose),0.25,kg,50.32,12.58,3.58,5,0,118.65,118.65,0,31.65,cash:118.65
KOS-2026-005740,2026-06-27,17:12,normal_sale,active,Arun Deshmukh,Sugar (loose),0.5,kg,49.89,24.95,4.45,5,0,24.95,24.95,0,4.45,upi:24.95
KOS-2026-005739,2026-06-27,13:59,normal_sale,active,Swati Singh,Sona Masoori Rice (loose),0.5,kg,63.6,31.8,8.8,0,0,75.21,75.21,0,17.71,upi:75.21
KOS-2026-005739,2026-06-27,13:59,normal_sale,active,Swati Singh,Maggi Noodles 70g,3,piece,14.47,43.41,8.91,12,0,75.21,75.21,0,17.71,upi:75.21
KOS-2026-005738,2026-06-27,13:43,normal_sale,active,Balaji Dsouza,Clinic Plus Shampoo 175ml,2,piece,140,266,30,18,0,296,296,0,36,cash:165|upi:131
KOS-2026-005738,2026-06-27,13:43,normal_sale,active,Balaji Dsouza,Agarbatti Pack (20 sticks),1,piece,30,30,6,12,0,296,296,0,36,cash:165|upi:131
KOS-2026-005737,2026-06-27,12:57,normal_sale,active,Sai Snacks Corner,Candle Pack (6 pc),2,piece,43.92,87.84,23.84,12,0,572.43,572.43,0,132.43,cash:572.43
KOS-2026-005737,2026-06-27,12:57,normal_sale,active,Sai Snacks Corner,Rava / Sooji (loose),2,kg,50.32,100.64,28.64,5,0,572.43,572.43,0,132.43,cash:572.43
KOS-2026-005737,2026-06-27,12:57,normal_sale,active,Sai Snacks Corner,Colgate Strong Teeth 200g,2,piece,114.06,228.12,44.12,18,0,572.43,572.43,0,132.43,cash:572.43
KOS-2026-005737,2026-06-27,12:57,normal_sale,active,Sai Snacks Corner,Sprite 750ml,1,piece,42.51,42.51,10.51,28,0,572.43,572.43,0,132.43,cash:572.43
KOS-2026-005737,2026-06-27,12:57,normal_sale,active,Sai Snacks Corner,Agarbatti Pack (20 sticks),1,piece,30,30,6,12,0,572.43,572.43,0,132.43,cash:572.43
KOS-2026-005737,2026-06-27,12:57,normal_sale,active,Sai Snacks Corner,Thums Up 750ml,2,piece,41.66,83.32,19.32,28,0,572.43,572.43,0,132.43,cash:572.43
KOS-2026-005736,2026-06-27,12:30,normal_sale,active,Deepak Jadhav,Sunfeast Dark Fantasy 75g,1,piece,42.8,42.8,8.8,18,0,916.08,916.08,0,188.08,upi:916.08
KOS-2026-005736,2026-06-27,12:30,normal_sale,active,Deepak Jadhav,Colgate Strong Teeth 200g,2,piece,114.06,228.12,44.12,18,0,916.08,916.08,0,188.08,upi:916.08
KOS-2026-005736,2026-06-27,12:30,normal_sale,active,Deepak Jadhav,Lifebuoy Soap 125g,2,piece,35,70,14,18,0,916.08,916.08,0,188.08,upi:916.08
KOS-2026-005736,2026-06-27,12:30,normal_sale,active,Deepak Jadhav,Dettol Antiseptic 250ml,2,piece,172.13,344.26,80.26,18,0,916.08,916.08,0,188.08,upi:916.08
KOS-2026-005736,2026-06-27,12:30,normal_sale,active,Deepak Jadhav,Ariel Detergent 1kg,1,piece,155,155,23,18,0,916.08,916.08,0,188.08,upi:916.08
KOS-2026-005736,2026-06-27,12:30,normal_sale,active,Deepak Jadhav,Nirma Washing Powder 1kg,1,piece,75.9,75.9,17.9,18,0,916.08,916.08,0,188.08,upi:916.08
KOS-2026-005735,2026-06-27,11:57,normal_sale,active,Hotel Green Leaf,Vim Dishwash Bar 200g,1,piece,21.3,21.3,5.3,18,0,21.3,0,21.3,5.3,
KOS-2026-005734,2026-06-27,11:36,normal_sale,active,Walk-in,Amul Masti Dahi 400g,1,piece,40,40,8,5,17.11,22.89,22,0,-10,cash:22
KOS-2026-005733,2026-06-27,11:32,normal_sale,active,Walk-in,Onion,0.25,kg,35.9,8.98,2.98,0,0,128.98,128.98,0,26.98,cash:128.98
KOS-2026-005733,2026-06-27,11:32,normal_sale,active,Walk-in,Agarbatti Pack (20 sticks),4,piece,30,120,24,12,0,128.98,128.98,0,26.98,cash:128.98
KOS-2026-005732,2026-06-27,10:41,normal_sale,active,Walk-in,Maggi Noodles 8-pack,1,piece,108,108,16,12,0,272.29,272.29,0,50.39,upi:272.29
KOS-2026-005732,2026-06-27,10:41,normal_sale,active,Walk-in,Real Mixed Fruit Juice 1L,1,piece,131.29,131.29,26.29,12,0,272.29,272.29,0,50.39,upi:272.29
KOS-2026-005732,2026-06-27,10:41,normal_sale,active,Walk-in,Parle-G Biscuit 100g,3,piece,11,33,8.1,18,0,272.29,272.29,0,50.39,upi:272.29
KOS-2026-005731,2026-06-27,10:26,normal_sale,active,Madhuri Sharma,Lizol Floor Cleaner 500ml,1,piece,125,125,20,18,0,1008.99,1008,0,208.5,cash:1008
KOS-2026-005731,2026-06-27,10:26,normal_sale,active,Madhuri Sharma,Maggi Noodles 8-pack,1,piece,108,108,16,12,0,1008.99,1008,0,208.5,cash:1008
KOS-2026-005731,2026-06-27,10:26,normal_sale,active,Madhuri Sharma,Britannia Good Day 100g,1,piece,30.8,30.8,5.8,18,0,1008.99,1008,0,208.5,cash:1008
KOS-2026-005731,2026-06-27,10:26,normal_sale,active,Madhuri Sharma,Thums Up 750ml,2,piece,41.66,83.32,19.32,28,0,1008.99,1008,0,208.5,cash:1008
KOS-2026-005731,2026-06-27,10:26,normal_sale,active,Madhuri Sharma,Tata Salt 1kg,1,piece,30.94,30.94,6.94,0,0,1008.99,1008,0,208.5,cash:1008
KOS-2026-005731,2026-06-27,10:26,normal_sale,active,Madhuri Sharma,Surf Excel Easy Wash 1kg,3,piece,155.05,465.15,111.15,18,0,1008.99,1008,0,208.5,cash:1008
KOS-2026-005731,2026-06-27,10:26,normal_sale,active,Madhuri Sharma,Vim Liquid 500ml,1,piece,118,118,20,18,0,1008.99,1008,0,208.5,cash:1008
KOS-2026-005731,2026-06-27,10:26,normal_sale,active,Madhuri Sharma,Potato,0.25,kg,27.6,6.9,2.4,0,0,1008.99,1008,0,208.5,cash:1008
KOS-2026-005731,2026-06-27,10:26,normal_sale,active,Madhuri Sharma,Britannia Marie Gold 250g,1,piece,40.88,40.88,7.88,18,0,1008.99,1008,0,208.5,cash:1008
KOS-2026-005730,2026-06-27,09:36,normal_sale,active,Madhuri Shaikh,5 Star 25g,2,piece,10.53,21.06,4.06,18,0,21.06,21.06,0,4.06,upi:21.06
KOS-2026-005729,2026-06-27,09:15,normal_sale,active,Walk-in,Rajma (loose),0.25,kg,138,34.5,7.5,0,0,1173.37,1173.37,0,253.57,upi:1173.37
KOS-2026-005729,2026-06-27,09:15,normal_sale,active,Walk-in,Harpic Toilet Cleaner 500ml,1,piece,112.02,112.02,24.02,18,0,1173.37,1173.37,0,253.57,upi:1173.37
KOS-2026-005729,2026-06-27,09:15,normal_sale,active,Walk-in,Sona Masoori Rice (loose),0.25,kg,63.6,15.9,4.4,0,0,1173.37,1173.37,0,253.57,upi:1173.37
KOS-2026-005729,2026-06-27,09:15,normal_sale,active,Walk-in,Parle-G Biscuit 100g,1,piece,11,11,2.7,18,0,1173.37,1173.37,0,253.57,upi:1173.37
KOS-2026-005729,2026-06-27,09:15,normal_sale,active,Walk-in,Surf Excel Easy Wash 1kg,3,piece,155.05,465.15,111.15,18,0,1173.37,1173.37,0,253.57,upi:1173.37
KOS-2026-005729,2026-06-27,09:15,normal_sale,active,Walk-in,Amul Taaza Milk 500ml,1,piece,28,28,3,0,0,1173.37,1173.37,0,253.57,upi:1173.37
KOS-2026-005729,2026-06-27,09:15,normal_sale,active,Walk-in,Dairy Milk 50g,1,piece,43.88,43.88,9.88,18,0,1173.37,1173.37,0,253.57,upi:1173.37
KOS-2026-005729,2026-06-27,09:15,normal_sale,active,Walk-in,Red Label Tea 250g,2,piece,155.56,311.12,55.12,5,0,1173.37,1173.37,0,253.57,upi:1173.37
KOS-2026-005729,2026-06-27,09:15,normal_sale,active,Walk-in,Nirma Washing Powder 1kg,2,piece,75.9,151.8,35.8,18,0,1173.37,1173.37,0,253.57,upi:1173.37
KOS-2026-005728,2026-06-27,09:13,normal_sale,active,Walk-in,Tata Salt 1kg,1,piece,30.94,30.94,6.94,0,0,309.59,309.59,0,68.59,cash:309.59
KOS-2026-005728,2026-06-27,09:13,normal_sale,active,Walk-in,Thums Up 750ml,2,piece,41.66,83.32,19.32,28,0,309.59,309.59,0,68.59,cash:309.59
KOS-2026-005728,2026-06-27,09:13,normal_sale,active,Walk-in,Haldiram Bhujia 200g,1,piece,57.38,57.38,12.38,12,0,309.59,309.59,0,68.59,cash:309.59
KOS-2026-005728,2026-06-27,09:13,normal_sale,active,Walk-in,Onion,0.5,kg,35.9,17.95,5.95,0,0,309.59,309.59,0,68.59,cash:309.59
KOS-2026-005728,2026-06-27,09:13,normal_sale,active,Walk-in,Coca-Cola 750ml,3,piece,40,120,24,28,0,309.59,309.59,0,68.59,cash:309.59
KOS-2026-005727,2026-06-27,08:58,normal_sale,active,Walk-in,Red Label Tea 250g,1,piece,155.56,155.56,27.56,5,0,766.5,766.5,0,119.5,upi:766.5
KOS-2026-005727,2026-06-27,08:58,normal_sale,active,Walk-in,Aashirvaad Atta 5kg,1,piece,285,285,40,5,0,766.5,766.5,0,119.5,upi:766.5
KOS-2026-005727,2026-06-27,08:58,normal_sale,active,Walk-in,Ariel Detergent 1kg,1,piece,155,155,23,18,0,766.5,766.5,0,119.5,upi:766.5
KOS-2026-005727,2026-06-27,08:58,normal_sale,active,Walk-in,Tata Salt 1kg,1,piece,30.94,30.94,6.94,0,0,766.5,766.5,0,119.5,upi:766.5
KOS-2026-005727,2026-06-27,08:58,normal_sale,active,Walk-in,Lifebuoy Soap 125g,1,piece,35,35,7,18,0,766.5,766.5,0,119.5,upi:766.5
KOS-2026-005727,2026-06-27,08:58,normal_sale,active,Walk-in,Oreo Biscuit 120g,3,piece,35,105,15,18,0,766.5,766.5,0,119.5,upi:766.5
KOS-2026-005726,2026-06-27,08:54,normal_sale,active,Sai Snacks Corner,Potato,0.5,kg,27.6,13.8,4.8,0,0,42.74,0,42.74,10.74,
KOS-2026-005726,2026-06-27,08:54,normal_sale,active,Sai Snacks Corner,Maggi Noodles 70g,2,piece,14.47,28.94,5.94,12,0,42.74,0,42.74,10.74,
KOS-2026-005725,2026-06-27,08:38,normal_sale,active,Ashok Khan,Harpic Toilet Cleaner 500ml,1,piece,112.02,112.02,24.02,18,0,112.02,112.02,0,24.02,upi:112.02
KOS-2026-005724,2026-06-27,08:21,normal_sale,active,Sanjay Chavan,Amul Gold Milk 500ml,1,piece,37.73,37.73,7.73,0,0,297.92,297.92,0,70.62,bank:297.92
KOS-2026-005724,2026-06-27,08:21,normal_sale,active,Sanjay Chavan,Tomato,0.5,kg,42.13,21.07,8.07,0,0,297.92,297.92,0,70.62,bank:297.92
KOS-2026-005724,2026-06-27,08:21,normal_sale,active,Sanjay Chavan,Parle-G Biscuit 100g,6,piece,11,66,16.2,18,0,297.92,297.92,0,70.62,bank:297.92
KOS-2026-005724,2026-06-27,08:21,normal_sale,active,Sanjay Chavan,Potato,0.25,kg,27.6,6.9,2.4,0,0,297.92,297.92,0,70.62,bank:297.92
KOS-2026-005724,2026-06-27,08:21,normal_sale,active,Sanjay Chavan,5 Star 25g,5,piece,10.53,52.65,10.15,18,0,297.92,297.92,0,70.62,bank:297.92
KOS-2026-005724,2026-06-27,08:21,normal_sale,active,Sanjay Chavan,Sugar (loose),0.5,kg,49.89,24.95,4.45,5,0,297.92,297.92,0,70.62,bank:297.92
KOS-2026-005724,2026-06-27,08:21,normal_sale,active,Sanjay Chavan,Amul Taaza Milk 500ml,1,piece,28,28,3,0,0,297.92,297.92,0,70.62,bank:297.92
KOS-2026-005724,2026-06-27,08:21,normal_sale,active,Sanjay Chavan,Classmate Notebook 172pg,1,piece,60.62,60.62,18.62,12,0,297.92,297.92,0,70.62,bank:297.92
KOS-2026-005723,2026-06-27,08:04,normal_sale,active,Hotel Green Leaf,Parle-G Biscuit 100g,1,piece,11,11,2.7,18,0,218.89,0,218.89,45.19,
KOS-2026-005723,2026-06-27,08:04,normal_sale,active,Hotel Green Leaf,Sugar (loose),1,kg,49.89,49.89,8.89,5,0,218.89,0,218.89,45.19,
KOS-2026-005723,2026-06-27,08:04,normal_sale,active,Hotel Green Leaf,Lemon,2,piece,5,10,3.6,0,0,218.89,0,218.89,45.19,
KOS-2026-005723,2026-06-27,08:04,normal_sale,active,Hotel Green Leaf,Toor Dal (loose),1,kg,148,148,30,0,0,218.89,0,218.89,45.19,
KOS-2026-005722,2026-06-27,08:00,normal_sale,active,Walk-in,Urad Dal (loose),2,kg,139.94,279.88,69.88,0,0,491.7,491.7,0,116,upi:491.7
KOS-2026-005722,2026-06-27,08:00,normal_sale,active,Walk-in,5 Star 25g,1,piece,10.53,10.53,2.03,18,0,491.7,491.7,0,116,upi:491.7
KOS-2026-005722,2026-06-27,08:00,normal_sale,active,Walk-in,Lemon,6,piece,5,30,10.8,0,0,491.7,491.7,0,116,upi:491.7
KOS-2026-005722,2026-06-27,08:00,normal_sale,active,Walk-in,Kurkure Masala Munch 70g,2,piece,20,40,7,12,0,491.7,491.7,0,116,upi:491.7
KOS-2026-005722,2026-06-27,08:00,normal_sale,active,Walk-in,Real Mixed Fruit Juice 1L,1,piece,131.29,131.29,26.29,12,0,491.7,491.7,0,116,upi:491.7
KOS-2026-005721,2026-06-26,21:45,normal_sale,active,Walk-in,Gillette Guard Razor,3,piece,36.91,110.73,26.73,18,0,1002.67,1002.67,0,164.67,upi:1002.67
KOS-2026-005721,2026-06-26,21:45,normal_sale,active,Walk-in,Tata Salt 1kg,1,piece,30.94,30.94,6.94,0,0,1002.67,1002.67,0,164.67,upi:1002.67
KOS-2026-005721,2026-06-26,21:45,normal_sale,active,Walk-in,Clinic Plus Shampoo 175ml,1,piece,140,140,22,18,0,1002.67,1002.67,0,164.67,upi:1002.67
KOS-2026-005721,2026-06-26,21:45,normal_sale,active,Walk-in,Ariel Detergent 1kg,3,piece,155,465,69,18,0,1002.67,1002.67,0,164.67,upi:1002.67
KOS-2026-005721,2026-06-26,21:45,normal_sale,active,Walk-in,Nivea Cold Cream 60ml,2,piece,128,256,40,18,0,1002.67,1002.67,0,164.67,upi:1002.67
KOS-2026-005720,2026-06-26,21:31,normal_sale,active,Walk-in,Real Mixed Fruit Juice 1L,2,piece,131.29,262.58,52.58,12,0,776.2,776.2,0,164.2,upi:776.2
KOS-2026-005720,2026-06-26,21:31,normal_sale,active,Walk-in,Dettol Antiseptic 250ml,2,piece,172.13,344.26,80.26,18,0,776.2,776.2,0,164.2,upi:776.2
KOS-2026-005720,2026-06-26,21:31,normal_sale,active,Walk-in,Coca-Cola 750ml,1,piece,40,40,8,28,0,776.2,776.2,0,164.2,upi:776.2
KOS-2026-005720,2026-06-26,21:31,normal_sale,active,Walk-in,Close Up Red 150g,1,piece,94.36,94.36,16.36,18,0,776.2,776.2,0,164.2,upi:776.2
KOS-2026-005720,2026-06-26,21:31,normal_sale,active,Walk-in,Lifebuoy Soap 125g,1,piece,35,35,7,18,0,776.2,776.2,0,164.2,upi:776.2
KOS-2026-005719,2026-06-26,21:11,normal_sale,active,Gurpreet Pawar,Oreo Biscuit 120g,1,piece,35,35,5,18,0,63,63,0,12,cash:63
KOS-2026-005719,2026-06-26,21:11,normal_sale,active,Gurpreet Pawar,Poha (loose),0.5,kg,56,28,7,5,0,63,63,0,12,cash:63
KOS-2026-005718,2026-06-26,20:29,normal_sale,active,Lata Kulkarni,Onion,0.5,kg,35.9,17.95,5.95,0,0,188.76,188.76,0,42.76,upi:188.76
KOS-2026-005718,2026-06-26,20:29,normal_sale,active,Lata Kulkarni,Bingo Mad Angles 66g,1,piece,20.81,20.81,4.31,12,0,188.76,188.76,0,42.76,upi:188.76
KOS-2026-005718,2026-06-26,20:29,normal_sale,active,Lata Kulkarni,Bisleri Water 1L,1,piece,20,20,7,18,0,188.76,188.76,0,42.76,upi:188.76
KOS-2026-005718,2026-06-26,20:29,normal_sale,active,Lata Kulkarni,Agarbatti Pack (20 sticks),4,piece,30,120,24,12,0,188.76,188.76,0,42.76,upi:188.76
KOS-2026-005718,2026-06-26,20:29,normal_sale,active,Lata Kulkarni,Frooti 200ml,1,piece,10,10,1.5,12,0,188.76,188.76,0,42.76,upi:188.76
KOS-2026-005717,2026-06-26,20:17,normal_sale,active,Walk-in,Maggi Noodles 70g,1,piece,14.47,14.47,2.97,12,22,977,977,0,185.5,cash:977
KOS-2026-005717,2026-06-26,20:17,normal_sale,active,Walk-in,Britannia Good Day 100g,1,piece,30.8,30.8,5.8,18,22,977,977,0,185.5,cash:977
KOS-2026-005717,2026-06-26,20:17,normal_sale,active,Walk-in,Britannia Brown Bread,3,piece,50,150,24,0,22,977,977,0,185.5,cash:977
KOS-2026-005717,2026-06-26,20:17,normal_sale,active,Walk-in,Camphor 50g,3,piece,58.45,175.35,49.35,12,22,977,977,0,185.5,cash:977
KOS-2026-005717,2026-06-26,20:17,normal_sale,active,Walk-in,Haldiram Bhujia 200g,3,piece,57.38,172.14,37.14,12,22,977,977,0,185.5,cash:977
KOS-2026-005717,2026-06-26,20:17,normal_sale,active,Walk-in,Colgate Strong Teeth 200g,4,piece,114.06,456.24,88.24,18,22,977,977,0,185.5,cash:977
KOS-2026-005716,2026-06-26,19:58,normal_sale,active,Walk-in,Toor Dal (loose),0.5,kg,148,74,15,0,0,328.22,328.22,0,66.72,upi:328.22
KOS-2026-005716,2026-06-26,19:58,normal_sale,active,Walk-in,Sunfeast Dark Fantasy 75g,1,piece,42.8,42.8,8.8,18,0,328.22,328.22,0,66.72,upi:328.22
KOS-2026-005716,2026-06-26,19:58,normal_sale,active,Walk-in,Wheat Atta (loose),1,kg,43.91,43.91,11.91,0,0,328.22,328.22,0,66.72,upi:328.22
KOS-2026-005716,2026-06-26,19:58,normal_sale,active,Walk-in,Sprite 750ml,1,piece,42.51,42.51,10.51,28,0,328.22,328.22,0,66.72,upi:328.22
KOS-2026-005716,2026-06-26,19:58,normal_sale,active,Walk-in,Lifebuoy Soap 125g,1,piece,35,35,7,18,0,328.22,328.22,0,66.72,upi:328.22
KOS-2026-005716,2026-06-26,19:58,normal_sale,active,Walk-in,Frooti 200ml,9,piece,10,90,13.5,12,0,328.22,328.22,0,66.72,upi:328.22
KOS-2026-005715,2026-06-26,19:54,normal_sale,active,Walk-in,Red Label Tea 250g,1,piece,155.56,155.56,27.56,5,0,155.56,155,0,27,cash:155
KOS-2026-005714,2026-06-26,19:30,normal_sale,active,Walk-in,Tomato,1,kg,42.13,42.13,16.13,0,0,54.6,54,0,17.75,cash:54
KOS-2026-005714,2026-06-26,19:30,normal_sale,active,Walk-in,Sugar (loose),0.25,kg,49.89,12.47,2.22,5,0,54.6,54,0,17.75,cash:54
KOS-2026-005713,2026-06-26,19:11,normal_sale,active,Nilesh Kadam,Lays Classic Salted 52g,2,piece,21.82,43.64,10.64,12,0,370.58,0,370.58,78.58,
KOS-2026-005713,2026-06-26,19:11,normal_sale,active,Nilesh Kadam,Nirma Washing Powder 1kg,1,piece,75.9,75.9,17.9,18,0,370.58,0,370.58,78.58,
KOS-2026-005713,2026-06-26,19:11,normal_sale,active,Nilesh Kadam,Britannia Marie Gold 250g,3,piece,40.88,122.64,23.64,18,0,370.58,0,370.58,78.58,
KOS-2026-005713,2026-06-26,19:11,normal_sale,active,Nilesh Kadam,Sunfeast Dark Fantasy 75g,3,piece,42.8,128.4,26.4,18,0,370.58,0,370.58,78.58,
KOS-2026-005712,2026-06-26,19:11,normal_sale,active,Walk-in,Haldiram Bhujia 200g,1,piece,57.38,57.38,12.38,12,35.15,207.07,207.07,0,17.07,upi:207.07
KOS-2026-005712,2026-06-26,19:11,normal_sale,active,Walk-in,Nirma Washing Powder 1kg,1,piece,75.9,75.9,17.9,18,35.15,207.07,207.07,0,17.07,upi:207.07
KOS-2026-005712,2026-06-26,19:11,normal_sale,active,Walk-in,Maggi Noodles 70g,2,piece,14.47,28.94,5.94,12,35.15,207.07,207.07,0,17.07,upi:207.07
KOS-2026-005712,2026-06-26,19:11,normal_sale,active,Walk-in,Amul Masti Dahi 400g,2,piece,40,80,16,5,35.15,207.07,207.07,0,17.07,upi:207.07
KOS-2026-005711,2026-06-26,19:06,normal_sale,active,Walk-in,Kurkure Masala Munch 70g,1,piece,20,20,3.5,12,0,359.19,359.19,0,79.69,upi:359.19
KOS-2026-005711,2026-06-26,19:06,normal_sale,active,Walk-in,Sona Masoori Rice (loose),1,kg,63.6,63.6,17.6,0,0,359.19,359.19,0,79.69,upi:359.19
KOS-2026-005711,2026-06-26,19:06,normal_sale,active,Walk-in,Good Knight Refill 45ml,1,piece,92.07,92.07,20.07,18,0,359.19,359.19,0,79.69,upi:359.19
KOS-2026-005711,2026-06-26,19:06,normal_sale,active,Walk-in,Britannia Marie Gold 250g,4,piece,40.88,163.52,31.52,18,0,359.19,359.19,0,79.69,upi:359.19
KOS-2026-005711,2026-06-26,19:06,normal_sale,active,Walk-in,Bisleri Water 1L,1,piece,20,20,7,18,0,359.19,359.19,0,79.69,upi:359.19
KOS-2026-005710,2026-06-26,18:40,normal_sale,active,Walk-in,Maggi Noodles 70g,1,piece,14.47,14.47,2.97,12,0,59.47,59.47,0,12.77,cash:59.47
KOS-2026-005710,2026-06-26,18:40,normal_sale,active,Walk-in,Coca-Cola 750ml,1,piece,40,40,8,28,0,59.47,59.47,0,12.77,cash:59.47
KOS-2026-005710,2026-06-26,18:40,normal_sale,active,Walk-in,Lemon,1,piece,5,5,1.8,0,0,59.47,59.47,0,12.77,cash:59.47
KOS-2026-005709,2026-06-26,17:53,normal_sale,active,Pooja Chavan,Groundnut / Peanut (loose),1,kg,114.59,114.59,26.59,5,0,783.03,783,0,141,cash:783
KOS-2026-005709,2026-06-26,17:53,normal_sale,active,Pooja Chavan,Fortune Sunflower Oil 1L,1,piece,167.9,167.9,29.9,5,0,783.03,783,0,141,cash:783
KOS-2026-005709,2026-06-26,17:53,normal_sale,active,Pooja Chavan,Sunfeast Dark Fantasy 75g,2,piece,42.8,85.6,17.6,18,0,783.03,783,0,141,cash:783
KOS-2026-005709,2026-06-26,17:53,normal_sale,active,Pooja Chavan,Tata Salt 1kg,1,piece,30.94,30.94,6.94,0,0,783.03,783,0,141,cash:783
KOS-2026-005709,2026-06-26,17:53,normal_sale,active,Pooja Chavan,Nivea Cold Cream 60ml,3,piece,128,384,60,18,0,783.03,783,0,141,cash:783
KOS-2026-005708,2026-06-26,17:08,normal_sale,active,Walk-in,Amul Taaza Milk 500ml,1,piece,28,28,3,0,0,31.21,31.21,0,3.66,upi:31.21
KOS-2026-005708,2026-06-26,17:08,normal_sale,active,Walk-in,Center Fresh Gum (jar pc),3,piece,1.07,3.21,0.66,18,0,31.21,31.21,0,3.66,upi:31.21
KOS-2026-005707,2026-06-26,17:04,normal_sale,active,Smita Rane,Agarbatti Pack (20 sticks),4,piece,30,120,24,12,0,446.24,446.24,0,93.74,upi:446.24
KOS-2026-005707,2026-06-26,17:04,normal_sale,active,Smita Rane,Lays Classic Salted 52g,1,piece,21.82,21.82,5.32,12,0,446.24,446.24,0,93.74,upi:446.24
KOS-2026-005707,2026-06-26,17:04,normal_sale,active,Smita Rane,Haldiram Bhujia 200g,2,piece,57.38,114.76,24.76,12,0,446.24,446.24,0,93.74,upi:446.24
KOS-2026-005707,2026-06-26,17:04,normal_sale,active,Smita Rane,Toor Dal (loose),1,kg,148,148,30,0,0,446.24,446.24,0,93.74,upi:446.24
KOS-2026-005707,2026-06-26,17:04,normal_sale,active,Smita Rane,Thums Up 750ml,1,piece,41.66,41.66,9.66,28,0,446.24,446.24,0,93.74,upi:446.24
KOS-2026-005706,2026-06-26,13:12,normal_sale,active,Walk-in,Tomato,0.25,kg,42.13,10.53,4.03,0,0,224.28,224.28,0,54.98,cash:224.28
KOS-2026-005706,2026-06-26,13:12,normal_sale,active,Walk-in,Wheat Atta (loose),0.5,kg,43.91,21.96,5.96,0,0,224.28,224.28,0,54.98,cash:224.28
KOS-2026-005706,2026-06-26,13:12,normal_sale,active,Walk-in,Onion,1,kg,35.9,35.9,11.9,0,0,224.28,224.28,0,54.98,cash:224.28
KOS-2026-005706,2026-06-26,13:12,normal_sale,active,Walk-in,Coca-Cola 750ml,1,piece,40,40,8,28,0,224.28,224.28,0,54.98,cash:224.28
KOS-2026-005706,2026-06-26,13:12,normal_sale,active,Walk-in,Sugar (loose),1,kg,49.89,49.89,8.89,5,0,224.28,224.28,0,54.98,cash:224.28
KOS-2026-005706,2026-06-26,13:12,normal_sale,active,Walk-in,Parle-G Biscuit 100g,6,piece,11,66,16.2,18,0,224.28,224.28,0,54.98,cash:224.28
KOS-2026-005705,2026-06-26,12:55,normal_sale,active,Lata Kulkarni,Lifebuoy Soap 125g,1,piece,35,35,7,18,0,100.88,100.88,0,22.28,cash:100.88
KOS-2026-005705,2026-06-26,12:55,normal_sale,active,Lata Kulkarni,Parle-G Biscuit 100g,2,piece,11,22,5.4,18,0,100.88,100.88,0,22.28,cash:100.88
KOS-2026-005705,2026-06-26,12:55,normal_sale,active,Lata Kulkarni,Dairy Milk 50g,1,piece,43.88,43.88,9.88,18,0,100.88,100.88,0,22.28,cash:100.88
KOS-2026-005704,2026-06-26,12:41,normal_sale,active,Sanjay Kulkarni,Thums Up 750ml,1,piece,41.66,41.66,9.66,28,0,416.6,416.6,0,90.6,upi:416.6
KOS-2026-005704,2026-06-26,12:41,normal_sale,active,Sanjay Kulkarni,Sugar (loose),1,kg,49.89,49.89,8.89,5,0,416.6,416.6,0,90.6,upi:416.6
KOS-2026-005704,2026-06-26,12:41,normal_sale,active,Sanjay Kulkarni,Vim Dishwash Bar 200g,2,piece,21.3,42.6,10.6,18,0,416.6,416.6,0,90.6,upi:416.6
KOS-2026-005704,2026-06-26,12:41,normal_sale,active,Sanjay Kulkarni,Britannia Good Day 100g,3,piece,30.8,92.4,17.4,18,0,416.6,416.6,0,90.6,upi:416.6
KOS-2026-005704,2026-06-26,12:41,normal_sale,active,Sanjay Kulkarni,Surf Excel Easy Wash 1kg,1,piece,155.05,155.05,37.05,18,0,416.6,416.6,0,90.6,upi:416.6
KOS-2026-005704,2026-06-26,12:41,normal_sale,active,Sanjay Kulkarni,Lifebuoy Soap 125g,1,piece,35,35,7,18,0,416.6,416.6,0,90.6,upi:416.6
KOS-2026-005703,2026-06-26,12:22,normal_sale,active,Walk-in,Toor Dal (loose),1,kg,148,148,30,0,0,2559.85,2559.85,0,488.85,cash:2559.85
KOS-2026-005703,2026-06-26,12:22,normal_sale,active,Walk-in,Moong Dal (loose),2,kg,129.02,258.04,66.04,0,0,2559.85,2559.85,0,488.85,cash:2559.85
KOS-2026-005703,2026-06-26,12:22,normal_sale,active,Walk-in,Horlicks 500g,2,piece,312.9,625.8,135.8,18,0,2559.85,2559.85,0,488.85,cash:2559.85
KOS-2026-005703,2026-06-26,12:22,normal_sale,active,Walk-in,Groundnut / Peanut (loose),0.5,kg,114.59,57.3,13.3,5,0,2559.85,2559.85,0,488.85,cash:2559.85
KOS-2026-005703,2026-06-26,12:22,normal_sale,active,Walk-in,Coca-Cola 750ml,1,piece,40,40,8,28,0,2559.85,2559.85,0,488.85,cash:2559.85
KOS-2026-005703,2026-06-26,12:22,normal_sale,active,Walk-in,Parachute Coconut Oil 200ml,1,piece,104.12,104.12,22.12,18,0,2559.85,2559.85,0,488.85,cash:2559.85
KOS-2026-005703,2026-06-26,12:22,normal_sale,active,Walk-in,Bournvita 500g,2,piece,282.99,565.98,101.98,18,0,2559.85,2559.85,0,488.85,cash:2559.85
KOS-2026-005703,2026-06-26,12:22,normal_sale,active,Walk-in,Amul Gold Milk 500ml,3,piece,37.73,113.19,23.19,0,0,2559.85,2559.85,0,488.85,cash:2559.85
KOS-2026-005703,2026-06-26,12:22,normal_sale,active,Walk-in,Amul Cheese Slices 200g,2,piece,146.21,292.42,48.42,12,0,2559.85,2559.85,0,488.85,cash:2559.85
KOS-2026-005703,2026-06-26,12:22,normal_sale,active,Walk-in,Amul Ghee 500ml,1,piece,355,355,40,12,0,2559.85,2559.85,0,488.85,cash:2559.85
KOS-2026-005702,2026-06-26,12:00,normal_sale,active,Kiran Singh,Groundnut / Peanut (loose),0.5,kg,114.59,57.3,13.3,5,0,217.32,217.32,0,56.82,upi:217.32
KOS-2026-005702,2026-06-26,12:00,normal_sale,active,Kiran Singh,Lays Classic Salted 52g,1,piece,21.82,21.82,5.32,12,0,217.32,217.32,0,56.82,upi:217.32
KOS-2026-005702,2026-06-26,12:00,normal_sale,active,Kiran Singh,Vim Dishwash Bar 200g,1,piece,21.3,21.3,5.3,18,0,217.32,217.32,0,56.82,upi:217.32
KOS-2026-005702,2026-06-26,12:00,normal_sale,active,Kiran Singh,Camphor 50g,2,piece,58.45,116.9,32.9,12,0,217.32,217.32,0,56.82,upi:217.32
KOS-2026-005701,2026-06-26,11:57,normal_sale,active,Walk-in,Frooti 200ml,1,piece,10,10,1.5,12,0,10,10,0,1.5,upi:10
KOS-2026-005700,2026-06-26,11:48,normal_sale,active,Pooja Deshmukh,Camphor 50g,1,piece,58.45,58.45,16.45,12,0,428.32,0,428.32,85.32,
KOS-2026-005700,2026-06-26,11:48,normal_sale,active,Pooja Deshmukh,Good Knight Refill 45ml,4,piece,92.07,349.87,61.87,18,0,428.32,0,428.32,85.32,
KOS-2026-005700,2026-06-26,11:48,normal_sale,active,Pooja Deshmukh,Bisleri Water 1L,1,piece,20,20,7,18,0,428.32,0,428.32,85.32,
KOS-2026-005699,2026-06-26,11:34,normal_sale,active,Vijay Shaikh,Sugar (loose),1,kg,49.89,49.89,8.89,5,0,214.82,214.82,0,47.82,upi:214.82
KOS-2026-005699,2026-06-26,11:34,normal_sale,active,Vijay Shaikh,Yippee Noodles 70g,1,piece,14.96,14.96,3.96,12,0,214.82,214.82,0,47.82,upi:214.82
KOS-2026-005699,2026-06-26,11:34,normal_sale,active,Vijay Shaikh,Moong Dal (loose),0.5,kg,129.02,64.51,16.51,0,0,214.82,214.82,0,47.82,upi:214.82
KOS-2026-005699,2026-06-26,11:34,normal_sale,active,Vijay Shaikh,Amul Gold Milk 500ml,2,piece,37.73,75.46,15.46,0,0,214.82,214.82,0,47.82,upi:214.82
KOS-2026-005699,2026-06-26,11:34,normal_sale,active,Vijay Shaikh,Reynolds Pen,1,piece,10,10,3,12,0,214.82,214.82,0,47.82,upi:214.82
KOS-2026-005698,2026-06-26,11:30,normal_sale,active,Walk-in,Dairy Milk 50g,3,piece,43.88,131.64,29.64,18,0,189.02,189.02,0,42.02,upi:189.02
KOS-2026-005698,2026-06-26,11:30,normal_sale,active,Walk-in,Haldiram Bhujia 200g,1,piece,57.38,57.38,12.38,12,0,189.02,189.02,0,42.02,upi:189.02
KOS-2026-005697,2026-06-26,11:27,normal_sale,active,Ashok Jadhav,Sugar (loose),2,kg,49.89,99.78,17.78,5,0,559.78,559.78,0,107.78,bank:559.78
KOS-2026-005697,2026-06-26,11:27,normal_sale,active,Ashok Jadhav,Chana Dal (loose),5,kg,92,460,90,0,0,559.78,559.78,0,107.78,bank:559.78
KOS-2026-005696,2026-06-26,10:29,normal_sale,active,Lata Chavan,Thums Up 750ml,2,piece,41.66,83.32,19.32,28,0,286.27,286.27,0,56.27,upi:286.27
KOS-2026-005696,2026-06-26,10:29,normal_sale,active,Lata Chavan,Onion,0.5,kg,35.9,17.95,5.95,0,0,286.27,286.27,0,56.27,upi:286.27
KOS-2026-005696,2026-06-26,10:29,normal_sale,active,Lata Chavan,Oreo Biscuit 120g,3,piece,35,105,15,18,0,286.27,286.27,0,56.27,upi:286.27
KOS-2026-005696,2026-06-26,10:29,normal_sale,active,Lata Chavan,Amul Masti Dahi 400g,2,piece,40,80,16,5,0,286.27,286.27,0,56.27,upi:286.27
KOS-2026-005695,2026-06-26,10:25,normal_sale,active,Walk-in,Parle-G Biscuit 100g,1,piece,11,11,2.7,18,0,391.34,391.34,0,81.54,cash:391.34
KOS-2026-005695,2026-06-26,10:25,normal_sale,active,Walk-in,Moong Dal (loose),1,kg,129.02,129.02,33.02,0,0,391.34,391.34,0,81.54,cash:391.34
KOS-2026-005695,2026-06-26,10:25,normal_sale,active,Walk-in,Kurkure Masala Munch 70g,3,piece,20,60,10.5,12,0,391.34,391.34,0,81.54,cash:391.34
KOS-2026-005695,2026-06-26,10:25,normal_sale,active,Walk-in,Maggi Noodles 8-pack,1,piece,108,108,16,12,0,391.34,391.34,0,81.54,cash:391.34
KOS-2026-005695,2026-06-26,10:25,normal_sale,active,Walk-in,Thums Up 750ml,2,piece,41.66,83.32,19.32,28,0,391.34,391.34,0,81.54,cash:391.34
KOS-2026-005694,2026-06-26,10:10,normal_sale,active,Madhuri Sharma,Sugar (loose),0.25,kg,49.89,12.47,2.22,5,0,34.43,34,0,7.75,cash:34
KOS-2026-005694,2026-06-26,10:10,normal_sale,active,Madhuri Sharma,Wheat Atta (loose),0.5,kg,43.91,21.96,5.96,0,0,34.43,34,0,7.75,cash:34
KOS-2026-005693,2026-06-26,08:33,normal_sale,active,Walk-in,Frooti 200ml,1,piece,10,10,1.5,12,0,897.41,897.41,0,154.61,cash:336|upi:561.41
KOS-2026-005693,2026-06-26,08:33,normal_sale,active,Walk-in,Parle-G Biscuit 100g,1,piece,11,11,2.7,18,0,897.41,897.41,0,154.61,cash:336|upi:561.41
KOS-2026-005693,2026-06-26,08:33,normal_sale,active,Walk-in,Lifebuoy Soap 125g,1,piece,35,35,7,18,0,897.41,897.41,0,154.61,cash:336|upi:561.41
KOS-2026-005693,2026-06-26,08:33,normal_sale,active,Walk-in,Britannia Brown Bread,3,piece,50,150,24,0,0,897.41,897.41,0,154.61,cash:336|upi:561.41
KOS-2026-005693,2026-06-26,08:33,normal_sale,active,Walk-in,Mother Dairy Paneer 200g,3,piece,105,299.25,35.25,5,0,897.41,897.41,0,154.61,cash:336|upi:561.41
KOS-2026-005693,2026-06-26,08:33,normal_sale,active,Walk-in,Onion,2,kg,35.9,71.8,23.8,0,0,897.41,897.41,0,154.61,cash:336|upi:561.41
KOS-2026-005693,2026-06-26,08:33,normal_sale,active,Walk-in,Red Label Tea 250g,1,piece,155.56,155.56,27.56,5,0,897.41,897.41,0,154.61,cash:336|upi:561.41
KOS-2026-005693,2026-06-26,08:33,normal_sale,active,Walk-in,Britannia Good Day 100g,1,piece,30.8,30.8,5.8,18,0,897.41,897.41,0,154.61,cash:336|upi:561.41
KOS-2026-005693,2026-06-26,08:33,normal_sale,active,Walk-in,Toor Dal (loose),0.5,kg,148,74,15,0,0,897.41,897.41,0,154.61,cash:336|upi:561.41
KOS-2026-005693,2026-06-26,08:33,normal_sale,active,Walk-in,Catch Red Chilli Powder 100g,1,piece,60,60,12,5,0,897.41,897.41,0,154.61,cash:336|upi:561.41
KOS-2026-005692,2026-06-26,08:29,normal_sale,active,Kiran Verma,Bingo Mad Angles 66g,1,piece,20.81,20.81,4.31,12,0,624.78,0,624.78,145.18,
KOS-2026-005692,2026-06-26,08:29,normal_sale,active,Kiran Verma,Lays Classic Salted 52g,1,piece,21.82,21.82,5.32,12,0,624.78,0,624.78,145.18,
KOS-2026-005692,2026-06-26,08:29,normal_sale,active,Kiran Verma,Lifebuoy Soap 125g,1,piece,35,35,7,18,0,624.78,0,624.78,145.18,
KOS-2026-005692,2026-06-26,08:29,normal_sale,active,Kiran Verma,Surf Excel Easy Wash 1kg,3,piece,155.05,465.15,111.15,18,0,624.78,0,624.78,145.18,
KOS-2026-005692,2026-06-26,08:29,normal_sale,active,Kiran Verma,Parle-G Biscuit 100g,2,piece,11,22,5.4,18,0,624.78,0,624.78,145.18,
KOS-2026-005692,2026-06-26,08:29,normal_sale,active,Kiran Verma,Agarbatti Pack (20 sticks),2,piece,30,60,12,12,0,624.78,0,624.78,145.18,
KOS-2026-005691,2026-06-26,08:17,normal_sale,active,Walk-in,Fortune Sunflower Oil 1L,1,piece,167.9,167.9,29.9,5,0,432.75,432,0,80.5,cash:432
KOS-2026-005691,2026-06-26,08:17,normal_sale,active,Walk-in,Mother Dairy Paneer 200g,1,piece,105,105,17,5,0,432.75,432,0,80.5,cash:432
KOS-2026-005691,2026-06-26,08:17,normal_sale,active,Walk-in,Sunfeast Dark Fantasy 75g,1,piece,42.8,42.8,8.8,18,0,432.75,432,0,80.5,cash:432
KOS-2026-005691,2026-06-26,08:17,normal_sale,active,Walk-in,5 Star 25g,3,piece,10.53,31.59,6.09,18,0,432.75,432,0,80.5,cash:432
KOS-2026-005691,2026-06-26,08:17,normal_sale,active,Walk-in,Lays Classic Salted 52g,3,piece,21.82,65.46,15.96,12,0,432.75,432,0,80.5,cash:432
KOS-2026-005691,2026-06-26,08:17,normal_sale,active,Walk-in,Kurkure Masala Munch 70g,1,piece,20,20,3.5,12,0,432.75,432,0,80.5,cash:432
KOS-2026-005690,2026-06-25,21:56,normal_sale,active,Walk-in,Amul Cheese Slices 200g,1,piece,146.21,146.21,24.21,12,0,209.62,209.62,0,36.62,cash:209.62
KOS-2026-005690,2026-06-25,21:56,normal_sale,active,Walk-in,Kurkure Masala Munch 70g,1,piece,20,20,3.5,12,0,209.62,209.62,0,36.62,cash:209.62
KOS-2026-005690,2026-06-25,21:56,normal_sale,active,Walk-in,Maggi Noodles 70g,3,piece,14.47,43.41,8.91,12,0,209.62,209.62,0,36.62,cash:209.62
KOS-2026-005689,2026-06-25,21:55,normal_sale,active,Nasreen Chavan,Amul Gold Milk 500ml,4,piece,37.73,150.92,30.92,0,0,565.92,565.92,0,98.92,upi:565.92
KOS-2026-005689,2026-06-25,21:55,normal_sale,active,Nasreen Chavan,Lizol Floor Cleaner 500ml,3,piece,125,375,60,18,0,565.92,565.92,0,98.92,upi:565.92
KOS-2026-005689,2026-06-25,21:55,normal_sale,active,Nasreen Chavan,Coca-Cola 750ml,1,piece,40,40,8,28,0,565.92,565.92,0,98.92,upi:565.92
KOS-2026-005688,2026-06-25,21:53,normal_sale,active,Vijay More,Rava / Sooji (loose),0.25,kg,50.32,12.58,3.58,5,0,27.05,27.05,0,6.55,upi:27.05
KOS-2026-005688,2026-06-25,21:53,normal_sale,active,Vijay More,Maggi Noodles 70g,1,piece,14.47,14.47,2.97,12,0,27.05,27.05,0,6.55,upi:27.05
KOS-2026-005687,2026-06-25,21:40,normal_sale,active,Kavita Shinde,Garlic,0.5,kg,153.4,76.7,20.7,0,0,752.23,752.23,0,140.98,upi:752.23
KOS-2026-005687,2026-06-25,21:40,normal_sale,active,Kavita Shinde,Sugar (loose),0.25,kg,49.89,12.47,2.22,5,0,752.23,752.23,0,140.98,upi:752.23
KOS-2026-005687,2026-06-25,21:40,normal_sale,active,Kavita Shinde,AA Battery (2 pc),4,piece,36,144,32,18,0,752.23,752.23,0,140.98,upi:752.23
KOS-2026-005687,2026-06-25,21:40,normal_sale,active,Kavita Shinde,Aashirvaad Atta 5kg,1,piece,285,285,40,5,0,752.23,752.23,0,140.98,upi:752.23
KOS-2026-005687,2026-06-25,21:40,normal_sale,active,Kavita Shinde,Colgate Strong Teeth 200g,1,piece,114.06,114.06,22.06,18,0,752.23,752.23,0,140.98,upi:752.23
KOS-2026-005687,2026-06-25,21:40,normal_sale,active,Kavita Shinde,Coca-Cola 750ml,3,piece,40,120,24,28,0,752.23,752.23,0,140.98,upi:752.23
KOS-2026-005686,2026-06-25,21:36,normal_sale,active,Walk-in,Parle-G Biscuit 100g,2,piece,11,22,5.4,18,0,160.98,160.98,0,28.38,upi:160.98
KOS-2026-005686,2026-06-25,21:36,normal_sale,active,Walk-in,Nivea Cold Cream 60ml,1,piece,128,128,20,18,0,160.98,160.98,0,28.38,upi:160.98
KOS-2026-005686,2026-06-25,21:36,normal_sale,active,Walk-in,Wheat Atta (loose),0.25,kg,43.91,10.98,2.98,0,0,160.98,160.98,0,28.38,upi:160.98
KOS-2026-005685,2026-06-25,21:27,normal_sale,active,Jyoti Salunkhe,Amul Masti Dahi 400g,2,piece,40,80,16,5,0,825.98,825.98,0,155.98,upi:825.98
KOS-2026-005685,2026-06-25,21:27,normal_sale,active,Jyoti Salunkhe,Ariel Detergent 1kg,1,piece,155,155,23,18,0,825.98,825.98,0,155.98,upi:825.98
KOS-2026-005685,2026-06-25,21:27,normal_sale,active,Jyoti Salunkhe,Coca-Cola 750ml,3,piece,40,120,24,28,0,825.98,825.98,0,155.98,upi:825.98
KOS-2026-005685,2026-06-25,21:27,normal_sale,active,Jyoti Salunkhe,Wheat Atta (loose),0.25,kg,43.91,10.98,2.98,0,0,825.98,825.98,0,155.98,upi:825.98
KOS-2026-005685,2026-06-25,21:27,normal_sale,active,Jyoti Salunkhe,Chana Dal (loose),5,kg,92,460,90,0,0,825.98,825.98,0,155.98,upi:825.98
KOS-2026-005684,2026-06-25,20:35,normal_sale,active,Walk-in,Sugar (loose),2,kg,49.89,99.78,17.78,5,0,126.08,126,0,24.8,cash:126
KOS-2026-005684,2026-06-25,20:35,normal_sale,active,Walk-in,Lemon,1,piece,5,5,1.8,0,0,126.08,126,0,24.8,cash:126
KOS-2026-005684,2026-06-25,20:35,normal_sale,active,Walk-in,Vim Dishwash Bar 200g,1,piece,21.3,21.3,5.3,18,0,126.08,126,0,24.8,cash:126
KOS-2026-005683,2026-06-25,20:29,normal_sale,active,Walk-in,Aashirvaad Atta 5kg,1,piece,285,285,40,5,0,399.73,399.73,0,67.73,cash:399.73
KOS-2026-005683,2026-06-25,20:29,normal_sale,active,Walk-in,Sugar (loose),0.5,kg,49.89,24.95,4.45,5,0,399.73,399.73,0,67.73,cash:399.73
KOS-2026-005683,2026-06-25,20:29,normal_sale,active,Walk-in,Onion,1,kg,35.9,35.9,11.9,0,0,399.73,399.73,0,67.73,cash:399.73
KOS-2026-005683,2026-06-25,20:29,normal_sale,active,Walk-in,Frooti 200ml,1,piece,10,10,1.5,12,0,399.73,399.73,0,67.73,cash:399.73
KOS-2026-005683,2026-06-25,20:29,normal_sale,active,Walk-in,Dairy Milk 50g,1,piece,43.88,43.88,9.88,18,0,399.73,399.73,0,67.73,cash:399.73
KOS-2026-005682,2026-06-25,19:55,normal_sale,active,Walk-in,Amul Ghee 500ml,2,piece,355,710,80,12,0,923.06,923.06,0,125.86,cash:923.06
KOS-2026-005682,2026-06-25,19:55,normal_sale,active,Walk-in,Coca-Cola 750ml,1,piece,40,40,8,28,0,923.06,923.06,0,125.86,cash:923.06
KOS-2026-005682,2026-06-25,19:55,normal_sale,active,Walk-in,Sugar (loose),1,kg,49.89,49.89,8.89,5,0,923.06,923.06,0,125.86,cash:923.06
KOS-2026-005682,2026-06-25,19:55,normal_sale,active,Walk-in,Groundnut / Peanut (loose),1,kg,114.59,114.59,26.59,5,0,923.06,923.06,0,125.86,cash:923.06
KOS-2026-005682,2026-06-25,19:55,normal_sale,active,Walk-in,Farm Eggs,1,piece,8.58,8.58,2.38,0,0,923.06,923.06,0,125.86,cash:923.06
KOS-2026-005681,2026-06-25,19:51,normal_sale,active,Archana Singh,Match Box,11,piece,2.12,23.32,11.22,18,200,181.03,181.03,0,-127.07,cash:181.03
KOS-2026-005681,2026-06-25,19:51,normal_sale,active,Archana Singh,Lifebuoy Soap 125g,2,piece,35,70,14,18,200,181.03,181.03,0,-127.07,cash:181.03
KOS-2026-005681,2026-06-25,19:51,normal_sale,active,Archana Singh,Coca-Cola 750ml,1,piece,40,40,8,28,200,181.03,181.03,0,-127.07,cash:181.03
KOS-2026-005681,2026-06-25,19:51,normal_sale,active,Archana Singh,Amul Taaza Milk 500ml,1,piece,28,28,3,0,200,181.03,181.03,0,-127.07,cash:181.03
KOS-2026-005681,2026-06-25,19:51,normal_sale,active,Archana Singh,MDH Garam Masala 100g,1,piece,94.71,94.71,16.71,5,200,181.03,181.03,0,-127.07,cash:181.03
KOS-2026-005681,2026-06-25,19:51,normal_sale,active,Archana Singh,Lizol Floor Cleaner 500ml,1,piece,125,125,20,18,200,181.03,181.03,0,-127.07,cash:181.03
KOS-2026-005680,2026-06-25,18:59,normal_sale,active,Walk-in,Kissan Mixed Fruit Jam 200g,1,piece,82,82,14,12,0,216.52,216.52,0,40.52,cash:216.52
KOS-2026-005680,2026-06-25,18:59,normal_sale,active,Walk-in,Lux Soap 100g,1,piece,39.81,39.81,9.81,18,0,216.52,216.52,0,40.52,cash:216.52
KOS-2026-005680,2026-06-25,18:59,normal_sale,active,Walk-in,MDH Garam Masala 100g,1,piece,94.71,94.71,16.71,5,0,216.52,216.52,0,40.52,cash:216.52
KOS-2026-005679,2026-06-25,18:22,normal_sale,active,Swati Jadhav,Sugar (loose),0.25,kg,49.89,12.47,2.22,5,0,12.47,12,0,1.75,cash:12
KOS-2026-005678,2026-06-25,18:02,normal_sale,active,Walk-in,Potato,0.5,kg,27.6,13.8,4.8,0,0,351.8,351,0,55,cash:351
KOS-2026-005678,2026-06-25,18:02,normal_sale,active,Walk-in,Agarbatti Pack (20 sticks),1,piece,30,30,6,12,0,351.8,351,0,55,cash:351
KOS-2026-005678,2026-06-25,18:02,normal_sale,active,Walk-in,Saffola Gold Oil 1L,1,piece,190,190,25,5,0,351.8,351,0,55,cash:351
KOS-2026-005678,2026-06-25,18:02,normal_sale,active,Walk-in,Vim Liquid 500ml,1,piece,118,118,20,18,0,351.8,351,0,55,cash:351
KOS-2026-005677,2026-06-25,17:36,normal_sale,active,Walk-in,Colgate Strong Teeth 200g,1,piece,114.06,114.06,22.06,18,0,560.38,560.38,0,120.38,cash:560.38
KOS-2026-005677,2026-06-25,17:36,normal_sale,active,Walk-in,Whisper Ultra 15 pads,1,piece,175,175,27,12,0,560.38,560.38,0,120.38,cash:560.38
KOS-2026-005677,2026-06-25,17:36,normal_sale,active,Walk-in,Onion,1,kg,35.9,35.9,11.9,0,0,560.38,560.38,0,120.38,cash:560.38
KOS-2026-005677,2026-06-25,17:36,normal_sale,active,Walk-in,Mustard Oil (loose),1,l,175.42,175.42,47.42,5,0,560.38,560.38,0,120.38,cash:560.38
KOS-2026-005677,2026-06-25,17:36,normal_sale,active,Walk-in,Agarbatti Pack (20 sticks),2,piece,30,60,12,12,0,560.38,560.38,0,120.38,cash:560.38
KOS-2026-005676,2026-06-25,17:30,normal_sale,active,Madhuri Sharma,Maggi Noodles 70g,2,piece,14.47,28.94,5.94,12,0,129.45,129.45,0,33.45,upi:129.45
KOS-2026-005676,2026-06-25,17:30,normal_sale,active,Madhuri Sharma,Ginger,0.5,kg,115.42,57.71,18.71,0,0,129.45,129.45,0,33.45,upi:129.45
KOS-2026-005676,2026-06-25,17:30,normal_sale,active,Madhuri Sharma,Sunfeast Dark Fantasy 75g,1,piece,42.8,42.8,8.8,18,0,129.45,129.45,0,33.45,upi:129.45
KOS-2026-005675,2026-06-25,17:24,normal_sale,active,Joseph Singh,Vim Dishwash Bar 200g,1,piece,21.3,21.3,5.3,18,0,51.3,0,51.3,11.3,
KOS-2026-005675,2026-06-25,17:24,normal_sale,active,Joseph Singh,Agarbatti Pack (20 sticks),1,piece,30,30,6,12,0,51.3,0,51.3,11.3,
KOS-2026-005674,2026-06-25,14:49,normal_sale,active,Walk-in,Thums Up 750ml,2,piece,41.66,83.32,19.32,28,0,104.13,104.13,0,23.63,upi:104.13
KOS-2026-005674,2026-06-25,14:49,normal_sale,active,Walk-in,Bingo Mad Angles 66g,1,piece,20.81,20.81,4.31,12,0,104.13,104.13,0,23.63,upi:104.13
KOS-2026-005673,2026-06-25,12:51,normal_sale,active,Walk-in,Tata Tea Gold 500g,2,piece,305,610,80,5,0,782,782,0,115,cash:782
KOS-2026-005673,2026-06-25,12:51,normal_sale,active,Walk-in,Everest Turmeric 200g,2,piece,76,152,28,5,0,782,782,0,115,cash:782
KOS-2026-005673,2026-06-25,12:51,normal_sale,active,Walk-in,Bisleri Water 1L,1,piece,20,20,7,18,0,782,782,0,115,cash:782
KOS-2026-005672,2026-06-25,12:48,normal_sale,active,Pooja Verma,Match Box,1,piece,2.12,2.12,1.02,18,0,1512.77,1512.77,0,296.97,cash:1512.77
KOS-2026-005672,2026-06-25,12:48,normal_sale,active,Pooja Verma,Toor Dal (loose),5,kg,148,740,150,0,0,1512.77,1512.77,0,296.97,cash:1512.77
KOS-2026-005672,2026-06-25,12:48,normal_sale,active,Pooja Verma,AA Battery (2 pc),4,piece,36,144,32,18,0,1512.77,1512.77,0,296.97,cash:1512.77
KOS-2026-005672,2026-06-25,12:48,normal_sale,active,Pooja Verma,Britannia Good Day 100g,1,piece,30.8,30.8,5.8,18,0,1512.77,1512.77,0,296.97,cash:1512.77
KOS-2026-005672,2026-06-25,12:48,normal_sale,active,Pooja Verma,Frooti 200ml,1,piece,10,10,1.5,12,0,1512.77,1512.77,0,296.97,cash:1512.77
KOS-2026-005672,2026-06-25,12:48,normal_sale,active,Pooja Verma,Tomato,0.5,kg,42.13,21.07,8.07,0,0,1512.77,1512.77,0,296.97,cash:1512.77
KOS-2026-005672,2026-06-25,12:48,normal_sale,active,Pooja Verma,Ariel Detergent 1kg,1,piece,155,155,23,18,0,1512.77,1512.77,0,296.97,cash:1512.77
KOS-2026-005672,2026-06-25,12:48,normal_sale,active,Pooja Verma,MDH Garam Masala 100g,2,piece,94.71,189.42,33.42,5,0,1512.77,1512.77,0,296.97,cash:1512.77
KOS-2026-005672,2026-06-25,12:48,normal_sale,active,Pooja Verma,Fortune Sunflower Oil 1L,1,piece,167.9,167.9,29.9,5,0,1512.77,1512.77,0,296.97,cash:1512.77
KOS-2026-005672,2026-06-25,12:48,normal_sale,active,Pooja Verma,Farm Eggs,1,piece,8.58,8.58,2.38,0,0,1512.77,1512.77,0,296.97,cash:1512.77
KOS-2026-005672,2026-06-25,12:48,normal_sale,active,Pooja Verma,Dairy Milk 50g,1,piece,43.88,43.88,9.88,18,0,1512.77,1512.77,0,296.97,cash:1512.77
KOS-2026-005671,2026-06-25,12:24,normal_sale,active,Walk-in,Amul Butter 100g,1,piece,67.48,67.48,13.48,12,0,76.46,76,0,16,cash:76
KOS-2026-005671,2026-06-25,12:24,normal_sale,active,Walk-in,Onion,0.25,kg,35.9,8.98,2.98,0,0,76.46,76,0,16,cash:76
KOS-2026-005670,2026-06-25,12:05,normal_sale,active,Walk-in,Sugar (loose),0.5,kg,49.89,24.95,4.45,5,0,595.75,595.75,0,96.05,upi:595.75
KOS-2026-005670,2026-06-25,12:05,normal_sale,active,Walk-in,Farm Eggs,1,piece,8.58,8.58,2.38,0,0,595.75,595.75,0,96.05,upi:595.75
KOS-2026-005670,2026-06-25,12:05,normal_sale,active,Walk-in,Aashirvaad Atta 5kg,1,piece,285,285,40,5,0,595.75,595.75,0,96.05,upi:595.75
KOS-2026-005670,2026-06-25,12:05,normal_sale,active,Walk-in,MDH Garam Masala 100g,1,piece,94.71,94.71,16.71,5,0,595.75,595.75,0,96.05,upi:595.75
KOS-2026-005670,2026-06-25,12:05,normal_sale,active,Walk-in,Sprite 750ml,1,piece,42.51,42.51,10.51,28,0,595.75,595.75,0,96.05,upi:595.75
KOS-2026-005670,2026-06-25,12:05,normal_sale,active,Walk-in,Clinic Plus Shampoo 175ml,1,piece,140,140,22,18,0,595.75,595.75,0,96.05,upi:595.75
KOS-2026-005669,2026-06-25,11:49,normal_sale,active,Walk-in,Kissan Tomato Ketchup 500g,3,piece,119.13,357.39,93.39,12,0,532.39,532,0,120,cash:532
KOS-2026-005669,2026-06-25,11:49,normal_sale,active,Walk-in,Whisper Ultra 15 pads,1,piece,175,175,27,12,0,532.39,532,0,120,cash:532
KOS-2026-005668,2026-06-25,11:29,normal_sale,active,Walk-in,Lizol Floor Cleaner 500ml,2,piece,125,237.5,27.5,18,0,361.36,361,0,55.5,cash:361
KOS-2026-005668,2026-06-25,11:29,normal_sale,active,Walk-in,Lifebuoy Soap 125g,1,piece,35,35,7,18,0,361.36,361,0,55.5,cash:361
KOS-2026-005668,2026-06-25,11:29,normal_sale,active,Walk-in,Sona Masoori Rice (loose),0.25,kg,63.6,15.9,4.4,0,0,361.36,361,0,55.5,cash:361
KOS-2026-005668,2026-06-25,11:29,normal_sale,active,Walk-in,Tomato,0.25,kg,42.13,10.53,4.03,0,0,361.36,361,0,55.5,cash:361
KOS-2026-005668,2026-06-25,11:29,normal_sale,active,Walk-in,Bingo Mad Angles 66g,3,piece,20.81,62.43,12.93,12,0,361.36,361,0,55.5,cash:361
KOS-2026-005667,2026-06-25,11:23,normal_sale,active,Walk-in,Fortune Sunflower Oil 1L,1,piece,167.9,167.9,29.9,5,0,361.38,361.38,0,71.38,cash:361.38
KOS-2026-005667,2026-06-25,11:23,normal_sale,active,Walk-in,Lifebuoy Soap 125g,2,piece,35,70,14,18,0,361.38,361.38,0,71.38,cash:361.38
KOS-2026-005667,2026-06-25,11:23,normal_sale,active,Walk-in,Poha (loose),1,kg,56,56,14,5,0,361.38,361.38,0,71.38,cash:361.38
KOS-2026-005667,2026-06-25,11:23,normal_sale,active,Walk-in,Amul Butter 100g,1,piece,67.48,67.48,13.48,12,0,361.38,361.38,0,71.38,cash:361.38
KOS-2026-005666,2026-06-25,11:23,normal_sale,active,Walk-in,Frooti 200ml,3,piece,10,30,4.5,12,0,699.82,699.82,0,139.82,upi:699.82
KOS-2026-005666,2026-06-25,11:23,normal_sale,active,Walk-in,Britannia Good Day 100g,4,piece,30.8,123.2,23.2,18,0,699.82,699.82,0,139.82,upi:699.82
KOS-2026-005666,2026-06-25,11:23,normal_sale,active,Walk-in,Good Knight Refill 45ml,3,piece,92.07,276.21,60.21,18,0,699.82,699.82,0,139.82,upi:699.82
KOS-2026-005666,2026-06-25,11:23,normal_sale,active,Walk-in,Bingo Mad Angles 66g,1,piece,20.81,20.81,4.31,12,0,699.82,699.82,0,139.82,upi:699.82
KOS-2026-005666,2026-06-25,11:23,normal_sale,active,Walk-in,Bisleri Water 1L,1,piece,20,20,7,18,0,699.82,699.82,0,139.82,upi:699.82
KOS-2026-005666,2026-06-25,11:23,normal_sale,active,Walk-in,Close Up Red 150g,2,piece,94.36,188.72,32.72,18,0,699.82,699.82,0,139.82,upi:699.82
KOS-2026-005666,2026-06-25,11:23,normal_sale,active,Walk-in,Britannia Marie Gold 250g,1,piece,40.88,40.88,7.88,18,0,699.82,699.82,0,139.82,upi:699.82
KOS-2026-005665,2026-06-25,11:19,normal_sale,active,Ganesh Sharma,Maggi Noodles 70g,1,piece,14.47,14.47,2.97,12,0,14.47,14.47,0,2.97,cash:14.47
KOS-2026-005664,2026-06-25,10:51,normal_sale,active,Rekha Chavan,Amul Gold Milk 500ml,2,piece,37.73,75.46,15.46,0,0,931.28,931.28,0,224.28,upi:931.28
KOS-2026-005664,2026-06-25,10:51,normal_sale,active,Rekha Chavan,Coca-Cola 750ml,2,piece,40,80,16,28,0,931.28,931.28,0,224.28,upi:931.28
KOS-2026-005664,2026-06-25,10:51,normal_sale,active,Rekha Chavan,Moong Dal (loose),5,kg,129.02,645.1,165.1,0,0,931.28,931.28,0,224.28,upi:931.28
KOS-2026-005664,2026-06-25,10:51,normal_sale,active,Rekha Chavan,Besan (loose),0.5,kg,101.44,50.72,11.72,5,0,931.28,931.28,0,224.28,upi:931.28
KOS-2026-005664,2026-06-25,10:51,normal_sale,active,Rekha Chavan,Amul Masti Dahi 400g,2,piece,40,80,16,5,0,931.28,931.28,0,224.28,upi:931.28
KOS-2026-005663,2026-06-25,10:34,normal_sale,active,Walk-in,Haldiram Bhujia 200g,3,piece,57.38,172.14,37.14,12,0,1676.81,1676.81,0,277.81,upi:1676.81
KOS-2026-005663,2026-06-25,10:34,normal_sale,active,Walk-in,Dhara Mustard Oil 1L,1,piece,191.57,191.57,39.57,5,0,1676.81,1676.81,0,277.81,upi:1676.81
KOS-2026-005663,2026-06-25,10:34,normal_sale,active,Walk-in,Basmati Rice Premium (loose),1,kg,133.1,133.1,41.1,0,0,1676.81,1676.81,0,277.81,upi:1676.81
KOS-2026-005663,2026-06-25,10:34,normal_sale,active,Walk-in,Tata Tea Gold 500g,2,piece,305,610,80,5,0,1676.81,1676.81,0,277.81,upi:1676.81
KOS-2026-005663,2026-06-25,10:34,normal_sale,active,Walk-in,Aashirvaad Atta 5kg,2,piece,285,570,80,5,0,1676.81,1676.81,0,277.81,upi:1676.81
KOS-2026-005662,2026-06-25,10:29,normal_sale,active,Meena Deshmukh,Lemon,1,piece,5,5,1.8,0,0,426.07,0,426.07,86.87,
KOS-2026-005662,2026-06-25,10:29,normal_sale,active,Meena Deshmukh,Groundnut / Peanut (loose),1,kg,114.59,114.59,26.59,5,0,426.07,0,426.07,86.87,
KOS-2026-005662,2026-06-25,10:29,normal_sale,active,Meena Deshmukh,Red Label Tea 250g,1,piece,155.56,155.56,27.56,5,0,426.07,0,426.07,86.87,
KOS-2026-005662,2026-06-25,10:29,normal_sale,active,Meena Deshmukh,Amul Gold Milk 500ml,4,piece,37.73,150.92,30.92,0,0,426.07,0,426.07,86.87,
KOS-2026-005661,2026-06-25,10:27,normal_sale,active,Walk-in,Maggi Noodles 70g,2,piece,14.47,28.94,5.94,12,0,182.34,182,0,47,cash:182
KOS-2026-005661,2026-06-25,10:27,normal_sale,active,Walk-in,Garlic,1,kg,153.4,153.4,41.4,0,0,182.34,182,0,47,cash:182
KOS-2026-005660,2026-06-25,10:10,normal_sale,active,Walk-in,Red Label Tea 250g,2,piece,155.56,311.12,55.12,5,0,451.12,451,0,77,cash:451
KOS-2026-005660,2026-06-25,10:10,normal_sale,active,Walk-in,Clinic Plus Shampoo 175ml,1,piece,140,140,22,18,0,451.12,451,0,77,cash:451
KOS-2026-005659,2026-06-25,09:59,normal_sale,active,Walk-in,Amul Taaza Milk 500ml,1,piece,28,28,3,0,0,67.81,67.81,0,12.81,upi:67.81
KOS-2026-005659,2026-06-25,09:59,normal_sale,active,Walk-in,Lux Soap 100g,1,piece,39.81,39.81,9.81,18,0,67.81,67.81,0,12.81,upi:67.81
KOS-2026-005658,2026-06-25,09:28,normal_sale,active,Walk-in,Nescafe Classic 50g,2,piece,200.58,401.16,65.16,18,0,441.16,441.16,0,72.16,upi:441.16
KOS-2026-005658,2026-06-25,09:28,normal_sale,active,Walk-in,Kurkure Masala Munch 70g,2,piece,20,40,7,12,0,441.16,441.16,0,72.16,upi:441.16
KOS-2026-005657,2026-06-25,09:15,normal_sale,active,Walk-in,Coca-Cola 750ml,2,piece,40,80,16,28,0,413.15,413,0,88.5,cash:413
KOS-2026-005657,2026-06-25,09:15,normal_sale,active,Walk-in,Wheat Atta (loose),0.25,kg,43.91,10.98,2.98,0,0,413.15,413,0,88.5,cash:413
KOS-2026-005657,2026-06-25,09:15,normal_sale,active,Walk-in,Agarbatti Pack (20 sticks),1,piece,30,30,6,12,0,413.15,413,0,88.5,cash:413
KOS-2026-005657,2026-06-25,09:15,normal_sale,active,Walk-in,Bisleri Water 1L,2,piece,20,40,14,18,0,413.15,413,0,88.5,cash:413
KOS-2026-005657,2026-06-25,09:15,normal_sale,active,Walk-in,Thums Up 750ml,1,piece,41.66,41.66,9.66,28,0,413.15,413,0,88.5,cash:413
KOS-2026-005657,2026-06-25,09:15,normal_sale,active,Walk-in,Kissan Mixed Fruit Jam 200g,1,piece,82,82,14,12,0,413.15,413,0,88.5,cash:413
KOS-2026-005657,2026-06-25,09:15,normal_sale,active,Walk-in,Sprite 750ml,1,piece,42.51,42.51,10.51,28,0,413.15,413,0,88.5,cash:413
KOS-2026-005657,2026-06-25,09:15,normal_sale,active,Walk-in,Everest Turmeric 200g,1,piece,76,76,14,5,0,413.15,413,0,88.5,cash:413
KOS-2026-005657,2026-06-25,09:15,normal_sale,active,Walk-in,Frooti 200ml,1,piece,10,10,1.5,12,0,413.15,413,0,88.5,cash:413
KOS-2026-005656,2026-06-24,21:53,normal_sale,active,Arun Chavan,Everest Turmeric 200g,4,piece,76,304,56,5,36.49,359.11,359.11,0,39.11,upi:359.11
KOS-2026-005656,2026-06-24,21:53,normal_sale,active,Arun Chavan,Britannia Marie Gold 250g,1,piece,40.88,40.88,7.88,18,36.49,359.11,359.11,0,39.11,upi:359.11
KOS-2026-005656,2026-06-24,21:53,normal_sale,active,Arun Chavan,Besan (loose),0.5,kg,101.44,50.72,11.72,5,36.49,359.11,359.11,0,39.11,upi:359.11
KOS-2026-005655,2026-06-24,21:19,normal_sale,active,Walk-in,Ginger,2,kg,115.42,230.84,74.84,0,0,752.05,752,0,182.5,cash:752
KOS-2026-005655,2026-06-24,21:19,normal_sale,active,Walk-in,Frooti 200ml,1,piece,10,10,1.5,12,0,752.05,752,0,182.5,cash:752
KOS-2026-005655,2026-06-24,21:19,normal_sale,active,Walk-in,Colgate Strong Teeth 200g,2,piece,114.06,228.12,44.12,18,0,752.05,752,0,182.5,cash:752
KOS-2026-005655,2026-06-24,21:19,normal_sale,active,Walk-in,Real Mixed Fruit Juice 1L,1,piece,131.29,131.29,26.29,12,0,752.05,752,0,182.5,cash:752
KOS-2026-005655,2026-06-24,21:19,normal_sale,active,Walk-in,Nirma Washing Powder 1kg,2,piece,75.9,151.8,35.8,18,0,752.05,752,0,182.5,cash:752
KOS-2026-005654,2026-06-24,21:16,normal_sale,active,Rohit Bhosale,Besan (loose),0.25,kg,101.44,25.36,5.86,5,0,398.93,398.93,0,82.43,upi:398.93
KOS-2026-005654,2026-06-24,21:16,normal_sale,active,Rohit Bhosale,Sunfeast Dark Fantasy 75g,2,piece,42.8,85.6,17.6,18,0,398.93,398.93,0,82.43,upi:398.93
KOS-2026-005654,2026-06-24,21:16,normal_sale,active,Rohit Bhosale,LED Bulb 9W,1,piece,99,99,21,12,0,398.93,398.93,0,82.43,upi:398.93
KOS-2026-005654,2026-06-24,21:16,normal_sale,active,Rohit Bhosale,Fortune Sunflower Oil 1L,1,piece,167.9,167.9,29.9,5,0,398.93,398.93,0,82.43,upi:398.93
KOS-2026-005654,2026-06-24,21:16,normal_sale,active,Rohit Bhosale,Tomato,0.5,kg,42.13,21.07,8.07,0,0,398.93,398.93,0,82.43,upi:398.93
KOS-2026-005653,2026-06-24,21:16,normal_sale,active,Walk-in,Amul Masti Dahi 400g,1,piece,40,40,8,5,0,361.09,361.09,0,76.89,upi:361.09
KOS-2026-005653,2026-06-24,21:16,normal_sale,active,Walk-in,Lemon,1,piece,5,5,1.8,0,0,361.09,361.09,0,76.89,upi:361.09
KOS-2026-005653,2026-06-24,21:16,normal_sale,active,Walk-in,Sunfeast Dark Fantasy 75g,1,piece,42.8,42.8,8.8,18,0,361.09,361.09,0,76.89,upi:361.09
KOS-2026-005653,2026-06-24,21:16,normal_sale,active,Walk-in,Real Mixed Fruit Juice 1L,1,piece,131.29,131.29,26.29,12,0,361.09,361.09,0,76.89,upi:361.09
KOS-2026-005653,2026-06-24,21:16,normal_sale,active,Walk-in,Kissan Mixed Fruit Jam 200g,1,piece,82,82,14,12,0,361.09,361.09,0,76.89,upi:361.09
KOS-2026-005653,2026-06-24,21:16,normal_sale,active,Walk-in,Reynolds Pen,6,piece,10,60,18,12,0,361.09,361.09,0,76.89,upi:361.09
KOS-2026-005652,2026-06-24,20:28,normal_sale,active,Walk-in,Amul Ghee 500ml,1,piece,355,355,40,12,0,612,612,0,78.5,cash:612
KOS-2026-005652,2026-06-24,20:28,normal_sale,active,Walk-in,Saffola Gold Oil 1L,1,piece,190,190,25,5,0,612,612,0,78.5,cash:612
KOS-2026-005652,2026-06-24,20:28,normal_sale,active,Walk-in,Toor Dal (loose),0.25,kg,148,37,7.5,0,0,612,612,0,78.5,cash:612
KOS-2026-005652,2026-06-24,20:28,normal_sale,active,Walk-in,Agarbatti Pack (20 sticks),1,piece,30,30,6,12,0,612,612,0,78.5,cash:612
KOS-2026-005651,2026-06-24,19:55,normal_sale,active,Walk-in,Match Box,1,piece,2.12,2.12,1.02,18,0,773.13,773.13,0,142.03,cash:399|upi:374.13
KOS-2026-005651,2026-06-24,19:55,normal_sale,active,Walk-in,Britannia Marie Gold 250g,3,piece,40.88,122.64,23.64,18,0,773.13,773.13,0,142.03,cash:399|upi:374.13
KOS-2026-005651,2026-06-24,19:55,normal_sale,active,Walk-in,Classmate Notebook 172pg,2,piece,60.62,121.24,37.24,12,0,773.13,773.13,0,142.03,cash:399|upi:374.13
KOS-2026-005651,2026-06-24,19:55,normal_sale,active,Walk-in,Amul Ghee 500ml,1,piece,355,355,40,12,0,773.13,773.13,0,142.03,cash:399|upi:374.13
KOS-2026-005651,2026-06-24,19:55,normal_sale,active,Walk-in,Dettol Antiseptic 250ml,1,piece,172.13,172.13,40.13,18,0,773.13,773.13,0,142.03,cash:399|upi:374.13
KOS-2026-005650,2026-06-24,19:32,normal_sale,active,Ramesh Khan,Amul Taaza Milk 500ml,1,piece,28,28,3,0,0,700,700,0,119,cash:700
KOS-2026-005650,2026-06-24,19:32,normal_sale,active,Ramesh Khan,Clinic Plus Shampoo 175ml,4,piece,140,560,88,18,0,700,700,0,119,cash:700
KOS-2026-005650,2026-06-24,19:32,normal_sale,active,Ramesh Khan,Poha (loose),2,kg,56,112,28,5,0,700,700,0,119,cash:700
KOS-2026-005649,2026-06-24,19:15,normal_sale,active,Lata Chavan,Amul Masti Dahi 400g,1,piece,40,40,8,5,0,769.42,769.42,0,141.92,cash:769.42
KOS-2026-005649,2026-06-24,19:15,normal_sale,active,Lata Chavan,Everest Turmeric 200g,4,piece,76,304,56,5,0,769.42,769.42,0,141.92,cash:769.42
KOS-2026-005649,2026-06-24,19:15,normal_sale,active,Lata Chavan,MDH Garam Masala 100g,3,piece,94.71,284.13,50.13,5,0,769.42,769.42,0,141.92,cash:769.42
KOS-2026-005649,2026-06-24,19:15,normal_sale,active,Lata Chavan,Real Mixed Fruit Juice 1L,1,piece,131.29,131.29,26.29,12,0,769.42,769.42,0,141.92,cash:769.42
KOS-2026-005649,2026-06-24,19:15,normal_sale,active,Lata Chavan,Frooti 200ml,1,piece,10,10,1.5,12,0,769.42,769.42,0,141.92,cash:769.42
KOS-2026-005648,2026-06-24,19:06,normal_sale,active,Walk-in,Camphor 50g,2,piece,58.45,116.9,32.9,12,0,187.46,187.46,0,51.96,cash:187.46
KOS-2026-005648,2026-06-24,19:06,normal_sale,active,Walk-in,Potato,0.5,kg,27.6,13.8,4.8,0,0,187.46,187.46,0,51.96,cash:187.46
KOS-2026-005648,2026-06-24,19:06,normal_sale,active,Walk-in,Yippee Noodles 70g,1,piece,14.96,14.96,3.96,12,0,187.46,187.46,0,51.96,cash:187.46
KOS-2026-005648,2026-06-24,19:06,normal_sale,active,Walk-in,Frooti 200ml,1,piece,10,10,1.5,12,0,187.46,187.46,0,51.96,cash:187.46
KOS-2026-005648,2026-06-24,19:06,normal_sale,active,Walk-in,Sona Masoori Rice (loose),0.5,kg,63.6,31.8,8.8,0,0,187.46,187.46,0,51.96,cash:187.46
KOS-2026-005647,2026-06-24,18:49,normal_sale,active,Sachin Khan,Saffola Gold Oil 1L,2,piece,190,380,50,5,0,445.54,445,0,68,cash:445
KOS-2026-005647,2026-06-24,18:49,normal_sale,active,Sachin Khan,Moong Dal (loose),0.25,kg,129.02,32.26,8.26,0,0,445.54,445,0,68,cash:445
KOS-2026-005647,2026-06-24,18:49,normal_sale,active,Sachin Khan,Basmati Rice Premium (loose),0.25,kg,133.1,33.28,10.28,0,0,445.54,445,0,68,cash:445
KOS-2026-005646,2026-06-24,18:44,normal_sale,active,Walk-in,Kurkure Masala Munch 70g,1,piece,20,20,3.5,12,0,296,296,0,63.5,upi:296
KOS-2026-005646,2026-06-24,18:44,normal_sale,active,Walk-in,Rajma (loose),2,kg,138,276,60,0,0,296,296,0,63.5,upi:296
KOS-2026-005645,2026-06-24,17:29,normal_sale,active,Walk-in,Real Mixed Fruit Juice 1L,2,piece,131.29,249.45,39.45,12,0,269.45,269,0,42,cash:269
KOS-2026-005645,2026-06-24,17:29,normal_sale,active,Walk-in,Frooti 200ml,2,piece,10,20,3,12,0,269.45,269,0,42,cash:269
EST-2026-000061,2026-06-24,16:51,estimate,active,Dattatray Verma,Amul Masti Dahi 400g,2,piece,40,80,16,5,0,312.63,312.63,0,75.83,upi:312.63
EST-2026-000061,2026-06-24,16:51,estimate,active,Dattatray Verma,Tata Salt 1kg,1,piece,30.94,30.94,6.94,0,0,312.63,312.63,0,75.83,upi:312.63
EST-2026-000061,2026-06-24,16:51,estimate,active,Dattatray Verma,Sprite 750ml,1,piece,42.51,42.51,10.51,28,0,312.63,312.63,0,75.83,upi:312.63
EST-2026-000061,2026-06-24,16:51,estimate,active,Dattatray Verma,Sona Masoori Rice (loose),2,kg,63.6,127.2,35.2,0,0,312.63,312.63,0,75.83,upi:312.63
EST-2026-000061,2026-06-24,16:51,estimate,active,Dattatray Verma,Frooti 200ml,1,piece,10,10,1.5,12,0,312.63,312.63,0,75.83,upi:312.63
EST-2026-000061,2026-06-24,16:51,estimate,active,Dattatray Verma,Parle-G Biscuit 100g,1,piece,11,11,2.7,18,0,312.63,312.63,0,75.83,upi:312.63
EST-2026-000061,2026-06-24,16:51,estimate,active,Dattatray Verma,Wheat Atta (loose),0.25,kg,43.91,10.98,2.98,0,0,312.63,312.63,0,75.83,upi:312.63
KOS-2026-005644,2026-06-24,16:04,normal_sale,active,Walk-in,Parle-G Biscuit 100g,3,piece,11,33,8.1,18,0,478.16,478.16,0,81.26,upi:478.16
KOS-2026-005644,2026-06-24,16:04,normal_sale,active,Walk-in,Rava / Sooji (loose),0.5,kg,50.32,25.16,7.16,5,0,478.16,478.16,0,81.26,upi:478.16
KOS-2026-005644,2026-06-24,16:04,normal_sale,active,Walk-in,Clinic Plus Shampoo 175ml,3,piece,140,420,66,18,0,478.16,478.16,0,81.26,upi:478.16
KOS-2026-005643,2026-06-24,15:29,normal_sale,active,Farida Dsouza,Moong Dal (loose),2,kg,129.02,258.04,66.04,0,0,620.76,620.76,0,146.76,cash:620.76
KOS-2026-005643,2026-06-24,15:29,normal_sale,active,Farida Dsouza,Toor Dal (loose),0.25,kg,148,37,7.5,0,0,620.76,620.76,0,146.76,cash:620.76
KOS-2026-005643,2026-06-24,15:29,normal_sale,active,Farida Dsouza,Lux Soap 100g,1,piece,39.81,39.81,9.81,18,0,620.76,620.76,0,146.76,cash:620.76
KOS-2026-005643,2026-06-24,15:29,normal_sale,active,Farida Dsouza,Kissan Tomato Ketchup 500g,1,piece,119.13,119.13,31.13,12,0,620.76,620.76,0,146.76,cash:620.76
KOS-2026-005643,2026-06-24,15:29,normal_sale,active,Farida Dsouza,KitKat 4-finger,1,piece,21.13,21.13,4.13,18,0,620.76,620.76,0,146.76,cash:620.76
KOS-2026-005643,2026-06-24,15:29,normal_sale,active,Farida Dsouza,Colgate Strong Teeth 200g,1,piece,114.06,114.06,22.06,18,0,620.76,620.76,0,146.76,cash:620.76
KOS-2026-005643,2026-06-24,15:29,normal_sale,active,Farida Dsouza,5 Star 25g,3,piece,10.53,31.59,6.09,18,0,620.76,620.76,0,146.76,cash:620.76
KOS-2026-005642,2026-06-24,15:09,normal_sale,active,Shalini Jadhav,Kurkure Masala Munch 70g,1,piece,20,20,3.5,12,0,759.56,759.56,0,149.56,cash:759.56
KOS-2026-005642,2026-06-24,15:09,normal_sale,active,Shalini Jadhav,Gillette Guard Razor,3,piece,36.91,110.73,26.73,18,0,759.56,759.56,0,149.56,cash:759.56
KOS-2026-005642,2026-06-24,15:09,normal_sale,active,Shalini Jadhav,Garlic,0.25,kg,153.4,38.35,10.35,0,0,759.56,759.56,0,149.56,cash:759.56
KOS-2026-005642,2026-06-24,15:09,normal_sale,active,Shalini Jadhav,Good Knight Refill 45ml,1,piece,92.07,92.07,20.07,18,0,759.56,759.56,0,149.56,cash:759.56
KOS-2026-005642,2026-06-24,15:09,normal_sale,active,Shalini Jadhav,Sunfeast Dark Fantasy 75g,1,piece,42.8,42.8,8.8,18,0,759.56,759.56,0,149.56,cash:759.56
KOS-2026-005642,2026-06-24,15:09,normal_sale,active,Shalini Jadhav,Haldiram Bhujia 200g,1,piece,57.38,57.38,12.38,12,0,759.56,759.56,0,149.56,cash:759.56
KOS-2026-005642,2026-06-24,15:09,normal_sale,active,Shalini Jadhav,Saffola Gold Oil 1L,1,piece,190,190,25,5,0,759.56,759.56,0,149.56,cash:759.56
KOS-2026-005642,2026-06-24,15:09,normal_sale,active,Shalini Jadhav,Maggi Noodles 70g,9,piece,14.47,130.23,26.73,12,0,759.56,759.56,0,149.56,cash:759.56
KOS-2026-005642,2026-06-24,15:09,normal_sale,active,Shalini Jadhav,Odonil Air Freshener 50g,1,piece,78,78,16,18,0,759.56,759.56,0,149.56,cash:759.56
KOS-2026-005641,2026-06-24,14:29,normal_sale,active,Walk-in,MDH Garam Masala 100g,1,piece,94.71,94.71,16.71,5,0,154.71,154.71,0,28.71,cash:154.71
KOS-2026-005641,2026-06-24,14:29,normal_sale,active,Walk-in,Catch Red Chilli Powder 100g,1,piece,60,60,12,5,0,154.71,154.71,0,28.71,cash:154.71
KOS-2026-005640,2026-06-24,14:15,normal_sale,active,Walk-in,Onion,1,kg,35.9,35.9,11.9,0,0,35.9,35.9,0,11.9,upi:35.9
KOS-2026-005638,2026-06-24,12:27,normal_sale,active,Meena Deshmukh,Sona Masoori Rice (loose),0.5,kg,63.6,31.8,8.8,0,0,31.8,31.8,0,8.8,cash:31.8
KOS-2026-005639,2026-06-24,12:27,normal_sale,active,Imran Sharma,Lemon,2,piece,5,10,3.6,0,0,368.73,0,368.73,86.83,
KOS-2026-005639,2026-06-24,12:27,normal_sale,active,Imran Sharma,Maggi Noodles 70g,1,piece,14.47,14.47,2.97,12,0,368.73,0,368.73,86.83,
KOS-2026-005639,2026-06-24,12:27,normal_sale,active,Imran Sharma,Dettol Antiseptic 250ml,2,piece,172.13,344.26,80.26,18,0,368.73,0,368.73,86.83,
KOS-2026-005637,2026-06-24,11:46,normal_sale,active,Ganesh Verma,Bisleri Water 1L,1,piece,20,20,7,18,0,128,128,0,23,upi:128
KOS-2026-005637,2026-06-24,11:46,normal_sale,active,Ganesh Verma,Maggi Noodles 8-pack,1,piece,108,108,16,12,0,128,128,0,23,upi:128
KOS-2026-005636,2026-06-24,11:26,normal_sale,active,Kiran Verma,Coca-Cola 750ml,1,piece,40,40,8,28,0,622.98,622.98,0,97.98,cash:327|upi:295.98
KOS-2026-005636,2026-06-24,11:26,normal_sale,active,Kiran Verma,Saffola Gold Oil 1L,2,piece,190,380,50,5,0,622.98,622.98,0,97.98,cash:327|upi:295.98
KOS-2026-005636,2026-06-24,11:26,normal_sale,active,Kiran Verma,Reynolds Pen,3,piece,10,30,9,12,0,622.98,622.98,0,97.98,cash:327|upi:295.98
KOS-2026-005636,2026-06-24,11:26,normal_sale,active,Kiran Verma,Kissan Mixed Fruit Jam 200g,2,piece,82,164,28,12,0,622.98,622.98,0,97.98,cash:327|upi:295.98
KOS-2026-005636,2026-06-24,11:26,normal_sale,active,Kiran Verma,Onion,0.25,kg,35.9,8.98,2.98,0,0,622.98,622.98,0,97.98,cash:327|upi:295.98
KOS-2026-005635,2026-06-24,11:21,normal_sale,active,Walk-in,Thums Up 750ml,1,piece,41.66,41.66,9.66,28,0,41.66,41.66,0,9.66,upi:41.66
KOS-2026-005634,2026-06-24,11:09,normal_sale,active,Walk-in,Parle-G Biscuit 100g,2,piece,11,22,5.4,18,0,614.95,614.95,0,112.35,cash:191|upi:423.95
KOS-2026-005634,2026-06-24,11:09,normal_sale,active,Walk-in,Frooti 200ml,1,piece,10,10,1.5,12,0,614.95,614.95,0,112.35,cash:191|upi:423.95
KOS-2026-005634,2026-06-24,11:09,normal_sale,active,Walk-in,MDH Garam Masala 100g,1,piece,94.71,94.71,16.71,5,0,614.95,614.95,0,112.35,cash:191|upi:423.95
KOS-2026-005634,2026-06-24,11:09,normal_sale,active,Walk-in,Tomato,0.25,kg,42.13,10.53,4.03,0,0,614.95,614.95,0,112.35,cash:191|upi:423.95
KOS-2026-005634,2026-06-24,11:09,normal_sale,active,Walk-in,Clinic Plus Shampoo 175ml,3,piece,140,420,66,18,0,614.95,614.95,0,112.35,cash:191|upi:423.95
KOS-2026-005634,2026-06-24,11:09,normal_sale,active,Walk-in,Ginger,0.5,kg,115.42,57.71,18.71,0,0,614.95,614.95,0,112.35,cash:191|upi:423.95
KOS-2026-005633,2026-06-24,10:58,normal_sale,active,Meena Deshmukh,Haldiram Bhujia 200g,1,piece,57.38,57.38,12.38,12,0,1584.76,1584.76,0,322.56,upi:1584.76
KOS-2026-005633,2026-06-24,10:58,normal_sale,active,Meena Deshmukh,Sprite 750ml,2,piece,42.51,85.02,21.02,28,0,1584.76,1584.76,0,322.56,upi:1584.76
KOS-2026-005633,2026-06-24,10:58,normal_sale,active,Meena Deshmukh,Lemon,2,piece,5,10,3.6,0,0,1584.76,1584.76,0,322.56,upi:1584.76
KOS-2026-005633,2026-06-24,10:58,normal_sale,active,Meena Deshmukh,Frooti 200ml,1,piece,10,10,1.5,12,0,1584.76,1584.76,0,322.56,upi:1584.76
KOS-2026-005633,2026-06-24,10:58,normal_sale,active,Meena Deshmukh,Nescafe Classic 50g,2,piece,200.58,401.16,65.16,18,0,1584.76,1584.76,0,322.56,upi:1584.76
KOS-2026-005633,2026-06-24,10:58,normal_sale,active,Meena Deshmukh,Yippee Noodles 70g,1,piece,14.96,14.96,3.96,12,0,1584.76,1584.76,0,322.56,upi:1584.76
KOS-2026-005633,2026-06-24,10:58,normal_sale,active,Meena Deshmukh,Parle-G Biscuit 100g,1,piece,11,11,2.7,18,0,1584.76,1584.76,0,322.56,upi:1584.76
KOS-2026-005633,2026-06-24,10:58,normal_sale,active,Meena Deshmukh,Besan (loose),0.5,kg,101.44,50.72,11.72,5,0,1584.76,1584.76,0,322.56,upi:1584.76
KOS-2026-005633,2026-06-24,10:58,normal_sale,active,Meena Deshmukh,Coca-Cola 750ml,1,piece,40,40,8,28,0,1584.76,1584.76,0,322.56,upi:1584.76
KOS-2026-005633,2026-06-24,10:58,normal_sale,active,Meena Deshmukh,Dettol Antiseptic 250ml,4,piece,172.13,688.52,160.52,18,0,1584.76,1584.76,0,322.56,upi:1584.76
KOS-2026-005633,2026-06-24,10:58,normal_sale,active,Meena Deshmukh,Maggi Noodles 8-pack,2,piece,108,216,32,12,0,1584.76,1584.76,0,322.56,upi:1584.76
KOS-2026-005632,2026-06-24,10:37,normal_sale,active,Walk-in,Sunfeast Dark Fantasy 75g,1,piece,42.8,42.8,8.8,18,0,519.85,519.85,0,93.35,upi:519.85
KOS-2026-005632,2026-06-24,10:37,normal_sale,active,Walk-in,Surf Excel Easy Wash 1kg,1,piece,155.05,155.05,37.05,18,0,519.85,519.85,0,93.35,upi:519.85
KOS-2026-005632,2026-06-24,10:37,normal_sale,active,Walk-in,Aashirvaad Atta 5kg,1,piece,285,285,40,5,0,519.85,519.85,0,93.35,upi:519.85
KOS-2026-005632,2026-06-24,10:37,normal_sale,active,Walk-in,Toor Dal (loose),0.25,kg,148,37,7.5,0,0,519.85,519.85,0,93.35,upi:519.85
KOS-2026-005631,2026-06-24,09:51,normal_sale,active,Walk-in,Tata Salt 1kg,1,piece,30.94,30.94,6.94,0,19.49,213.02,213.02,0,30.02,upi:213.02
KOS-2026-005631,2026-06-24,09:51,normal_sale,active,Walk-in,Dhara Mustard Oil 1L,1,piece,191.57,191.57,39.57,5,19.49,213.02,213.02,0,30.02,upi:213.02
KOS-2026-005631,2026-06-24,09:51,normal_sale,active,Walk-in,Reynolds Pen,1,piece,10,10,3,12,19.49,213.02,213.02,0,30.02,upi:213.02
KOS-2026-005630,2026-06-24,09:43,normal_sale,active,Walk-in,Urad Dal (loose),1,kg,139.94,139.94,34.94,0,0,425.65,425.65,0,96.65,cash:425.65
KOS-2026-005630,2026-06-24,09:43,normal_sale,active,Walk-in,Britannia Brown Bread,1,piece,50,50,8,0,0,425.65,425.65,0,96.65,cash:425.65
KOS-2026-005630,2026-06-24,09:43,normal_sale,active,Walk-in,Mustard Oil (loose),0.5,l,175.42,87.71,23.71,5,0,425.65,425.65,0,96.65,cash:425.65
KOS-2026-005630,2026-06-24,09:43,normal_sale,active,Walk-in,Toor Dal (loose),1,kg,148,148,30,0,0,425.65,425.65,0,96.65,cash:425.65
KOS-2026-005629,2026-06-24,09:38,normal_sale,active,Kiran Rane,Parle-G Biscuit 100g,1,piece,11,11,2.7,18,0,108,108,0,22.2,cash:108
KOS-2026-005629,2026-06-24,09:38,normal_sale,active,Kiran Rane,Chana Dal (loose),0.25,kg,92,23,4.5,0,0,108,108,0,22.2,cash:108
KOS-2026-005629,2026-06-24,09:38,normal_sale,active,Kiran Rane,Toor Dal (loose),0.5,kg,148,74,15,0,0,108,108,0,22.2,cash:108
KOS-2026-005628,2026-06-24,09:06,normal_sale,active,Sanjay Gupta,Britannia Marie Gold 250g,1,piece,40.88,40.88,7.88,18,0,579.36,222,357.36,122.06,cash:222
KOS-2026-005628,2026-06-24,09:06,normal_sale,active,Sanjay Gupta,5 Star 25g,2,piece,10.53,21.06,4.06,18,0,579.36,222,357.36,122.06,cash:222
KOS-2026-005628,2026-06-24,09:06,normal_sale,active,Sanjay Gupta,Basmati Rice Premium (loose),0.25,kg,133.1,33.28,10.28,0,0,579.36,222,357.36,122.06,cash:222
KOS-2026-005628,2026-06-24,09:06,normal_sale,active,Sanjay Gupta,Dhara Mustard Oil 1L,2,piece,191.57,383.14,79.14,5,0,579.36,222,357.36,122.06,cash:222
KOS-2026-005628,2026-06-24,09:06,normal_sale,active,Sanjay Gupta,Parle-G Biscuit 100g,1,piece,11,11,2.7,18,0,579.36,222,357.36,122.06,cash:222
KOS-2026-005628,2026-06-24,09:06,normal_sale,active,Sanjay Gupta,Agarbatti Pack (20 sticks),3,piece,30,90,18,12,0,579.36,222,357.36,122.06,cash:222
KOS-2026-005627,2026-06-24,09:05,normal_sale,active,Vaishali More,Agarbatti Pack (20 sticks),2,piece,30,60,12,12,0,191.64,191,0,41,cash:191
KOS-2026-005627,2026-06-24,09:05,normal_sale,active,Vaishali More,Dairy Milk 50g,3,piece,43.88,131.64,29.64,18,0,191.64,191,0,41,cash:191
KOS-2026-005626,2026-06-24,08:59,normal_sale,active,Annapurna Mess & Canteen,Lays Classic Salted 52g,2,piece,21.82,43.64,10.64,12,0,347.24,347.24,0,90.24,upi:347.24
KOS-2026-005626,2026-06-24,08:59,normal_sale,active,Annapurna Mess & Canteen,Sprite 750ml,1,piece,42.51,42.51,10.51,28,0,347.24,347.24,0,90.24,upi:347.24
KOS-2026-005626,2026-06-24,08:59,normal_sale,active,Annapurna Mess & Canteen,Tomato,0.5,kg,42.13,21.07,8.07,0,0,347.24,347.24,0,90.24,upi:347.24
KOS-2026-005626,2026-06-24,08:59,normal_sale,active,Annapurna Mess & Canteen,Nirma Washing Powder 1kg,1,piece,75.9,75.9,17.9,18,0,347.24,347.24,0,90.24,upi:347.24
KOS-2026-005626,2026-06-24,08:59,normal_sale,active,Annapurna Mess & Canteen,Parachute Coconut Oil 200ml,1,piece,104.12,104.12,22.12,18,0,347.24,347.24,0,90.24,upi:347.24
KOS-2026-005626,2026-06-24,08:59,normal_sale,active,Annapurna Mess & Canteen,Bisleri Water 1L,3,piece,20,60,21,18,0,347.24,347.24,0,90.24,upi:347.24
KOS-2026-005625,2026-06-24,08:57,normal_sale,active,Kiran Khan,Mother Dairy Paneer 200g,1,piece,105,105,17,5,0,105,105,0,17,cash:105
KOS-2026-005624,2026-06-23,21:53,normal_sale,active,Walk-in,Haldiram Bhujia 200g,2,piece,57.38,114.76,24.76,12,0,458.66,458.66,0,102.36,upi:458.66
KOS-2026-005624,2026-06-23,21:53,normal_sale,active,Walk-in,Parle-G Biscuit 100g,1,piece,11,11,2.7,18,0,458.66,458.66,0,102.36,upi:458.66
KOS-2026-005624,2026-06-23,21:53,normal_sale,active,Walk-in,Bisleri Water 1L,1,piece,20,20,7,18,0,458.66,458.66,0,102.36,upi:458.66
KOS-2026-005624,2026-06-23,21:53,normal_sale,active,Walk-in,Horlicks 500g,1,piece,312.9,312.9,67.9,18,0,458.66,458.66,0,102.36,upi:458.66
KOS-2026-005623,2026-06-23,21:13,normal_sale,active,Walk-in,Basmati Rice Premium (loose),2,kg,133.1,266.2,82.2,0,0,797.88,797.88,0,177.88,upi:797.88
KOS-2026-005623,2026-06-23,21:13,normal_sale,active,Walk-in,Lifebuoy Soap 125g,1,piece,35,35,7,18,0,797.88,797.88,0,177.88,upi:797.88
KOS-2026-005623,2026-06-23,21:13,normal_sale,active,Walk-in,Red Label Tea 250g,3,piece,155.56,466.68,82.68,5,0,797.88,797.88,0,177.88,upi:797.88
KOS-2026-005623,2026-06-23,21:13,normal_sale,active,Walk-in,Agarbatti Pack (20 sticks),1,piece,30,30,6,12,0,797.88,797.88,0,177.88,upi:797.88
KOS-2026-005622,2026-06-23,21:03,normal_sale,active,Walk-in,5 Star 25g,3,piece,10.53,31.59,6.09,18,0,221.59,221,0,30.5,cash:221
KOS-2026-005622,2026-06-23,21:03,normal_sale,active,Walk-in,Saffola Gold Oil 1L,1,piece,190,190,25,5,0,221.59,221,0,30.5,cash:221
KOS-2026-005621,2026-06-23,20:50,normal_sale,active,Walk-in,Bisleri Water 1L,1,piece,20,20,7,18,0,20,20,0,7,cash:9|upi:11
KOS-2026-005620,2026-06-23,20:20,normal_sale,active,Deepak Sharma,Sona Masoori Rice (loose),0.25,kg,63.6,15.9,4.4,0,0,636.71,636.71,0,119.21,cash:636.71
KOS-2026-005620,2026-06-23,20:20,normal_sale,active,Deepak Sharma,Maggi Noodles 70g,8,piece,14.47,115.76,23.76,12,0,636.71,636.71,0,119.21,cash:636.71
KOS-2026-005620,2026-06-23,20:20,normal_sale,active,Deepak Sharma,Surf Excel Easy Wash 1kg,1,piece,155.05,155.05,37.05,18,0,636.71,636.71,0,119.21,cash:636.71
KOS-2026-005620,2026-06-23,20:20,normal_sale,active,Deepak Sharma,Whisper Ultra 15 pads,2,piece,175,350,54,12,0,636.71,636.71,0,119.21,cash:636.71
KOS-2026-005619,2026-06-23,20:14,normal_sale,active,Walk-in,Gillette Guard Razor,1,piece,36.91,36.91,8.91,18,38.13,784.77,784.77,0,132.27,cash:237|upi:547.77
KOS-2026-005619,2026-06-23,20:14,normal_sale,active,Walk-in,Sona Masoori Rice (loose),1,kg,63.6,63.6,17.6,0,38.13,784.77,784.77,0,132.27,cash:237|upi:547.77
KOS-2026-005619,2026-06-23,20:14,normal_sale,active,Walk-in,Dove Soap 100g,1,piece,68,68,13,18,38.13,784.77,784.77,0,132.27,cash:237|upi:547.77
KOS-2026-005619,2026-06-23,20:14,normal_sale,active,Walk-in,Thums Up 750ml,3,piece,41.66,124.98,28.98,28,38.13,784.77,784.77,0,132.27,cash:237|upi:547.77
KOS-2026-005619,2026-06-23,20:14,normal_sale,active,Walk-in,KitKat 4-finger,2,piece,21.13,42.26,8.26,18,38.13,784.77,784.77,0,132.27,cash:237|upi:547.77
KOS-2026-005619,2026-06-23,20:14,normal_sale,active,Walk-in,Amul Gold Milk 500ml,2,piece,37.73,75.46,15.46,0,38.13,784.77,784.77,0,132.27,cash:237|upi:547.77
KOS-2026-005619,2026-06-23,20:14,normal_sale,active,Walk-in,Bisleri Water 1L,1,piece,20,20,7,18,38.13,784.77,784.77,0,132.27,cash:237|upi:547.77
KOS-2026-005619,2026-06-23,20:14,normal_sale,active,Walk-in,Fortune Sunflower Oil 1L,2,piece,167.9,335.8,59.8,5,38.13,784.77,784.77,0,132.27,cash:237|upi:547.77
KOS-2026-005619,2026-06-23,20:14,normal_sale,active,Walk-in,Sugar (loose),0.5,kg,49.89,24.95,4.45,5,38.13,784.77,784.77,0,132.27,cash:237|upi:547.77
KOS-2026-005619,2026-06-23,20:14,normal_sale,active,Walk-in,Tata Salt 1kg,1,piece,30.94,30.94,6.94,0,38.13,784.77,784.77,0,132.27,cash:237|upi:547.77
KOS-2026-005618,2026-06-23,19:46,normal_sale,active,Shalini Pawar,Parachute Coconut Oil 200ml,1,piece,104.12,104.12,22.12,18,13.49,90.63,90.63,0,8.63,upi:90.63
KOS-2026-005617,2026-06-23,19:36,normal_sale,active,Walk-in,Tata Tea Gold 500g,1,piece,305,305,40,5,0,305,305,0,40,upi:305
KOS-2026-005616,2026-06-23,18:26,normal_sale,active,Ganesh Khan,Tomato,1,kg,42.13,42.13,16.13,0,0,42.13,42.13,0,16.13,upi:42.13
KOS-2026-005615,2026-06-23,18:06,normal_sale,active,Walk-in,Dairy Milk 50g,1,piece,43.88,43.88,9.88,18,0,714.6,714.6,0,151.1,upi:714.6
KOS-2026-005615,2026-06-23,18:06,normal_sale,active,Walk-in,Good Knight Refill 45ml,3,piece,92.07,276.21,60.21,18,0,714.6,714.6,0,151.1,upi:714.6
KOS-2026-005615,2026-06-23,18:06,normal_sale,active,Walk-in,MDH Garam Masala 100g,2,piece,94.71,189.42,33.42,5,0,714.6,714.6,0,151.1,upi:714.6
KOS-2026-005615,2026-06-23,18:06,normal_sale,active,Walk-in,Moong Dal (loose),1,kg,129.02,129.02,33.02,0,0,714.6,714.6,0,151.1,upi:714.6
KOS-2026-005615,2026-06-23,18:06,normal_sale,active,Walk-in,Maggi Noodles 70g,1,piece,14.47,14.47,2.97,12,0,714.6,714.6,0,151.1,upi:714.6
KOS-2026-005615,2026-06-23,18:06,normal_sale,active,Walk-in,Britannia Good Day 100g,2,piece,30.8,61.6,11.6,18,0,714.6,714.6,0,151.1,upi:714.6
KOS-2026-005614,2026-06-23,17:30,normal_sale,active,Walk-in,Sugar (loose),0.5,kg,49.89,24.95,4.45,5,0,468.75,468.75,0,80.25,cash:468.75
KOS-2026-005614,2026-06-23,17:30,normal_sale,active,Walk-in,Maggi Noodles 8-pack,1,piece,108,108,16,12,0,468.75,468.75,0,80.25,cash:468.75
KOS-2026-005614,2026-06-23,17:30,normal_sale,active,Walk-in,Fortune Sunflower Oil 1L,2,piece,167.9,335.8,59.8,5,0,468.75,468.75,0,80.25,cash:468.75
KOS-2026-005613,2026-06-23,17:20,normal_sale,active,Balaji Pawar,Amul Butter 100g,1,piece,67.48,67.48,13.48,12,0,990.13,990.13,0,192.78,upi:990.13
KOS-2026-005613,2026-06-23,17:20,normal_sale,active,Balaji Pawar,Vim Dishwash Bar 200g,3,piece,21.3,63.9,15.9,18,0,990.13,990.13,0,192.78,upi:990.13
KOS-2026-005613,2026-06-23,17:20,normal_sale,active,Balaji Pawar,Fortune Sunflower Oil 1L,2,piece,167.9,335.8,59.8,5,0,990.13,990.13,0,192.78,upi:990.13
KOS-2026-005613,2026-06-23,17:20,normal_sale,active,Balaji Pawar,Match Box,1,piece,2.12,2.12,1.02,18,0,990.13,990.13,0,192.78,upi:990.13
KOS-2026-005613,2026-06-23,17:20,normal_sale,active,Balaji Pawar,Coca-Cola 750ml,1,piece,40,40,8,28,0,990.13,990.13,0,192.78,upi:990.13
KOS-2026-005613,2026-06-23,17:20,normal_sale,active,Balaji Pawar,Odonil Air Freshener 50g,1,piece,78,78,16,18,0,990.13,990.13,0,192.78,upi:990.13
KOS-2026-005613,2026-06-23,17:20,normal_sale,active,Balaji Pawar,Toor Dal (loose),2,kg,148,296,60,0,0,990.13,990.13,0,192.78,upi:990.13
KOS-2026-005613,2026-06-23,17:20,normal_sale,active,Balaji Pawar,Close Up Red 150g,1,piece,94.36,94.36,16.36,18,0,990.13,990.13,0,192.78,upi:990.13
KOS-2026-005613,2026-06-23,17:20,normal_sale,active,Balaji Pawar,Sugar (loose),0.25,kg,49.89,12.47,2.22,5,0,990.13,990.13,0,192.78,upi:990.13
KOS-2026-005612,2026-06-23,17:07,normal_sale,active,Swati Singh,Tata Salt 1kg,1,piece,30.94,30.94,6.94,0,0,50.94,50,0,13,cash:50
KOS-2026-005612,2026-06-23,17:07,normal_sale,active,Swati Singh,Bisleri Water 1L,1,piece,20,20,7,18,0,50.94,50,0,13,cash:50
KOS-2026-005611,2026-06-23,17:06,normal_sale,active,Imran Sharma,Lifebuoy Soap 125g,1,piece,35,35,7,18,0,652,652,0,132,upi:652
KOS-2026-005611,2026-06-23,17:06,normal_sale,active,Imran Sharma,Mother Dairy Paneer 200g,2,piece,105,210,34,5,0,652,652,0,132,upi:652
KOS-2026-005611,2026-06-23,17:06,normal_sale,active,Imran Sharma,Nivea Cold Cream 60ml,1,piece,128,128,20,18,0,652,652,0,132,upi:652
KOS-2026-005611,2026-06-23,17:06,normal_sale,active,Imran Sharma,Nirma Washing Powder 1kg,2,piece,75.9,151.8,35.8,18,0,652,652,0,132,upi:652
KOS-2026-005611,2026-06-23,17:06,normal_sale,active,Imran Sharma,Sona Masoori Rice (loose),2,kg,63.6,127.2,35.2,0,0,652,652,0,132,upi:652
KOS-2026-005610,2026-06-23,15:25,normal_sale,active,Walk-in,Bisleri Water 1L,3,piece,20,60,21,18,0,60,60,0,21,cash:60
KOS-2026-005609,2026-06-23,15:09,normal_sale,active,Walk-in,Besan (loose),1,kg,101.44,101.44,23.44,5,0,161.97,161.97,0,33.47,upi:161.97
KOS-2026-005609,2026-06-23,15:09,normal_sale,active,Walk-in,Britannia Brown Bread,1,piece,50,50,8,0,0,161.97,161.97,0,33.47,upi:161.97
KOS-2026-005609,2026-06-23,15:09,normal_sale,active,Walk-in,5 Star 25g,1,piece,10.53,10.53,2.03,18,0,161.97,161.97,0,33.47,upi:161.97
KOS-2026-005608,2026-06-23,14:48,normal_sale,active,Walk-in,Amul Butter 100g,1,piece,67.48,67.48,13.48,12,0,861.22,861.22,0,172.72,upi:861.22
KOS-2026-005608,2026-06-23,14:48,normal_sale,active,Walk-in,Fortune Sunflower Oil 1L,3,piece,167.9,503.7,89.7,5,0,861.22,861.22,0,172.72,upi:861.22
KOS-2026-005608,2026-06-23,14:48,normal_sale,active,Walk-in,Classmate Notebook 172pg,2,piece,60.62,121.24,37.24,12,0,861.22,861.22,0,172.72,upi:861.22
KOS-2026-005608,2026-06-23,14:48,normal_sale,active,Walk-in,Sona Masoori Rice (loose),0.5,kg,63.6,31.8,8.8,0,0,861.22,861.22,0,172.72,upi:861.22
KOS-2026-005608,2026-06-23,14:48,normal_sale,active,Walk-in,Toor Dal (loose),0.25,kg,148,37,7.5,0,0,861.22,861.22,0,172.72,upi:861.22
KOS-2026-005608,2026-06-23,14:48,normal_sale,active,Walk-in,Britannia Brown Bread,2,piece,50,100,16,0,0,861.22,861.22,0,172.72,upi:861.22
KOS-2026-005607,2026-06-23,11:55,normal_sale,active,Walk-in,Sona Masoori Rice (loose),2,kg,63.6,127.2,35.2,0,0,746.99,746.99,0,152.09,upi:746.99
KOS-2026-005607,2026-06-23,11:55,normal_sale,active,Walk-in,Lemon,1,piece,5,5,1.8,0,0,746.99,746.99,0,152.09,upi:746.99
KOS-2026-005607,2026-06-23,11:55,normal_sale,active,Walk-in,Potato,2,kg,27.6,55.2,19.2,0,0,746.99,746.99,0,152.09,upi:746.99
KOS-2026-005607,2026-06-23,11:55,normal_sale,active,Walk-in,Wheat Atta (loose),1,kg,43.91,43.91,11.91,0,0,746.99,746.99,0,152.09,upi:746.99
KOS-2026-005607,2026-06-23,11:55,normal_sale,active,Walk-in,Farm Eggs,1,piece,8.58,8.58,2.38,0,0,746.99,746.99,0,152.09,upi:746.99
KOS-2026-005607,2026-06-23,11:55,normal_sale,active,Walk-in,Dhara Mustard Oil 1L,1,piece,191.57,191.57,39.57,5,0,746.99,746.99,0,152.09,upi:746.99
KOS-2026-005607,2026-06-23,11:55,normal_sale,active,Walk-in,Tata Tea Gold 500g,1,piece,305,305,40,5,0,746.99,746.99,0,152.09,upi:746.99
KOS-2026-005607,2026-06-23,11:55,normal_sale,active,Walk-in,5 Star 25g,1,piece,10.53,10.53,2.03,18,0,746.99,746.99,0,152.09,upi:746.99
KOS-2026-005606,2026-06-23,11:21,normal_sale,active,Walk-in,Mother Dairy Paneer 200g,1,piece,105,105,17,5,0,125.07,125.07,0,23.97,cash:125.07
KOS-2026-005606,2026-06-23,11:21,normal_sale,active,Walk-in,Onion,0.5,kg,35.9,17.95,5.95,0,0,125.07,125.07,0,23.97,cash:125.07
KOS-2026-005606,2026-06-23,11:21,normal_sale,active,Walk-in,Match Box,1,piece,2.12,2.12,1.02,18,0,125.07,125.07,0,23.97,cash:125.07
KOS-2026-005605,2026-06-23,10:53,normal_sale,active,Walk-in,Center Fresh Gum (jar pc),1,piece,1.07,1.07,0.22,18,0,66.23,66,0,15.15,cash:66
KOS-2026-005605,2026-06-23,10:53,normal_sale,active,Walk-in,Rava / Sooji (loose),0.5,kg,50.32,25.16,7.16,5,0,66.23,66,0,15.15,cash:66
KOS-2026-005605,2026-06-23,10:53,normal_sale,active,Walk-in,Coca-Cola 750ml,1,piece,40,40,8,28,0,66.23,66,0,15.15,cash:66
KOS-2026-005604,2026-06-23,10:52,normal_sale,active,Kavita Shaikh,Coca-Cola 750ml,1,piece,40,40,8,28,0,495.67,495.67,0,105.67,upi:495.67
KOS-2026-005604,2026-06-23,10:52,normal_sale,active,Kavita Shaikh,Bisleri Water 1L,1,piece,20,20,7,18,0,495.67,495.67,0,105.67,upi:495.67
KOS-2026-005604,2026-06-23,10:52,normal_sale,active,Kavita Shaikh,Frooti 200ml,2,piece,10,20,3,12,0,495.67,495.67,0,105.67,upi:495.67
KOS-2026-005604,2026-06-23,10:52,normal_sale,active,Kavita Shaikh,Tata Salt 1kg,1,piece,30.94,30.94,6.94,0,0,495.67,495.67,0,105.67,upi:495.67
KOS-2026-005604,2026-06-23,10:52,normal_sale,active,Kavita Shaikh,Sunfeast Dark Fantasy 75g,4,piece,42.8,171.2,35.2,18,0,495.67,495.67,0,105.67,upi:495.67
KOS-2026-005604,2026-06-23,10:52,normal_sale,active,Kavita Shaikh,Wheat Atta (loose),0.5,kg,43.91,21.96,5.96,0,0,495.67,495.67,0,105.67,upi:495.67
KOS-2026-005604,2026-06-23,10:52,normal_sale,active,Kavita Shaikh,Dhara Mustard Oil 1L,1,piece,191.57,191.57,39.57,5,0,495.67,495.67,0,105.67,upi:495.67
KOS-2026-005603,2026-06-23,10:04,normal_sale,active,Hotel Green Leaf,Colgate Strong Teeth 200g,2,piece,114.06,228.12,44.12,18,0,364.76,168,196.76,76.76,cash:168
KOS-2026-005603,2026-06-23,10:04,normal_sale,active,Hotel Green Leaf,Sona Masoori Rice (loose),0.5,kg,63.6,31.8,8.8,0,0,364.76,168,196.76,76.76,cash:168
KOS-2026-005603,2026-06-23,10:04,normal_sale,active,Hotel Green Leaf,Maggi Noodles 70g,2,piece,14.47,28.94,5.94,12,0,364.76,168,196.76,76.76,cash:168
KOS-2026-005603,2026-06-23,10:04,normal_sale,active,Hotel Green Leaf,Nirma Washing Powder 1kg,1,piece,75.9,75.9,17.9,18,0,364.76,168,196.76,76.76,cash:168
KOS-2026-005602,2026-06-23,09:47,normal_sale,active,Vaishali More,Real Mixed Fruit Juice 1L,1,piece,131.29,131.29,26.29,12,0,219.61,219.61,0,45.61,cash:70|upi:149.61
KOS-2026-005602,2026-06-23,09:47,normal_sale,active,Vaishali More,Haldiram Bhujia 200g,1,piece,57.38,57.38,12.38,12,0,219.61,219.61,0,45.61,cash:70|upi:149.61
KOS-2026-005602,2026-06-23,09:47,normal_sale,active,Vaishali More,Tata Salt 1kg,1,piece,30.94,30.94,6.94,0,0,219.61,219.61,0,45.61,cash:70|upi:149.61
KOS-2026-005601,2026-06-23,09:40,normal_sale,active,Walk-in,Potato,0.25,kg,27.6,6.9,2.4,0,0,135.79,135,0,29,cash:135
KOS-2026-005601,2026-06-23,09:40,normal_sale,active,Walk-in,Coca-Cola 750ml,1,piece,40,40,8,28,0,135.79,135,0,29,cash:135
KOS-2026-005601,2026-06-23,09:40,normal_sale,active,Walk-in,5 Star 25g,3,piece,10.53,31.59,6.09,18,0,135.79,135,0,29,cash:135
KOS-2026-005601,2026-06-23,09:40,normal_sale,active,Walk-in,Groundnut / Peanut (loose),0.5,kg,114.59,57.3,13.3,5,0,135.79,135,0,29,cash:135
KOS-2026-005600,2026-06-23,09:37,normal_sale,active,Jyoti Kulkarni,Amul Gold Milk 500ml,1,piece,37.73,37.73,7.73,0,0,37.73,37,0,7,cash:37
KOS-2026-005599,2026-06-23,09:34,normal_sale,active,Walk-in,Parle-G Biscuit 100g,3,piece,11,33,8.1,18,27.46,26.67,26.67,0,-15.23,cash:26.67
KOS-2026-005599,2026-06-23,09:34,normal_sale,active,Walk-in,KitKat 4-finger,1,piece,21.13,21.13,4.13,18,27.46,26.67,26.67,0,-15.23,cash:26.67
KOS-2026-005598,2026-06-23,09:21,normal_sale,active,Walk-in,Sunfeast Dark Fantasy 75g,2,piece,42.8,85.6,17.6,18,0,85.6,85.6,0,17.6,cash:85.6
KOS-2026-005597,2026-06-23,08:29,normal_sale,active,Walk-in,Horlicks 500g,1,piece,312.9,312.9,67.9,18,0,312.9,312.9,0,67.9,upi:312.9
KOS-2026-005596,2026-06-23,08:23,normal_sale,active,Walk-in,Good Knight Refill 45ml,1,piece,92.07,92.07,20.07,18,0,232.09,232.09,0,47.09,upi:232.09
KOS-2026-005596,2026-06-23,08:23,normal_sale,active,Walk-in,Amul Taaza Milk 500ml,1,piece,28,28,3,0,0,232.09,232.09,0,47.09,upi:232.09
KOS-2026-005596,2026-06-23,08:23,normal_sale,active,Walk-in,Harpic Toilet Cleaner 500ml,1,piece,112.02,112.02,24.02,18,0,232.09,232.09,0,47.09,upi:232.09
KOS-2026-005595,2026-06-23,08:07,normal_sale,active,Walk-in,Parle-G Biscuit 100g,1,piece,11,11,2.7,18,0,586.11,586.11,0,95.31,upi:586.11
KOS-2026-005595,2026-06-23,08:07,normal_sale,active,Walk-in,Sugar (loose),0.5,kg,49.89,24.95,4.45,5,0,586.11,586.11,0,95.31,upi:586.11
KOS-2026-005595,2026-06-23,08:07,normal_sale,active,Walk-in,Catch Red Chilli Powder 100g,1,piece,60,60,12,5,0,586.11,586.11,0,95.31,upi:586.11
KOS-2026-005595,2026-06-23,08:07,normal_sale,active,Walk-in,Rava / Sooji (loose),0.5,kg,50.32,25.16,7.16,5,0,586.11,586.11,0,95.31,upi:586.11
KOS-2026-005595,2026-06-23,08:07,normal_sale,active,Walk-in,Ariel Detergent 1kg,3,piece,155,465,69,18,0,586.11,586.11,0,95.31,upi:586.11
KOS-2026-005594,2026-06-22,21:44,normal_sale,active,Kavita Shaikh,Agarbatti Pack (20 sticks),1,piece,30,30,6,12,0,140,140,0,36.5,upi:140
KOS-2026-005594,2026-06-22,21:44,normal_sale,active,Kavita Shaikh,Amul Masti Dahi 400g,1,piece,40,40,8,5,0,140,140,0,36.5,upi:140
KOS-2026-005594,2026-06-22,21:44,normal_sale,active,Kavita Shaikh,Frooti 200ml,1,piece,10,10,1.5,12,0,140,140,0,36.5,upi:140
KOS-2026-005594,2026-06-22,21:44,normal_sale,active,Kavita Shaikh,Bisleri Water 1L,3,piece,20,60,21,18,0,140,140,0,36.5,upi:140
KOS-2026-005593,2026-06-22,20:35,normal_sale,active,Vaishali Singh,Mustard Oil (loose),1,l,175.42,175.42,47.42,5,0,189.89,189.89,0,50.39,upi:189.89
KOS-2026-005593,2026-06-22,20:35,normal_sale,active,Vaishali Singh,Maggi Noodles 70g,1,piece,14.47,14.47,2.97,12,0,189.89,189.89,0,50.39,upi:189.89
KOS-2026-005592,2026-06-22,20:29,normal_sale,active,Balaji Pawar,Center Fresh Gum (jar pc),1,piece,1.07,1.07,0.22,18,0,9.65,3,6.65,2.6,upi:3
KOS-2026-005592,2026-06-22,20:29,normal_sale,active,Balaji Pawar,Farm Eggs,1,piece,8.58,8.58,2.38,0,0,9.65,3,6.65,2.6,upi:3
KOS-2026-005591,2026-06-22,20:11,normal_sale,active,Kiran Pawar,Potato,2,kg,27.6,55.2,19.2,0,0,55.2,55.2,0,19.2,bank:55.2
KOS-2026-005590,2026-06-22,19:43,normal_sale,active,Rohit Bhosale,Parachute Coconut Oil 200ml,2,piece,104.12,208.24,44.24,18,0,208.24,0,208.24,44.24,
KOS-2026-005589,2026-06-22,18:44,normal_sale,active,Walk-in,Lays Classic Salted 52g,2,piece,21.82,43.64,10.64,12,0,359.26,359.26,0,70.26,upi:359.26
KOS-2026-005589,2026-06-22,18:44,normal_sale,active,Walk-in,Vim Liquid 500ml,2,piece,118,236,40,18,0,359.26,359.26,0,70.26,upi:359.26
KOS-2026-005589,2026-06-22,18:44,normal_sale,active,Walk-in,Lux Soap 100g,2,piece,39.81,79.62,19.62,18,0,359.26,359.26,0,70.26,upi:359.26
KOS-2026-005588,2026-06-22,18:04,normal_sale,active,Walk-in,Tata Salt 1kg,1,piece,30.94,30.94,6.94,0,0,30.94,30.94,0,6.94,upi:30.94
KOS-2026-005587,2026-06-22,17:55,normal_sale,active,Walk-in,Dairy Milk 50g,2,piece,43.88,87.76,19.76,18,0,189.27,189.27,0,38.77,cash:124|upi:65.27
KOS-2026-005587,2026-06-22,17:55,normal_sale,active,Walk-in,Kissan Mixed Fruit Jam 200g,1,piece,82,82,14,12,0,189.27,189.27,0,38.77,cash:124|upi:65.27
KOS-2026-005587,2026-06-22,17:55,normal_sale,active,Walk-in,Onion,0.25,kg,35.9,8.98,2.98,0,0,189.27,189.27,0,38.77,cash:124|upi:65.27
KOS-2026-005587,2026-06-22,17:55,normal_sale,active,Walk-in,5 Star 25g,1,piece,10.53,10.53,2.03,18,0,189.27,189.27,0,38.77,cash:124|upi:65.27
KOS-2026-005586,2026-06-22,17:38,normal_sale,active,Walk-in,Bisleri Water 1L,5,piece,20,100,35,18,0,955.49,955,0,199.5,cash:955
KOS-2026-005586,2026-06-22,17:38,normal_sale,active,Walk-in,Maggi Noodles 8-pack,1,piece,108,108,16,12,0,955.49,955,0,199.5,cash:955
KOS-2026-005586,2026-06-22,17:38,normal_sale,active,Walk-in,Maggi Noodles 70g,3,piece,14.47,43.41,8.91,12,0,955.49,955,0,199.5,cash:955
KOS-2026-005586,2026-06-22,17:38,normal_sale,active,Walk-in,Fortune Sunflower Oil 1L,2,piece,167.9,335.8,59.8,5,0,955.49,955,0,199.5,cash:955
KOS-2026-005586,2026-06-22,17:38,normal_sale,active,Walk-in,Good Knight Refill 45ml,4,piece,92.07,368.28,80.28,18,0,955.49,955,0,199.5,cash:955
KOS-2026-005585,2026-06-22,17:32,normal_sale,active,Salim Verma,Ginger,0.5,kg,115.42,57.71,18.71,0,0,353.44,353,0,82.4,cash:353
KOS-2026-005585,2026-06-22,17:32,normal_sale,active,Salim Verma,Kurkure Masala Munch 70g,2,piece,20,40,7,12,0,353.44,353,0,82.4,cash:353
KOS-2026-005585,2026-06-22,17:32,normal_sale,active,Salim Verma,Parle-G Biscuit 100g,12,piece,11,132,32.4,18,0,353.44,353,0,82.4,cash:353
KOS-2026-005585,2026-06-22,17:32,normal_sale,active,Salim Verma,Coca-Cola 750ml,1,piece,40,40,8,28,0,353.44,353,0,82.4,cash:353
KOS-2026-005585,2026-06-22,17:32,normal_sale,active,Salim Verma,Chana Dal (loose),0.5,kg,92,46,9,0,0,353.44,353,0,82.4,cash:353
KOS-2026-005585,2026-06-22,17:32,normal_sale,active,Salim Verma,Amul Gold Milk 500ml,1,piece,37.73,37.73,7.73,0,0,353.44,353,0,82.4,cash:353
KOS-2026-005584,2026-06-22,17:30,normal_sale,active,Farida Rane,Lays Classic Salted 52g,2,piece,21.82,43.64,10.64,12,0,413.68,0,413.68,86.68,
KOS-2026-005584,2026-06-22,17:30,normal_sale,active,Farida Rane,Britannia Good Day 100g,1,piece,30.8,30.8,5.8,18,0,413.68,0,413.68,86.68,
KOS-2026-005584,2026-06-22,17:30,normal_sale,active,Farida Rane,Basmati Rice Premium (loose),0.25,kg,133.1,33.28,10.28,0,0,413.68,0,413.68,86.68,
KOS-2026-005584,2026-06-22,17:30,normal_sale,active,Farida Rane,Lifebuoy Soap 125g,1,piece,35,35,7,18,0,413.68,0,413.68,86.68,
KOS-2026-005584,2026-06-22,17:30,normal_sale,active,Farida Rane,Dove Soap 100g,2,piece,68,136,26,18,0,413.68,0,413.68,86.68,
KOS-2026-005584,2026-06-22,17:30,normal_sale,active,Farida Rane,Amul Butter 100g,2,piece,67.48,134.96,26.96,12,0,413.68,0,413.68,86.68,
KOS-2026-005583,2026-06-22,17:23,normal_sale,active,Lata Chavan,Maggi Noodles 8-pack,2,piece,108,216,32,12,0,582.88,582.88,0,110.88,bank:582.88
KOS-2026-005583,2026-06-22,17:23,normal_sale,active,Lata Chavan,LED Bulb 9W,1,piece,99,99,21,12,0,582.88,582.88,0,110.88,bank:582.88
KOS-2026-005583,2026-06-22,17:23,normal_sale,active,Lata Chavan,Clinic Plus Shampoo 175ml,1,piece,140,140,22,18,0,582.88,582.88,0,110.88,bank:582.88
KOS-2026-005583,2026-06-22,17:23,normal_sale,active,Lata Chavan,Camphor 50g,2,piece,58.45,116.9,32.9,12,0,582.88,582.88,0,110.88,bank:582.88
KOS-2026-005583,2026-06-22,17:23,normal_sale,active,Lata Chavan,Wheat Atta (loose),0.25,kg,43.91,10.98,2.98,0,0,582.88,582.88,0,110.88,bank:582.88
KOS-2026-005582,2026-06-22,17:02,normal_sale,active,Jyoti Salunkhe,Coca-Cola 750ml,1,piece,40,40,8,28,0,282.48,282.48,0,82.48,upi:282.48
KOS-2026-005582,2026-06-22,17:02,normal_sale,active,Jyoti Salunkhe,Classmate Notebook 172pg,4,piece,60.62,242.48,74.48,12,0,282.48,282.48,0,82.48,upi:282.48
KOS-2026-005581,2026-06-22,17:00,normal_sale,active,Walk-in,Whisper Ultra 15 pads,1,piece,175,175,27,12,0,179.24,179.24,0,29.04,cash:179.24
KOS-2026-005581,2026-06-22,17:00,normal_sale,active,Walk-in,Match Box,2,piece,2.12,4.24,2.04,18,0,179.24,179.24,0,29.04,cash:179.24
KOS-2026-005580,2026-06-22,15:56,normal_sale,active,Nitin Kadam,Parle-G Biscuit 100g,1,piece,11,11,2.7,18,0,600.26,600.26,0,109.46,upi:600.26
KOS-2026-005580,2026-06-22,15:56,normal_sale,active,Nitin Kadam,Onion,2,kg,35.9,71.8,23.8,0,0,600.26,600.26,0,109.46,upi:600.26
KOS-2026-005580,2026-06-22,15:56,normal_sale,active,Nitin Kadam,Frooti 200ml,2,piece,10,20,3,12,0,600.26,600.26,0,109.46,upi:600.26
KOS-2026-005580,2026-06-22,15:56,normal_sale,active,Nitin Kadam,Maggi Noodles 8-pack,4,piece,108,432,64,12,0,600.26,600.26,0,109.46,upi:600.26
KOS-2026-005580,2026-06-22,15:56,normal_sale,active,Nitin Kadam,Lays Classic Salted 52g,3,piece,21.82,65.46,15.96,12,0,600.26,600.26,0,109.46,upi:600.26
KOS-2026-005579,2026-06-22,14:00,normal_sale,active,Walk-in,Urad Dal (loose),0.25,kg,139.94,34.99,8.74,0,10.44,24.55,24.55,0,-1.7,upi:24.55
KOS-2026-005578,2026-06-22,13:34,normal_sale,active,Ganesh Chavan,Parle-G Biscuit 100g,2,piece,11,22,5.4,18,0,1344.28,1344.28,0,186.68,upi:1344.28
KOS-2026-005578,2026-06-22,13:34,normal_sale,active,Ganesh Chavan,Bisleri Water 1L,2,piece,20,40,14,18,0,1344.28,1344.28,0,186.68,upi:1344.28
KOS-2026-005578,2026-06-22,13:34,normal_sale,active,Ganesh Chavan,Amul Butter 100g,2,piece,67.48,134.96,26.96,12,0,1344.28,1344.28,0,186.68,upi:1344.28
KOS-2026-005578,2026-06-22,13:34,normal_sale,active,Ganesh Chavan,Amul Ghee 500ml,3,piece,355,1065,120,12,0,1344.28,1344.28,0,186.68,upi:1344.28
KOS-2026-005578,2026-06-22,13:34,normal_sale,active,Ganesh Chavan,Lux Soap 100g,1,piece,39.81,39.81,9.81,18,0,1344.28,1344.28,0,186.68,upi:1344.28
KOS-2026-005578,2026-06-22,13:34,normal_sale,active,Ganesh Chavan,Sprite 750ml,1,piece,42.51,42.51,10.51,28,0,1344.28,1344.28,0,186.68,upi:1344.28
KOS-2026-005577,2026-06-22,12:40,normal_sale,active,Vijay More,Sunfeast Dark Fantasy 75g,1,piece,42.8,42.8,8.8,18,0,159.75,159.75,0,32.25,upi:159.75
KOS-2026-005577,2026-06-22,12:40,normal_sale,active,Vijay More,Lifebuoy Soap 125g,1,piece,35,35,7,18,0,159.75,159.75,0,32.25,upi:159.75
KOS-2026-005577,2026-06-22,12:40,normal_sale,active,Vijay More,Amul Butter 100g,1,piece,67.48,67.48,13.48,12,0,159.75,159.75,0,32.25,upi:159.75
KOS-2026-005577,2026-06-22,12:40,normal_sale,active,Vijay More,Maggi Noodles 70g,1,piece,14.47,14.47,2.97,12,0,159.75,159.75,0,32.25,upi:159.75
KOS-2026-005576,2026-06-22,12:28,normal_sale,active,Arun Deshmukh,Parle-G Biscuit 100g,2,piece,11,22,5.4,18,0,277.23,277.23,0,51.38,upi:277.23
KOS-2026-005576,2026-06-22,12:28,normal_sale,active,Arun Deshmukh,Tata Salt 1kg,2,piece,30.94,61.88,13.88,0,0,277.23,277.23,0,51.38,upi:277.23
KOS-2026-005576,2026-06-22,12:28,normal_sale,active,Arun Deshmukh,Sugar (loose),0.25,kg,49.89,12.47,2.22,5,0,277.23,277.23,0,51.38,upi:277.23
KOS-2026-005576,2026-06-22,12:28,normal_sale,active,Arun Deshmukh,Britannia Marie Gold 250g,1,piece,40.88,40.88,7.88,18,0,277.23,277.23,0,51.38,upi:277.23
KOS-2026-005576,2026-06-22,12:28,normal_sale,active,Arun Deshmukh,Oreo Biscuit 120g,1,piece,35,35,5,18,0,277.23,277.23,0,51.38,upi:277.23
KOS-2026-005576,2026-06-22,12:28,normal_sale,active,Arun Deshmukh,Mother Dairy Paneer 200g,1,piece,105,105,17,5,0,277.23,277.23,0,51.38,upi:277.23
KOS-2026-005575,2026-06-22,12:17,normal_sale,active,Walk-in,Parle-G Biscuit 100g,2,piece,11,22,5.4,18,0,22,22,0,5.4,upi:22
KOS-2026-005574,2026-06-22,11:37,normal_sale,active,Walk-in,Basmati Rice Premium (loose),2,kg,133.1,266.2,82.2,0,0,577.96,577.96,0,149.46,upi:577.96
KOS-2026-005574,2026-06-22,11:37,normal_sale,active,Walk-in,Sona Masoori Rice (loose),1,kg,63.6,63.6,17.6,0,0,577.96,577.96,0,149.46,upi:577.96
KOS-2026-005574,2026-06-22,11:37,normal_sale,active,Walk-in,Frooti 200ml,1,piece,10,10,1.5,12,0,577.96,577.96,0,149.46,upi:577.96
KOS-2026-005574,2026-06-22,11:37,normal_sale,active,Walk-in,Britannia Marie Gold 250g,4,piece,40.88,163.52,31.52,18,0,577.96,577.96,0,149.46,upi:577.96
KOS-2026-005574,2026-06-22,11:37,normal_sale,active,Walk-in,Amul Gold Milk 500ml,1,piece,37.73,37.73,7.73,0,0,577.96,577.96,0,149.46,upi:577.96
KOS-2026-005574,2026-06-22,11:37,normal_sale,active,Walk-in,Gillette Guard Razor,1,piece,36.91,36.91,8.91,18,0,577.96,577.96,0,149.46,upi:577.96
KOS-2026-005573,2026-06-22,11:37,normal_sale,active,Vaishali Singh,Amul Gold Milk 500ml,1,piece,37.73,37.73,7.73,0,0,360.82,360.82,0,50.82,upi:360.82
KOS-2026-005573,2026-06-22,11:37,normal_sale,active,Vaishali Singh,Maggi Noodles 8-pack,2,piece,108,205.2,21.2,12,0,360.82,360.82,0,50.82,upi:360.82
KOS-2026-005573,2026-06-22,11:37,normal_sale,active,Vaishali Singh,Sugar (loose),1,kg,49.89,49.89,8.89,5,0,360.82,360.82,0,50.82,upi:360.82
KOS-2026-005573,2026-06-22,11:37,normal_sale,active,Vaishali Singh,Dove Soap 100g,1,piece,68,68,13,18,0,360.82,360.82,0,50.82,upi:360.82
KOS-2026-005572,2026-06-22,11:29,normal_sale,active,Kiran Singh,Tomato,2,kg,42.13,84.26,32.26,0,0,1561.86,1561,0,272.5,cash:1561
KOS-2026-005572,2026-06-22,11:29,normal_sale,active,Kiran Singh,Potato,2,kg,27.6,55.2,19.2,0,0,1561.86,1561,0,272.5,cash:1561
KOS-2026-005572,2026-06-22,11:29,normal_sale,active,Kiran Singh,Whisper Ultra 15 pads,1,piece,175,175,27,12,0,1561.86,1561,0,272.5,cash:1561
KOS-2026-005572,2026-06-22,11:29,normal_sale,active,Kiran Singh,Amul Ghee 500ml,1,piece,355,355,40,12,0,1561.86,1561,0,272.5,cash:1561
KOS-2026-005572,2026-06-22,11:29,normal_sale,active,Kiran Singh,Surf Excel Easy Wash 1kg,1,piece,155.05,155.05,37.05,18,0,1561.86,1561,0,272.5,cash:1561
KOS-2026-005572,2026-06-22,11:29,normal_sale,active,Kiran Singh,Britannia Marie Gold 250g,1,piece,40.88,40.88,7.88,18,0,1561.86,1561,0,272.5,cash:1561
KOS-2026-005572,2026-06-22,11:29,normal_sale,active,Kiran Singh,Everest Turmeric 200g,3,piece,76,228,42,5,0,1561.86,1561,0,272.5,cash:1561
KOS-2026-005572,2026-06-22,11:29,normal_sale,active,Kiran Singh,Maggi Noodles 70g,1,piece,14.47,14.47,2.97,12,0,1561.86,1561,0,272.5,cash:1561
KOS-2026-005572,2026-06-22,11:29,normal_sale,active,Kiran Singh,Toor Dal (loose),0.5,kg,148,74,15,0,0,1561.86,1561,0,272.5,cash:1561
KOS-2026-005572,2026-06-22,11:29,normal_sale,active,Kiran Singh,Saffola Gold Oil 1L,2,piece,190,380,50,5,0,1561.86,1561,0,272.5,cash:1561
KOS-2026-005571,2026-06-22,08:39,normal_sale,active,Smita Bhosale,Aashirvaad Atta 5kg,2,piece,285,570,80,5,0,816.47,816.47,0,125.47,upi:816.47
KOS-2026-005571,2026-06-22,08:39,normal_sale,active,Smita Bhosale,Moong Dal (loose),0.25,kg,129.02,32.26,8.26,0,0,816.47,816.47,0,125.47,upi:816.47
KOS-2026-005571,2026-06-22,08:39,normal_sale,active,Smita Bhosale,Dove Soap 100g,1,piece,68,68,13,18,0,816.47,816.47,0,125.47,upi:816.47
KOS-2026-005571,2026-06-22,08:39,normal_sale,active,Smita Bhosale,Amul Cheese Slices 200g,1,piece,146.21,146.21,24.21,12,0,816.47,816.47,0,125.47,upi:816.47
KOS-2026-005570,2026-06-22,08:08,normal_sale,active,Walk-in,Moong Dal (loose),1,kg,129.02,129.02,33.02,0,0,796.39,796.39,0,195.39,upi:796.39
KOS-2026-005570,2026-06-22,08:08,normal_sale,active,Walk-in,Haldiram Bhujia 200g,2,piece,57.38,114.76,24.76,12,0,796.39,796.39,0,195.39,upi:796.39
KOS-2026-005570,2026-06-22,08:08,normal_sale,active,Walk-in,Camphor 50g,3,piece,58.45,175.35,49.35,12,0,796.39,796.39,0,195.39,upi:796.39
KOS-2026-005570,2026-06-22,08:08,normal_sale,active,Walk-in,Good Knight Refill 45ml,3,piece,92.07,276.21,60.21,18,0,796.39,796.39,0,195.39,upi:796.39
KOS-2026-005570,2026-06-22,08:08,normal_sale,active,Walk-in,Rajma (loose),0.25,kg,138,34.5,7.5,0,0,796.39,796.39,0,195.39,upi:796.39
KOS-2026-005570,2026-06-22,08:08,normal_sale,active,Walk-in,Basmati Rice Premium (loose),0.5,kg,133.1,66.55,20.55,0,0,796.39,796.39,0,195.39,upi:796.39
KOS-2026-005569,2026-06-22,08:04,normal_sale,active,Deepak Jadhav,Match Box,1,piece,2.12,2.12,1.02,18,0,424.71,424.71,0,94.11,upi:424.71
KOS-2026-005569,2026-06-22,08:04,normal_sale,active,Deepak Jadhav,Catch Red Chilli Powder 100g,2,piece,60,120,24,5,0,424.71,424.71,0,94.11,upi:424.71
KOS-2026-005569,2026-06-22,08:04,normal_sale,active,Deepak Jadhav,Onion,2,kg,35.9,71.8,23.8,0,0,424.71,424.71,0,94.11,upi:424.71
KOS-2026-005569,2026-06-22,08:04,normal_sale,active,Deepak Jadhav,Maggi Noodles 70g,1,piece,14.47,14.47,2.97,12,0,424.71,424.71,0,94.11,upi:424.71
KOS-2026-005569,2026-06-22,08:04,normal_sale,active,Deepak Jadhav,Close Up Red 150g,2,piece,94.36,188.72,32.72,18,0,424.71,424.71,0,94.11,upi:424.71
KOS-2026-005569,2026-06-22,08:04,normal_sale,active,Deepak Jadhav,Potato,1,kg,27.6,27.6,9.6,0,0,424.71,424.71,0,94.11,upi:424.71
KOS-2026-005568,2026-06-21,21:37,normal_sale,active,Walk-in,Sugar (loose),0.5,kg,49.89,24.95,4.45,5,0,142.95,142.95,0,28.45,upi:142.95
KOS-2026-005568,2026-06-21,21:37,normal_sale,active,Walk-in,Amul Masti Dahi 400g,1,piece,40,40,8,5,0,142.95,142.95,0,28.45,upi:142.95
KOS-2026-005568,2026-06-21,21:37,normal_sale,active,Walk-in,Odonil Air Freshener 50g,1,piece,78,78,16,18,0,142.95,142.95,0,28.45,upi:142.95
KOS-2026-005567,2026-06-21,21:17,normal_sale,active,Rohit Pawar,Aashirvaad Atta 5kg,1,piece,285,285,40,5,0,927.76,927.76,0,160.26,cash:927.76
KOS-2026-005567,2026-06-21,21:17,normal_sale,active,Rohit Pawar,Onion,0.5,kg,35.9,17.95,5.95,0,0,927.76,927.76,0,160.26,cash:927.76
KOS-2026-005567,2026-06-21,21:17,normal_sale,active,Rohit Pawar,Amul Ghee 500ml,1,piece,355,355,40,12,0,927.76,927.76,0,160.26,cash:927.76
KOS-2026-005567,2026-06-21,21:17,normal_sale,active,Rohit Pawar,Amul Masti Dahi 400g,1,piece,40,40,8,5,0,927.76,927.76,0,160.26,cash:927.76
KOS-2026-005567,2026-06-21,21:17,normal_sale,active,Rohit Pawar,Ginger,0.5,kg,115.42,57.71,18.71,0,0,927.76,927.76,0,160.26,cash:927.76
KOS-2026-005567,2026-06-21,21:17,normal_sale,active,Rohit Pawar,Reynolds Pen,2,piece,10,20,6,12,0,927.76,927.76,0,160.26,cash:927.76
KOS-2026-005567,2026-06-21,21:17,normal_sale,active,Rohit Pawar,Tomato,1,kg,42.13,42.13,16.13,0,0,927.76,927.76,0,160.26,cash:927.76
KOS-2026-005567,2026-06-21,21:17,normal_sale,active,Rohit Pawar,Sugar (loose),0.5,kg,49.89,24.95,4.45,5,0,927.76,927.76,0,160.26,cash:927.76
KOS-2026-005567,2026-06-21,21:17,normal_sale,active,Rohit Pawar,Sprite 750ml,2,piece,42.51,85.02,21.02,28,0,927.76,927.76,0,160.26,cash:927.76
KOS-2026-005566,2026-06-21,20:57,normal_sale,active,Walk-in,Sona Masoori Rice (loose),0.5,kg,63.6,31.8,8.8,0,0,42.8,42.8,0,11.5,cash:42.8
KOS-2026-005566,2026-06-21,20:57,normal_sale,active,Walk-in,Parle-G Biscuit 100g,1,piece,11,11,2.7,18,0,42.8,42.8,0,11.5,cash:42.8
KOS-2026-005565,2026-06-21,20:46,normal_sale,active,Ganesh Chavan,AA Battery (2 pc),3,piece,36,108,24,18,0,136.94,136,0,29,cash:136
KOS-2026-005565,2026-06-21,20:46,normal_sale,active,Ganesh Chavan,Maggi Noodles 70g,2,piece,14.47,28.94,5.94,12,0,136.94,136,0,29,cash:136
KOS-2026-005564,2026-06-21,20:46,normal_sale,active,Simran Rane,Candle Pack (6 pc),1,piece,43.92,43.92,11.92,12,0,147.24,147.24,0,34.74,upi:147.24
KOS-2026-005564,2026-06-21,20:46,normal_sale,active,Simran Rane,Thums Up 750ml,2,piece,41.66,83.32,19.32,28,0,147.24,147.24,0,34.74,upi:147.24
KOS-2026-005564,2026-06-21,20:46,normal_sale,active,Simran Rane,Kurkure Masala Munch 70g,1,piece,20,20,3.5,12,0,147.24,147.24,0,34.74,upi:147.24
KOS-2026-005563,2026-06-21,20:44,normal_sale,active,Walk-in,Thums Up 750ml,1,piece,41.66,41.66,9.66,28,0,87.42,87.42,0,19.42,upi:87.42
KOS-2026-005563,2026-06-21,20:44,normal_sale,active,Walk-in,Yippee Noodles 70g,1,piece,14.96,14.96,3.96,12,0,87.42,87.42,0,19.42,upi:87.42
KOS-2026-005563,2026-06-21,20:44,normal_sale,active,Walk-in,Britannia Good Day 100g,1,piece,30.8,30.8,5.8,18,0,87.42,87.42,0,19.42,upi:87.42
KOS-2026-005562,2026-06-21,19:48,normal_sale,active,Sanjay Chavan,Yippee Noodles 70g,3,piece,14.96,44.88,11.88,12,0,136.88,136.88,0,29.88,upi:136.88
KOS-2026-005562,2026-06-21,19:48,normal_sale,active,Sanjay Chavan,Chana Dal (loose),1,kg,92,92,18,0,0,136.88,136.88,0,29.88,upi:136.88
KOS-2026-005561,2026-06-21,19:35,normal_sale,active,Walk-in,Saffola Gold Oil 1L,1,piece,190,190,25,5,0,190,190,0,25,upi:190
KOS-2026-005560,2026-06-21,18:53,normal_sale,active,Meena Singh,MDH Garam Masala 100g,1,piece,94.71,94.71,16.71,5,21.11,383.6,383,0,41,cash:383
KOS-2026-005560,2026-06-21,18:53,normal_sale,active,Meena Singh,Ariel Detergent 1kg,2,piece,155,310,46,18,21.11,383.6,383,0,41,cash:383
KOS-2026-005559,2026-06-21,18:22,normal_sale,active,Walk-in,Nivea Cold Cream 60ml,1,piece,128,128,20,18,0,220.07,220,0,40,cash:220
KOS-2026-005559,2026-06-21,18:22,normal_sale,active,Walk-in,Good Knight Refill 45ml,1,piece,92.07,92.07,20.07,18,0,220.07,220,0,40,cash:220
KOS-2026-005558,2026-06-21,18:08,normal_sale,active,Mahesh Khan,Lemon,2,piece,5,10,3.6,0,0,248.37,248.37,0,59.97,bank:248.37
KOS-2026-005558,2026-06-21,18:08,normal_sale,active,Mahesh Khan,Thums Up 750ml,2,piece,41.66,83.32,19.32,28,0,248.37,248.37,0,59.97,bank:248.37
KOS-2026-005558,2026-06-21,18:08,normal_sale,active,Mahesh Khan,Surf Excel Easy Wash 1kg,1,piece,155.05,155.05,37.05,18,0,248.37,248.37,0,59.97,bank:248.37
KOS-2026-005557,2026-06-21,17:55,normal_sale,active,Swati Shaikh,KitKat 4-finger,1,piece,21.13,21.13,4.13,18,0,207.73,207.73,0,35.73,upi:207.73
KOS-2026-005557,2026-06-21,17:55,normal_sale,active,Swati Shaikh,Britannia Good Day 100g,2,piece,30.8,61.6,11.6,18,0,207.73,207.73,0,35.73,upi:207.73
KOS-2026-005557,2026-06-21,17:55,normal_sale,active,Swati Shaikh,Lizol Floor Cleaner 500ml,1,piece,125,125,20,18,0,207.73,207.73,0,35.73,upi:207.73
KOS-2026-005556,2026-06-21,17:25,normal_sale,active,Nilesh Dsouza,Nirma Washing Powder 1kg,4,piece,75.9,303.6,71.6,18,0,848.12,0,848.12,149.12,
KOS-2026-005556,2026-06-21,17:25,normal_sale,active,Nilesh Dsouza,Amul Ghee 500ml,1,piece,355,355,40,12,0,848.12,0,848.12,149.12,
KOS-2026-005556,2026-06-21,17:25,normal_sale,active,Nilesh Dsouza,Colgate Strong Teeth 200g,1,piece,114.06,114.06,22.06,18,0,848.12,0,848.12,149.12,
KOS-2026-005556,2026-06-21,17:25,normal_sale,active,Nilesh Dsouza,Amul Gold Milk 500ml,2,piece,37.73,75.46,15.46,0,0,848.12,0,848.12,149.12,
KOS-2026-005555,2026-06-21,17:13,normal_sale,active,Walk-in,Lays Classic Salted 52g,1,piece,21.82,21.82,5.32,12,0,739.54,739.54,0,156.54,upi:739.54
KOS-2026-005555,2026-06-21,17:13,normal_sale,active,Walk-in,Tata Salt 1kg,1,piece,30.94,30.94,6.94,0,0,739.54,739.54,0,156.54,upi:739.54
KOS-2026-005555,2026-06-21,17:13,normal_sale,active,Walk-in,Everest Turmeric 200g,1,piece,76,76,14,5,0,739.54,739.54,0,156.54,upi:739.54
KOS-2026-005555,2026-06-21,17:13,normal_sale,active,Walk-in,Harpic Toilet Cleaner 500ml,3,piece,112.02,336.06,72.06,18,0,739.54,739.54,0,156.54,upi:739.54
KOS-2026-005555,2026-06-21,17:13,normal_sale,active,Walk-in,Britannia Brown Bread,1,piece,50,50,8,0,0,739.54,739.54,0,156.54,upi:739.54
KOS-2026-005555,2026-06-21,17:13,normal_sale,active,Walk-in,5 Star 25g,2,piece,10.53,21.06,4.06,18,0,739.54,739.54,0,156.54,upi:739.54
KOS-2026-005555,2026-06-21,17:13,normal_sale,active,Walk-in,Kurkure Masala Munch 70g,1,piece,20,20,3.5,12,0,739.54,739.54,0,156.54,upi:739.54
KOS-2026-005555,2026-06-21,17:13,normal_sale,active,Walk-in,Dairy Milk 50g,2,piece,43.88,87.76,19.76,18,0,739.54,739.54,0,156.54,upi:739.54
KOS-2026-005555,2026-06-21,17:13,normal_sale,active,Walk-in,Thums Up 750ml,2,piece,41.66,83.32,19.32,28,0,739.54,739.54,0,156.54,upi:739.54
KOS-2026-005555,2026-06-21,17:13,normal_sale,active,Walk-in,Rava / Sooji (loose),0.25,kg,50.32,12.58,3.58,5,0,739.54,739.54,0,156.54,upi:739.54
KOS-2026-005554,2026-06-21,17:12,normal_sale,active,Deepak Kadam,Sugar (loose),0.5,kg,49.89,24.95,4.45,5,0,180,180,0,41.5,cash:180
KOS-2026-005554,2026-06-21,17:12,normal_sale,active,Deepak Kadam,Surf Excel Easy Wash 1kg,1,piece,155.05,155.05,37.05,18,0,180,180,0,41.5,cash:180
KOS-2026-005553,2026-06-21,17:07,normal_sale,active,Walk-in,Reynolds Pen,1,piece,10,10,3,12,0,158,158,0,33,cash:58|upi:100
KOS-2026-005553,2026-06-21,17:07,normal_sale,active,Walk-in,Toor Dal (loose),1,kg,148,148,30,0,0,158,158,0,33,cash:58|upi:100
KOS-2026-005552,2026-06-21,17:04,normal_sale,active,Walk-in,Sunfeast Dark Fantasy 75g,2,piece,42.8,85.6,17.6,18,0,200.19,200.19,0,44.19,upi:200.19
KOS-2026-005552,2026-06-21,17:04,normal_sale,active,Walk-in,Groundnut / Peanut (loose),1,kg,114.59,114.59,26.59,5,0,200.19,200.19,0,44.19,upi:200.19
KOS-2026-005551,2026-06-21,16:48,normal_sale,active,Walk-in,Potato,0.25,kg,27.6,6.9,2.4,0,0,399.34,399.34,0,70.84,cash:229|upi:170.34
KOS-2026-005551,2026-06-21,16:48,normal_sale,active,Walk-in,Ariel Detergent 1kg,1,piece,155,155,23,18,0,399.34,399.34,0,70.84,cash:229|upi:170.34
KOS-2026-005551,2026-06-21,16:48,normal_sale,active,Walk-in,Oreo Biscuit 120g,1,piece,35,35,5,18,0,399.34,399.34,0,70.84,cash:229|upi:170.34
KOS-2026-005551,2026-06-21,16:48,normal_sale,active,Walk-in,Amul Butter 100g,3,piece,67.48,202.44,40.44,12,0,399.34,399.34,0,70.84,cash:229|upi:170.34
KOS-2026-005550,2026-06-21,16:43,normal_sale,active,Walk-in,Center Fresh Gum (jar pc),1,piece,1.07,1.07,0.22,18,0,233.78,233,0,52.15,cash:233
KOS-2026-005550,2026-06-21,16:43,normal_sale,active,Walk-in,MDH Garam Masala 100g,1,piece,94.71,94.71,16.71,5,0,233.78,233,0,52.15,cash:233
KOS-2026-005550,2026-06-21,16:43,normal_sale,active,Walk-in,Onion,0.25,kg,35.9,8.98,2.98,0,0,233.78,233,0,52.15,cash:233
KOS-2026-005550,2026-06-21,16:43,normal_sale,active,Walk-in,Moong Dal (loose),1,kg,129.02,129.02,33.02,0,0,233.78,233,0,52.15,cash:233
KOS-2026-005549,2026-06-21,16:13,normal_sale,active,Walk-in,Sona Masoori Rice (loose),1,kg,63.6,63.6,17.6,0,0,209.36,209.36,0,50.76,upi:209.36
KOS-2026-005549,2026-06-21,16:13,normal_sale,active,Walk-in,Tata Salt 1kg,4,piece,30.94,123.76,27.76,0,0,209.36,209.36,0,50.76,upi:209.36
KOS-2026-005549,2026-06-21,16:13,normal_sale,active,Walk-in,Parle-G Biscuit 100g,2,piece,11,22,5.4,18,0,209.36,209.36,0,50.76,upi:209.36
KOS-2026-005548,2026-06-21,15:28,normal_sale,active,Walk-in,5 Star 25g,1,piece,10.53,10.53,2.03,18,11.42,84.22,84,0,11.5,cash:84
KOS-2026-005548,2026-06-21,15:28,normal_sale,active,Walk-in,Sprite 750ml,1,piece,42.51,42.51,10.51,28,11.42,84.22,84,0,11.5,cash:84
KOS-2026-005548,2026-06-21,15:28,normal_sale,active,Walk-in,Vim Dishwash Bar 200g,2,piece,21.3,42.6,10.6,18,11.42,84.22,84,0,11.5,cash:84
KOS-2026-005547,2026-06-21,13:28,normal_sale,active,Walk-in,Potato,1,kg,27.6,27.6,9.6,0,0,360.28,360,0,70.8,cash:360
KOS-2026-005547,2026-06-21,13:28,normal_sale,active,Walk-in,Lemon,1,piece,5,5,1.8,0,0,360.28,360,0,70.8,cash:360
KOS-2026-005547,2026-06-21,13:28,normal_sale,active,Walk-in,Agarbatti Pack (20 sticks),2,piece,30,60,12,12,0,360.28,360,0,70.8,cash:360
KOS-2026-005547,2026-06-21,13:28,normal_sale,active,Walk-in,Fortune Sunflower Oil 1L,1,piece,167.9,167.9,29.9,5,0,360.28,360,0,70.8,cash:360
KOS-2026-005547,2026-06-21,13:28,normal_sale,active,Walk-in,Sugar (loose),2,kg,49.89,99.78,17.78,5,0,360.28,360,0,70.8,cash:360
KOS-2026-005546,2026-06-21,12:38,normal_sale,active,Walk-in,Kurkure Masala Munch 70g,1,piece,20,20,3.5,12,29.2,665.5,665.5,0,124,upi:665.5
KOS-2026-005546,2026-06-21,12:38,normal_sale,active,Walk-in,Urad Dal (loose),5,kg,139.94,674.7,149.7,0,29.2,665.5,665.5,0,124,upi:665.5
KOS-2026-005545,2026-06-21,12:09,normal_sale,active,Walk-in,Good Knight Refill 45ml,1,piece,92.07,92.07,20.07,18,0,92.07,92.07,0,20.07,upi:92.07
KOS-2026-005544,2026-06-21,12:00,normal_sale,active,Walk-in,Camphor 50g,2,piece,58.45,116.9,32.9,12,0,204.72,204.72,0,56.72,upi:204.72
KOS-2026-005544,2026-06-21,12:00,normal_sale,active,Walk-in,Wheat Atta (loose),2,kg,43.91,87.82,23.82,0,0,204.72,204.72,0,56.72,upi:204.72
KOS-2026-005543,2026-06-21,11:41,normal_sale,active,Vaishali Sharma,Bisleri Water 1L,1,piece,20,20,7,18,0,282.58,282.58,0,59.58,upi:282.58
KOS-2026-005543,2026-06-21,11:41,normal_sale,active,Vaishali Sharma,Real Mixed Fruit Juice 1L,2,piece,131.29,262.58,52.58,12,0,282.58,282.58,0,59.58,upi:282.58
KOS-2026-005542,2026-06-21,10:18,normal_sale,active,Walk-in,5 Star 25g,2,piece,10.53,21.06,4.06,18,0,188.96,188.96,0,33.96,upi:188.96
KOS-2026-005542,2026-06-21,10:18,normal_sale,active,Walk-in,Fortune Sunflower Oil 1L,1,piece,167.9,167.9,29.9,5,0,188.96,188.96,0,33.96,upi:188.96
KOS-2026-005541,2026-06-21,10:16,normal_sale,active,Nitin Sharma,Parle-G Biscuit 100g,1,piece,11,11,2.7,18,0,211,211,0,29.2,upi:211
KOS-2026-005541,2026-06-21,10:16,normal_sale,active,Nitin Sharma,Frooti 200ml,1,piece,10,10,1.5,12,0,211,211,0,29.2,upi:211
KOS-2026-005541,2026-06-21,10:16,normal_sale,active,Nitin Sharma,Saffola Gold Oil 1L,1,piece,190,190,25,5,0,211,211,0,29.2,upi:211
KOS-2026-005540,2026-06-21,09:43,normal_sale,active,Nasreen Jadhav,5 Star 25g,1,piece,10.53,10.53,2.03,18,0,10.53,10.53,0,2.03,cash:10.53
KOS-2026-005539,2026-06-21,09:22,normal_sale,active,Ganesh Khan,Coca-Cola 750ml,2,piece,40,80,16,28,27.26,285.14,285.14,0,28.14,cash:157|upi:128.14
KOS-2026-005539,2026-06-21,09:22,normal_sale,active,Ganesh Khan,Clinic Plus Shampoo 175ml,1,piece,140,140,22,18,27.26,285.14,285.14,0,28.14,cash:157|upi:128.14
KOS-2026-005539,2026-06-21,09:22,normal_sale,active,Ganesh Khan,Britannia Good Day 100g,3,piece,30.8,92.4,17.4,18,27.26,285.14,285.14,0,28.14,cash:157|upi:128.14
KOS-2026-005538,2026-06-21,08:59,normal_sale,active,Walk-in,Thums Up 750ml,1,piece,41.66,41.66,9.66,28,0,211.7,211.7,0,51.7,upi:211.7
KOS-2026-005538,2026-06-21,08:59,normal_sale,active,Walk-in,Sprite 750ml,4,piece,42.51,170.04,42.04,28,0,211.7,211.7,0,51.7,upi:211.7
KOS-2026-005537,2026-06-21,08:53,normal_sale,active,Dattatray Verma,Britannia Marie Gold 250g,2,piece,40.88,81.76,15.76,18,0,1303.94,0,1303.94,207.44,
KOS-2026-005537,2026-06-21,08:53,normal_sale,active,Dattatray Verma,Amul Masti Dahi 400g,1,piece,40,40,8,5,0,1303.94,0,1303.94,207.44,
KOS-2026-005537,2026-06-21,08:53,normal_sale,active,Dattatray Verma,Clinic Plus Shampoo 175ml,1,piece,140,140,22,18,0,1303.94,0,1303.94,207.44,
KOS-2026-005537,2026-06-21,08:53,normal_sale,active,Dattatray Verma,Thums Up 750ml,1,piece,41.66,41.66,9.66,28,0,1303.94,0,1303.94,207.44,
KOS-2026-005537,2026-06-21,08:53,normal_sale,active,Dattatray Verma,Maggi Noodles 8-pack,1,piece,108,108,16,12,0,1303.94,0,1303.94,207.44,
KOS-2026-005537,2026-06-21,08:53,normal_sale,active,Dattatray Verma,Ariel Detergent 1kg,1,piece,155,155,23,18,0,1303.94,0,1303.94,207.44,
KOS-2026-005537,2026-06-21,08:53,normal_sale,active,Dattatray Verma,Kurkure Masala Munch 70g,1,piece,20,20,3.5,12,0,1303.94,0,1303.94,207.44,
KOS-2026-005537,2026-06-21,08:53,normal_sale,active,Dattatray Verma,Amul Ghee 500ml,1,piece,355,355,40,12,0,1303.94,0,1303.94,207.44,
KOS-2026-005537,2026-06-21,08:53,normal_sale,active,Dattatray Verma,Close Up Red 150g,2,piece,94.36,188.72,32.72,18,0,1303.94,0,1303.94,207.44,
KOS-2026-005537,2026-06-21,08:53,normal_sale,active,Dattatray Verma,Sprite 750ml,1,piece,42.51,42.51,10.51,28,0,1303.94,0,1303.94,207.44,
KOS-2026-005537,2026-06-21,08:53,normal_sale,active,Dattatray Verma,Real Mixed Fruit Juice 1L,1,piece,131.29,131.29,26.29,12,0,1303.94,0,1303.94,207.44,
KOS-2026-005536,2026-06-20,21:55,normal_sale,active,Walk-in,Tomato,2,kg,42.13,84.26,32.26,0,0,128.14,128.14,0,42.14,upi:128.14
KOS-2026-005536,2026-06-20,21:55,normal_sale,active,Walk-in,Dairy Milk 50g,1,piece,43.88,43.88,9.88,18,0,128.14,128.14,0,42.14,upi:128.14
KOS-2026-005535,2026-06-20,21:47,normal_sale,active,Walk-in,Wheat Atta (loose),0.5,kg,43.91,21.96,5.96,0,0,64.76,64,0,14,cash:64
KOS-2026-005535,2026-06-20,21:47,normal_sale,active,Walk-in,Sunfeast Dark Fantasy 75g,1,piece,42.8,42.8,8.8,18,0,64.76,64,0,14,cash:64
KOS-2026-005534,2026-06-20,21:33,normal_sale,active,Rekha Chavan,Harpic Toilet Cleaner 500ml,1,piece,112.02,112.02,24.02,18,22.87,279.15,279.15,0,26.15,upi:279.15
KOS-2026-005534,2026-06-20,21:33,normal_sale,active,Rekha Chavan,Saffola Gold Oil 1L,1,piece,190,190,25,5,22.87,279.15,279.15,0,26.15,upi:279.15
KOS-2026-005533,2026-06-20,21:28,normal_sale,active,Pooja Deshmukh,Tomato,0.25,kg,42.13,10.53,4.03,0,0,65.73,65.73,0,23.23,cash:65.73
KOS-2026-005533,2026-06-20,21:28,normal_sale,active,Pooja Deshmukh,Potato,2,kg,27.6,55.2,19.2,0,0,65.73,65.73,0,23.23,cash:65.73
KOS-2026-005532,2026-06-20,21:25,normal_sale,active,Vaishali Singh,Kissan Tomato Ketchup 500g,1,piece,119.13,119.13,31.13,12,0,119.13,119,0,31,cash:119
KOS-2026-005531,2026-06-20,20:16,normal_sale,active,Harshada Kadam,Nivea Cold Cream 60ml,1,piece,128,128,20,18,0,530.04,0,530.04,103.24,
KOS-2026-005531,2026-06-20,20:16,normal_sale,active,Harshada Kadam,Maggi Noodles 70g,1,piece,14.47,14.47,2.97,12,0,530.04,0,530.04,103.24,
KOS-2026-005531,2026-06-20,20:16,normal_sale,active,Harshada Kadam,Mother Dairy Paneer 200g,1,piece,105,105,17,5,0,530.04,0,530.04,103.24,
KOS-2026-005531,2026-06-20,20:16,normal_sale,active,Harshada Kadam,Good Knight Refill 45ml,3,piece,92.07,276.21,60.21,18,0,530.04,0,530.04,103.24,
KOS-2026-005531,2026-06-20,20:16,normal_sale,active,Harshada Kadam,Match Box,3,piece,2.12,6.36,3.06,18,0,530.04,0,530.04,103.24,
KOS-2026-005530,2026-06-20,20:06,normal_sale,active,Walk-in,Basmati Rice Premium (loose),0.5,kg,133.1,66.55,20.55,0,40.98,27.69,27.69,0,-19.41,cash:27.69
KOS-2026-005530,2026-06-20,20:06,normal_sale,active,Walk-in,Match Box,1,piece,2.12,2.12,1.02,18,40.98,27.69,27.69,0,-19.41,cash:27.69
KOS-2026-005529,2026-06-20,20:03,normal_sale,active,Kiran Pawar,Tata Tea Gold 500g,1,piece,305,305,40,5,0,1131.59,1131.59,0,190.69,upi:1131.59
KOS-2026-005529,2026-06-20,20:03,normal_sale,active,Kiran Pawar,Sona Masoori Rice (loose),1,kg,63.6,63.6,17.6,0,0,1131.59,1131.59,0,190.69,upi:1131.59
KOS-2026-005529,2026-06-20,20:03,normal_sale,active,Kiran Pawar,Clinic Plus Shampoo 175ml,1,piece,140,140,22,18,0,1131.59,1131.59,0,190.69,upi:1131.59
KOS-2026-005529,2026-06-20,20:03,normal_sale,active,Kiran Pawar,Lemon,2,piece,5,10,3.6,0,0,1131.59,1131.59,0,190.69,upi:1131.59
KOS-2026-005529,2026-06-20,20:03,normal_sale,active,Kiran Pawar,Dove Soap 100g,3,piece,68,204,39,18,0,1131.59,1131.59,0,190.69,upi:1131.59
KOS-2026-005529,2026-06-20,20:03,normal_sale,active,Kiran Pawar,Amul Taaza Milk 500ml,2,piece,28,56,6,0,0,1131.59,1131.59,0,190.69,upi:1131.59
KOS-2026-005529,2026-06-20,20:03,normal_sale,active,Kiran Pawar,Bournvita 500g,1,piece,282.99,282.99,50.99,18,0,1131.59,1131.59,0,190.69,upi:1131.59
KOS-2026-005529,2026-06-20,20:03,normal_sale,active,Kiran Pawar,Britannia Brown Bread,1,piece,50,50,8,0,0,1131.59,1131.59,0,190.69,upi:1131.59
KOS-2026-005529,2026-06-20,20:03,normal_sale,active,Kiran Pawar,Kurkure Masala Munch 70g,1,piece,20,20,3.5,12,0,1131.59,1131.59,0,190.69,upi:1131.59
KOS-2026-005528,2026-06-20,20:01,normal_sale,active,Joseph Singh,Odonil Air Freshener 50g,1,piece,78,78,16,18,0,119.96,119.96,0,28.96,upi:119.96
KOS-2026-005528,2026-06-20,20:01,normal_sale,active,Joseph Singh,Bisleri Water 1L,1,piece,20,20,7,18,0,119.96,119.96,0,28.96,upi:119.96
KOS-2026-005528,2026-06-20,20:01,normal_sale,active,Joseph Singh,Wheat Atta (loose),0.5,kg,43.91,21.96,5.96,0,0,119.96,119.96,0,28.96,upi:119.96
KOS-2026-005527,2026-06-20,19:58,normal_sale,active,Smita Rane,Center Fresh Gum (jar pc),1,piece,1.07,1.07,0.22,18,0,786.47,786.47,0,118.62,upi:786.47
KOS-2026-005527,2026-06-20,19:58,normal_sale,active,Smita Rane,Clinic Plus Shampoo 175ml,1,piece,140,140,22,18,0,786.47,786.47,0,118.62,upi:786.47
KOS-2026-005527,2026-06-20,19:58,normal_sale,active,Smita Rane,Aashirvaad Atta 5kg,2,piece,285,570,80,5,0,786.47,786.47,0,118.62,upi:786.47
KOS-2026-005527,2026-06-20,19:58,normal_sale,active,Smita Rane,Britannia Good Day 100g,2,piece,30.8,61.6,11.6,18,0,786.47,786.47,0,118.62,upi:786.47
KOS-2026-005527,2026-06-20,19:58,normal_sale,active,Smita Rane,Potato,0.5,kg,27.6,13.8,4.8,0,0,786.47,786.47,0,118.62,upi:786.47
KOS-2026-005526,2026-06-20,19:52,normal_sale,active,Annapurna Mess & Canteen,Lemon,1,piece,5,5,1.8,0,0,173.97,0,173.97,43.77,
KOS-2026-005526,2026-06-20,19:52,normal_sale,active,Annapurna Mess & Canteen,Frooti 200ml,1,piece,10,10,1.5,12,0,173.97,0,173.97,43.77,
KOS-2026-005526,2026-06-20,19:52,normal_sale,active,Annapurna Mess & Canteen,Garlic,0.25,kg,153.4,38.35,10.35,0,0,173.97,0,173.97,43.77,
KOS-2026-005526,2026-06-20,19:52,normal_sale,active,Annapurna Mess & Canteen,Classmate Notebook 172pg,1,piece,60.62,60.62,18.62,12,0,173.97,0,173.97,43.77,
KOS-2026-005526,2026-06-20,19:52,normal_sale,active,Annapurna Mess & Canteen,Kurkure Masala Munch 70g,1,piece,20,20,3.5,12,0,173.97,0,173.97,43.77,
KOS-2026-005526,2026-06-20,19:52,normal_sale,active,Annapurna Mess & Canteen,Coca-Cola 750ml,1,piece,40,40,8,28,0,173.97,0,173.97,43.77,
KOS-2026-005525,2026-06-20,19:49,normal_sale,active,Walk-in,Sona Masoori Rice (loose),0.25,kg,63.6,15.9,4.4,0,0,15.9,15,0,3.5,cash:15
KOS-2026-005524,2026-06-20,19:19,normal_sale,active,Walk-in,Maggi Noodles 70g,3,piece,14.47,43.41,8.91,12,0,511.25,511,0,108.5,cash:511
KOS-2026-005524,2026-06-20,19:19,normal_sale,active,Walk-in,Thums Up 750ml,2,piece,41.66,83.32,19.32,28,0,511.25,511,0,108.5,cash:511
KOS-2026-005524,2026-06-20,19:19,normal_sale,active,Walk-in,Nirma Washing Powder 1kg,2,piece,75.9,151.8,35.8,18,0,511.25,511,0,108.5,cash:511
KOS-2026-005524,2026-06-20,19:19,normal_sale,active,Walk-in,Amul Taaza Milk 500ml,2,piece,28,56,6,0,0,511.25,511,0,108.5,cash:511
KOS-2026-005524,2026-06-20,19:19,normal_sale,active,Walk-in,Haldiram Bhujia 200g,2,piece,57.38,114.76,24.76,12,0,511.25,511,0,108.5,cash:511
KOS-2026-005524,2026-06-20,19:19,normal_sale,active,Walk-in,Wheat Atta (loose),0.5,kg,43.91,21.96,5.96,0,0,511.25,511,0,108.5,cash:511
KOS-2026-005524,2026-06-20,19:19,normal_sale,active,Walk-in,Coca-Cola 750ml,1,piece,40,40,8,28,0,511.25,511,0,108.5,cash:511
KOS-2026-005523,2026-06-20,18:21,normal_sale,active,Walk-in,Harpic Toilet Cleaner 500ml,1,piece,112.02,112.02,24.02,18,0,1830.65,1830,0,285.8,cash:1830
KOS-2026-005523,2026-06-20,18:21,normal_sale,active,Walk-in,Farm Eggs,1,piece,8.58,8.58,2.38,0,0,1830.65,1830,0,285.8,cash:1830
KOS-2026-005523,2026-06-20,18:21,normal_sale,active,Walk-in,Reynolds Pen,1,piece,10,10,3,12,0,1830.65,1830,0,285.8,cash:1830
KOS-2026-005523,2026-06-20,18:21,normal_sale,active,Walk-in,Sugar (loose),0.5,kg,49.89,24.95,4.45,5,0,1830.65,1830,0,285.8,cash:1830
KOS-2026-005523,2026-06-20,18:21,normal_sale,active,Walk-in,Lays Classic Salted 52g,1,piece,21.82,21.82,5.32,12,0,1830.65,1830,0,285.8,cash:1830
KOS-2026-005523,2026-06-20,18:21,normal_sale,active,Walk-in,Amul Butter 100g,1,piece,67.48,67.48,13.48,12,0,1830.65,1830,0,285.8,cash:1830
KOS-2026-005523,2026-06-20,18:21,normal_sale,active,Walk-in,Bisleri Water 1L,2,piece,20,40,14,18,0,1830.65,1830,0,285.8,cash:1830
KOS-2026-005523,2026-06-20,18:21,normal_sale,active,Walk-in,Amul Ghee 500ml,1,piece,355,355,40,12,0,1830.65,1830,0,285.8,cash:1830
KOS-2026-005523,2026-06-20,18:21,normal_sale,active,Walk-in,Aashirvaad Atta 5kg,3,piece,285,855,120,5,0,1830.65,1830,0,285.8,cash:1830
KOS-2026-005523,2026-06-20,18:21,normal_sale,active,Walk-in,Fortune Sunflower Oil 1L,2,piece,167.9,335.8,59.8,5,0,1830.65,1830,0,285.8,cash:1830
KOS-2026-005522,2026-06-20,17:42,normal_sale,active,Kavita Shaikh,Good Knight Refill 45ml,3,piece,92.07,276.21,60.21,18,0,276.21,276.21,0,60.21,upi:276.21
KOS-2026-005521,2026-06-20,17:35,normal_sale,active,Walk-in,Britannia Marie Gold 250g,1,piece,40.88,40.88,7.88,18,0,40.88,40.88,0,7.88,cash:22|upi:18.88
KOS-2026-005520,2026-06-20,14:47,normal_sale,active,Annapurna Mess & Canteen,Maggi Noodles 70g,3,piece,14.47,43.41,8.91,12,0,43.41,43.41,0,8.91,cash:24|upi:19.41
KOS-2026-005519,2026-06-20,12:35,normal_sale,active,Mahesh Pawar,KitKat 4-finger,1,piece,21.13,21.13,4.13,18,0,24.34,24,0,4.45,cash:24
KOS-2026-005519,2026-06-20,12:35,normal_sale,active,Mahesh Pawar,Center Fresh Gum (jar pc),3,piece,1.07,3.21,0.66,18,0,24.34,24,0,4.45,cash:24
KOS-2026-005518,2026-06-20,12:30,normal_sale,active,Walk-in,Haldiram Bhujia 200g,2,piece,57.38,114.76,24.76,12,0,1609.19,1609.19,0,313.19,upi:1609.19
KOS-2026-005518,2026-06-20,12:30,normal_sale,active,Walk-in,Dettol Antiseptic 250ml,3,piece,172.13,516.39,120.39,18,0,1609.19,1609.19,0,313.19,upi:1609.19
KOS-2026-005518,2026-06-20,12:30,normal_sale,active,Walk-in,Frooti 200ml,12,piece,10,120,18,12,0,1609.19,1609.19,0,313.19,upi:1609.19
KOS-2026-005518,2026-06-20,12:30,normal_sale,active,Walk-in,Clinic Plus Shampoo 175ml,2,piece,140,280,44,18,0,1609.19,1609.19,0,313.19,upi:1609.19
KOS-2026-005518,2026-06-20,12:30,normal_sale,active,Walk-in,Thums Up 750ml,1,piece,41.66,41.66,9.66,28,0,1609.19,1609.19,0,313.19,upi:1609.19
KOS-2026-005518,2026-06-20,12:30,normal_sale,active,Walk-in,Tata Salt 1kg,2,piece,30.94,61.88,13.88,0,0,1609.19,1609.19,0,313.19,upi:1609.19
KOS-2026-005518,2026-06-20,12:30,normal_sale,active,Walk-in,Rajma (loose),0.25,kg,138,34.5,7.5,0,0,1609.19,1609.19,0,313.19,upi:1609.19
KOS-2026-005518,2026-06-20,12:30,normal_sale,active,Walk-in,Lifebuoy Soap 125g,2,piece,35,70,14,18,0,1609.19,1609.19,0,313.19,upi:1609.19
KOS-2026-005518,2026-06-20,12:30,normal_sale,active,Walk-in,Bisleri Water 1L,1,piece,20,20,7,18,0,1609.19,1609.19,0,313.19,upi:1609.19
KOS-2026-005518,2026-06-20,12:30,normal_sale,active,Walk-in,Whisper Ultra 15 pads,2,piece,175,350,54,12,0,1609.19,1609.19,0,313.19,upi:1609.19
KOS-2026-005517,2026-06-20,12:27,normal_sale,active,Walk-in,Nivea Cold Cream 60ml,1,piece,128,128,20,18,0,816.92,816.92,0,149.42,cash:816.92
KOS-2026-005517,2026-06-20,12:27,normal_sale,active,Walk-in,Thums Up 750ml,1,piece,41.66,41.66,9.66,28,0,816.92,816.92,0,149.42,cash:816.92
KOS-2026-005517,2026-06-20,12:27,normal_sale,active,Walk-in,Haldiram Bhujia 200g,1,piece,57.38,57.38,12.38,12,0,816.92,816.92,0,149.42,cash:816.92
KOS-2026-005517,2026-06-20,12:27,normal_sale,active,Walk-in,Wheat Atta (loose),0.5,kg,43.91,21.96,5.96,0,0,816.92,816.92,0,149.42,cash:816.92
KOS-2026-005517,2026-06-20,12:27,normal_sale,active,Walk-in,Coca-Cola 750ml,1,piece,40,40,8,28,0,816.92,816.92,0,149.42,cash:816.92
KOS-2026-005517,2026-06-20,12:27,normal_sale,active,Walk-in,Moong Dal (loose),0.5,kg,129.02,64.51,16.51,0,0,816.92,816.92,0,149.42,cash:816.92
KOS-2026-005517,2026-06-20,12:27,normal_sale,active,Walk-in,Maggi Noodles 70g,3,piece,14.47,43.41,8.91,12,0,816.92,816.92,0,149.42,cash:816.92
KOS-2026-005517,2026-06-20,12:27,normal_sale,active,Walk-in,Mother Dairy Paneer 200g,4,piece,105,420,68,5,0,816.92,816.92,0,149.42,cash:816.92
KOS-2026-005516,2026-06-20,12:24,normal_sale,active,Walk-in,Fortune Sunflower Oil 1L,1,piece,167.9,167.9,29.9,5,0,364.1,364.1,0,75.1,upi:364.1
KOS-2026-005516,2026-06-20,12:24,normal_sale,active,Walk-in,Amul Taaza Milk 500ml,2,piece,28,56,6,0,0,364.1,364.1,0,75.1,upi:364.1
KOS-2026-005516,2026-06-20,12:24,normal_sale,active,Walk-in,Kissan Tomato Ketchup 500g,1,piece,119.13,119.13,31.13,12,0,364.1,364.1,0,75.1,upi:364.1
KOS-2026-005516,2026-06-20,12:24,normal_sale,active,Walk-in,Tomato,0.5,kg,42.13,21.07,8.07,0,0,364.1,364.1,0,75.1,upi:364.1
KOS-2026-005515,2026-06-20,12:19,normal_sale,active,Gurpreet Dsouza,Britannia Good Day 100g,3,piece,30.8,92.4,17.4,18,0,1127.43,1127,0,204.7,cash:1127
KOS-2026-005515,2026-06-20,12:19,normal_sale,active,Gurpreet Dsouza,Sprite 750ml,1,piece,42.51,42.51,10.51,28,0,1127.43,1127,0,204.7,cash:1127
KOS-2026-005515,2026-06-20,12:19,normal_sale,active,Gurpreet Dsouza,Maggi Noodles 8-pack,1,piece,108,108,16,12,0,1127.43,1127,0,204.7,cash:1127
KOS-2026-005515,2026-06-20,12:19,normal_sale,active,Gurpreet Dsouza,Amul Masti Dahi 400g,1,piece,40,40,8,5,0,1127.43,1127,0,204.7,cash:1127
KOS-2026-005515,2026-06-20,12:19,normal_sale,active,Gurpreet Dsouza,Coca-Cola 750ml,1,piece,40,40,8,28,0,1127.43,1127,0,204.7,cash:1127
KOS-2026-005515,2026-06-20,12:19,normal_sale,active,Gurpreet Dsouza,Maggi Noodles 70g,2,piece,14.47,28.94,5.94,12,0,1127.43,1127,0,204.7,cash:1127
KOS-2026-005515,2026-06-20,12:19,normal_sale,active,Gurpreet Dsouza,Parle-G Biscuit 100g,1,piece,11,11,2.7,18,0,1127.43,1127,0,204.7,cash:1127
KOS-2026-005515,2026-06-20,12:19,normal_sale,active,Gurpreet Dsouza,Fortune Sunflower Oil 1L,4,piece,167.9,671.6,119.6,5,0,1127.43,1127,0,204.7,cash:1127
KOS-2026-005515,2026-06-20,12:19,normal_sale,active,Gurpreet Dsouza,Kissan Mixed Fruit Jam 200g,1,piece,82,82,14,12,0,1127.43,1127,0,204.7,cash:1127
KOS-2026-005515,2026-06-20,12:19,normal_sale,active,Gurpreet Dsouza,Wheat Atta (loose),0.25,kg,43.91,10.98,2.98,0,0,1127.43,1127,0,204.7,cash:1127
KOS-2026-005514,2026-06-20,12:12,normal_sale,active,Walk-in,Candle Pack (6 pc),3,piece,43.92,131.76,35.76,12,0,151.76,151.76,0,39.26,cash:151.76
KOS-2026-005514,2026-06-20,12:12,normal_sale,active,Walk-in,Kurkure Masala Munch 70g,1,piece,20,20,3.5,12,0,151.76,151.76,0,39.26,cash:151.76
KOS-2026-005513,2026-06-20,12:06,normal_sale,active,Mahesh Sharma,Sunfeast Dark Fantasy 75g,1,piece,42.8,42.8,8.8,18,0,220.67,0,220.67,48.67,
KOS-2026-005513,2026-06-20,12:06,normal_sale,active,Mahesh Sharma,Odonil Air Freshener 50g,1,piece,78,78,16,18,0,220.67,0,220.67,48.67,
KOS-2026-005513,2026-06-20,12:06,normal_sale,active,Mahesh Sharma,Vim Dishwash Bar 200g,1,piece,21.3,21.3,5.3,18,0,220.67,0,220.67,48.67,
KOS-2026-005513,2026-06-20,12:06,normal_sale,active,Mahesh Sharma,Gillette Guard Razor,1,piece,36.91,36.91,8.91,18,0,220.67,0,220.67,48.67,
KOS-2026-005513,2026-06-20,12:06,normal_sale,active,Mahesh Sharma,Thums Up 750ml,1,piece,41.66,41.66,9.66,28,0,220.67,0,220.67,48.67,
KOS-2026-005512,2026-06-20,11:41,normal_sale,active,Ganesh Sharma,Dhara Mustard Oil 1L,2,piece,191.57,383.14,79.14,5,0,441.72,441,0,88.8,cash:441
KOS-2026-005512,2026-06-20,11:41,normal_sale,active,Ganesh Sharma,Britannia Brown Bread,1,piece,50,50,8,0,0,441.72,441,0,88.8,cash:441
KOS-2026-005512,2026-06-20,11:41,normal_sale,active,Ganesh Sharma,Farm Eggs,1,piece,8.58,8.58,2.38,0,0,441.72,441,0,88.8,cash:441
KOS-2026-005511,2026-06-20,11:33,normal_sale,active,Walk-in,Kissan Mixed Fruit Jam 200g,1,piece,82,82,14,12,0,357.32,357.32,0,89.72,upi:357.32
KOS-2026-005511,2026-06-20,11:33,normal_sale,active,Walk-in,Ginger,1,kg,115.42,115.42,37.42,0,0,357.32,357.32,0,89.72,upi:357.32
KOS-2026-005511,2026-06-20,11:33,normal_sale,active,Walk-in,Reynolds Pen,1,piece,10,10,3,12,0,357.32,357.32,0,89.72,upi:357.32
KOS-2026-005511,2026-06-20,11:33,normal_sale,active,Walk-in,Parle-G Biscuit 100g,2,piece,11,22,5.4,18,0,357.32,357.32,0,89.72,upi:357.32
KOS-2026-005511,2026-06-20,11:33,normal_sale,active,Walk-in,Chana Dal (loose),1,kg,92,92,18,0,0,357.32,357.32,0,89.72,upi:357.32
KOS-2026-005511,2026-06-20,11:33,normal_sale,active,Walk-in,Onion,1,kg,35.9,35.9,11.9,0,0,357.32,357.32,0,89.72,upi:357.32
KOS-2026-005510,2026-06-20,10:55,normal_sale,active,Sneha Chavan,Britannia Good Day 100g,1,piece,30.8,30.8,5.8,18,0,671.33,671.33,0,140.83,upi:671.33
KOS-2026-005510,2026-06-20,10:55,normal_sale,active,Sneha Chavan,Tomato,0.25,kg,42.13,10.53,4.03,0,0,671.33,671.33,0,140.83,upi:671.33
KOS-2026-005510,2026-06-20,10:55,normal_sale,active,Sneha Chavan,Potato,5,kg,27.6,138,48,0,0,671.33,671.33,0,140.83,upi:671.33
KOS-2026-005510,2026-06-20,10:55,normal_sale,active,Sneha Chavan,Vim Liquid 500ml,4,piece,118,472,80,18,0,671.33,671.33,0,140.83,upi:671.33
KOS-2026-005510,2026-06-20,10:55,normal_sale,active,Sneha Chavan,Frooti 200ml,2,piece,10,20,3,12,0,671.33,671.33,0,140.83,upi:671.33
KOS-2026-005509,2026-06-20,10:13,normal_sale,active,Walk-in,Sprite 750ml,1,piece,42.51,42.51,10.51,28,0,78.2,78,0,19.5,cash:78
KOS-2026-005509,2026-06-20,10:13,normal_sale,active,Walk-in,5 Star 25g,1,piece,10.53,10.53,2.03,18,0,78.2,78,0,19.5,cash:78
KOS-2026-005509,2026-06-20,10:13,normal_sale,active,Walk-in,Rava / Sooji (loose),0.5,kg,50.32,25.16,7.16,5,0,78.2,78,0,19.5,cash:78
KOS-2026-005508,2026-06-20,09:47,normal_sale,active,Kiran Pawar,Fortune Sunflower Oil 1L,2,piece,167.9,335.8,59.8,5,0,769.23,769.23,0,125.23,upi:769.23
KOS-2026-005508,2026-06-20,09:47,normal_sale,active,Kiran Pawar,Colgate Strong Teeth 200g,4,piece,114.06,433.43,65.43,18,0,769.23,769.23,0,125.23,upi:769.23
KOS-2026-005507,2026-06-20,09:10,normal_sale,active,Walk-in,Bisleri Water 1L,1,piece,20,20,7,18,0,1161.05,1161.05,0,252.45,cash:1161.05
KOS-2026-005507,2026-06-20,09:10,normal_sale,active,Walk-in,Tata Salt 1kg,3,piece,30.94,92.82,20.82,0,0,1161.05,1161.05,0,252.45,cash:1161.05
KOS-2026-005507,2026-06-20,09:10,normal_sale,active,Walk-in,5 Star 25g,1,piece,10.53,10.53,2.03,18,0,1161.05,1161.05,0,252.45,cash:1161.05
KOS-2026-005507,2026-06-20,09:10,normal_sale,active,Walk-in,Red Label Tea 250g,2,piece,155.56,311.12,55.12,5,0,1161.05,1161.05,0,252.45,cash:1161.05
KOS-2026-005507,2026-06-20,09:10,normal_sale,active,Walk-in,Mustard Oil (loose),0.25,l,175.42,43.86,11.86,5,0,1161.05,1161.05,0,252.45,cash:1161.05
KOS-2026-005507,2026-06-20,09:10,normal_sale,active,Walk-in,Surf Excel Easy Wash 1kg,1,piece,155.05,155.05,37.05,18,0,1161.05,1161.05,0,252.45,cash:1161.05
KOS-2026-005507,2026-06-20,09:10,normal_sale,active,Walk-in,Amul Masti Dahi 400g,1,piece,40,40,8,5,0,1161.05,1161.05,0,252.45,cash:1161.05
KOS-2026-005507,2026-06-20,09:10,normal_sale,active,Walk-in,Reynolds Pen,1,piece,10,10,3,12,0,1161.05,1161.05,0,252.45,cash:1161.05
KOS-2026-005507,2026-06-20,09:10,normal_sale,active,Walk-in,Real Mixed Fruit Juice 1L,1,piece,131.29,131.29,26.29,12,0,1161.05,1161.05,0,252.45,cash:1161.05
KOS-2026-005507,2026-06-20,09:10,normal_sale,active,Walk-in,Dettol Antiseptic 250ml,2,piece,172.13,344.26,80.26,18,0,1161.05,1161.05,0,252.45,cash:1161.05
KOS-2026-005507,2026-06-20,09:10,normal_sale,active,Walk-in,Match Box,1,piece,2.12,2.12,1.02,18,0,1161.05,1161.05,0,252.45,cash:1161.05
KOS-2026-005506,2026-06-20,09:08,normal_sale,active,Mahesh Singh,Vim Liquid 500ml,1,piece,118,118,20,18,0,149.96,149,0,28,cash:149
KOS-2026-005506,2026-06-20,09:08,normal_sale,active,Mahesh Singh,Wheat Atta (loose),0.5,kg,43.91,21.96,5.96,0,0,149.96,149,0,28,cash:149
KOS-2026-005506,2026-06-20,09:08,normal_sale,active,Mahesh Singh,Reynolds Pen,1,piece,10,10,3,12,0,149.96,149,0,28,cash:149
KOS-2026-005505,2026-06-20,09:04,normal_sale,active,Walk-in,Sunfeast Dark Fantasy 75g,1,piece,42.8,42.8,8.8,18,0,787.16,787,0,174.5,cash:787
KOS-2026-005505,2026-06-20,09:04,normal_sale,active,Walk-in,Amul Cheese Slices 200g,1,piece,146.21,146.21,24.21,12,0,787.16,787,0,174.5,cash:787
KOS-2026-005505,2026-06-20,09:04,normal_sale,active,Walk-in,Fortune Sunflower Oil 1L,1,piece,167.9,167.9,29.9,5,0,787.16,787,0,174.5,cash:787
KOS-2026-005505,2026-06-20,09:04,normal_sale,active,Walk-in,Camphor 50g,1,piece,58.45,58.45,16.45,12,0,787.16,787,0,174.5,cash:787
KOS-2026-005505,2026-06-20,09:04,normal_sale,active,Walk-in,Lays Classic Salted 52g,9,piece,21.82,196.38,47.88,12,0,787.16,787,0,174.5,cash:787
KOS-2026-005505,2026-06-20,09:04,normal_sale,active,Walk-in,Mustard Oil (loose),1,l,175.42,175.42,47.42,5,0,787.16,787,0,174.5,cash:787
KOS-2026-005504,2026-06-20,08:37,normal_sale,active,Walk-in,5 Star 25g,1,piece,10.53,10.53,2.03,18,7.92,434.05,434.05,0,87.55,cash:434.05
KOS-2026-005504,2026-06-20,08:37,normal_sale,active,Walk-in,Britannia Marie Gold 250g,2,piece,40.88,81.76,15.76,18,7.92,434.05,434.05,0,87.55,cash:434.05
KOS-2026-005504,2026-06-20,08:37,normal_sale,active,Walk-in,Sprite 750ml,1,piece,42.51,42.51,10.51,28,7.92,434.05,434.05,0,87.55,cash:434.05
KOS-2026-005504,2026-06-20,08:37,normal_sale,active,Walk-in,Mustard Oil (loose),0.5,l,175.42,87.71,23.71,5,7.92,434.05,434.05,0,87.55,cash:434.05
KOS-2026-005504,2026-06-20,08:37,normal_sale,active,Walk-in,Vim Dishwash Bar 200g,3,piece,21.3,63.9,15.9,18,7.92,434.05,434.05,0,87.55,cash:434.05
KOS-2026-005504,2026-06-20,08:37,normal_sale,active,Walk-in,Red Label Tea 250g,1,piece,155.56,155.56,27.56,5,7.92,434.05,434.05,0,87.55,cash:434.05
KOS-2026-005503,2026-06-20,08:29,normal_sale,active,Walk-in,Britannia Marie Gold 250g,2,piece,40.88,81.76,15.76,18,0,81.76,81,0,15,cash:81
KOS-2026-005502,2026-06-20,08:24,normal_sale,active,Rekha Khan,Sugar (loose),0.25,kg,49.89,12.47,2.22,5,0,616.05,616,0,140.75,cash:616
KOS-2026-005502,2026-06-20,08:24,normal_sale,active,Rekha Khan,Basmati Rice Premium (loose),2,kg,133.1,266.2,82.2,0,0,616.05,616,0,140.75,cash:616
KOS-2026-005502,2026-06-20,08:24,normal_sale,active,Rekha Khan,Clinic Plus Shampoo 175ml,2,piece,140,280,44,18,0,616.05,616,0,140.75,cash:616
KOS-2026-005502,2026-06-20,08:24,normal_sale,active,Rekha Khan,Haldiram Bhujia 200g,1,piece,57.38,57.38,12.38,12,0,616.05,616,0,140.75,cash:616
KOS-2026-005501,2026-06-20,08:21,normal_sale,active,Walk-in,Thums Up 750ml,1,piece,41.66,41.66,9.66,28,0,249.49,249.49,0,50.49,upi:249.49
KOS-2026-005501,2026-06-20,08:21,normal_sale,active,Walk-in,Oreo Biscuit 120g,3,piece,35,105,15,18,0,249.49,249.49,0,50.49,upi:249.49
KOS-2026-005501,2026-06-20,08:21,normal_sale,active,Walk-in,Amul Masti Dahi 400g,1,piece,40,40,8,5,0,249.49,249.49,0,50.49,upi:249.49
KOS-2026-005501,2026-06-20,08:21,normal_sale,active,Walk-in,Yippee Noodles 70g,3,piece,14.96,44.88,11.88,12,0,249.49,249.49,0,50.49,upi:249.49
KOS-2026-005501,2026-06-20,08:21,normal_sale,active,Walk-in,Onion,0.5,kg,35.9,17.95,5.95,0,0,249.49,249.49,0,50.49,upi:249.49
KOS-2026-005500,2026-06-20,08:16,normal_sale,active,Kavita Shaikh,Match Box,1,piece,2.12,2.12,1.02,18,11,480.01,480.01,0,84.41,upi:480.01
KOS-2026-005500,2026-06-20,08:16,normal_sale,active,Kavita Shaikh,Lux Soap 100g,2,piece,39.81,79.62,19.62,18,11,480.01,480.01,0,84.41,upi:480.01
KOS-2026-005500,2026-06-20,08:16,normal_sale,active,Kavita Shaikh,Vim Dishwash Bar 200g,1,piece,21.3,21.3,5.3,18,11,480.01,480.01,0,84.41,upi:480.01
KOS-2026-005500,2026-06-20,08:16,normal_sale,active,Kavita Shaikh,Tomato,0.25,kg,42.13,10.53,4.03,0,11,480.01,480.01,0,84.41,upi:480.01
KOS-2026-005500,2026-06-20,08:16,normal_sale,active,Kavita Shaikh,Close Up Red 150g,4,piece,94.36,377.44,65.44,18,11,480.01,480.01,0,84.41,upi:480.01
KOS-2026-005499,2026-06-19,21:53,normal_sale,active,Archana Singh,Britannia Marie Gold 250g,2,piece,40.88,81.76,15.76,18,0,176.47,176.47,0,32.47,upi:176.47
KOS-2026-005499,2026-06-19,21:53,normal_sale,active,Archana Singh,MDH Garam Masala 100g,1,piece,94.71,94.71,16.71,5,0,176.47,176.47,0,32.47,upi:176.47
KOS-2026-005498,2026-06-19,21:51,normal_sale,active,Walk-in,Maggi Noodles 70g,1,piece,14.47,14.47,2.97,12,0,156.67,156.67,0,39.67,upi:156.67
KOS-2026-005498,2026-06-19,21:51,normal_sale,active,Walk-in,Tata Salt 1kg,2,piece,30.94,61.88,13.88,0,0,156.67,156.67,0,39.67,upi:156.67
KOS-2026-005498,2026-06-19,21:51,normal_sale,active,Walk-in,Rava / Sooji (loose),1,kg,50.32,50.32,14.32,5,0,156.67,156.67,0,39.67,upi:156.67
KOS-2026-005498,2026-06-19,21:51,normal_sale,active,Walk-in,Bisleri Water 1L,1,piece,20,20,7,18,0,156.67,156.67,0,39.67,upi:156.67
KOS-2026-005498,2026-06-19,21:51,normal_sale,active,Walk-in,Frooti 200ml,1,piece,10,10,1.5,12,0,156.67,156.67,0,39.67,upi:156.67
KOS-2026-005497,2026-06-19,20:46,normal_sale,active,Sanjay Chavan,Catch Red Chilli Powder 100g,4,piece,60,240,48,5,0,733.38,733,0,152.5,cash:733
KOS-2026-005497,2026-06-19,20:46,normal_sale,active,Sanjay Chavan,Good Knight Refill 45ml,3,piece,92.07,276.21,60.21,18,0,733.38,733,0,152.5,cash:733
KOS-2026-005497,2026-06-19,20:46,normal_sale,active,Sanjay Chavan,Tata Salt 1kg,4,piece,30.94,123.76,27.76,0,0,733.38,733,0,152.5,cash:733
KOS-2026-005497,2026-06-19,20:46,normal_sale,active,Sanjay Chavan,Britannia Brown Bread,1,piece,50,50,8,0,0,733.38,733,0,152.5,cash:733
KOS-2026-005497,2026-06-19,20:46,normal_sale,active,Sanjay Chavan,Maggi Noodles 70g,3,piece,14.47,43.41,8.91,12,0,733.38,733,0,152.5,cash:733
KOS-2026-005496,2026-06-19,20:35,normal_sale,active,Madhuri Sharma,Sprite 750ml,1,piece,42.51,42.51,10.51,28,0,591.8,591.8,0,115.8,cash:591.8
KOS-2026-005496,2026-06-19,20:35,normal_sale,active,Madhuri Sharma,Kurkure Masala Munch 70g,1,piece,20,20,3.5,12,0,591.8,591.8,0,115.8,cash:591.8
KOS-2026-005496,2026-06-19,20:35,normal_sale,active,Madhuri Sharma,Candle Pack (6 pc),1,piece,43.92,43.92,11.92,12,0,591.8,591.8,0,115.8,cash:591.8
KOS-2026-005496,2026-06-19,20:35,normal_sale,active,Madhuri Sharma,Coca-Cola 750ml,4,piece,40,160,32,28,0,591.8,591.8,0,115.8,cash:591.8
KOS-2026-005496,2026-06-19,20:35,normal_sale,active,Madhuri Sharma,Tomato,0.25,kg,42.13,10.53,4.03,0,0,591.8,591.8,0,115.8,cash:591.8
KOS-2026-005496,2026-06-19,20:35,normal_sale,active,Madhuri Sharma,Nivea Cold Cream 60ml,2,piece,128,256,40,18,0,591.8,591.8,0,115.8,cash:591.8
KOS-2026-005496,2026-06-19,20:35,normal_sale,active,Madhuri Sharma,Yippee Noodles 70g,1,piece,14.96,14.96,3.96,12,0,591.8,591.8,0,115.8,cash:591.8
KOS-2026-005496,2026-06-19,20:35,normal_sale,active,Madhuri Sharma,Dairy Milk 50g,1,piece,43.88,43.88,9.88,18,0,591.8,591.8,0,115.8,cash:591.8
KOS-2026-005495,2026-06-19,20:12,normal_sale,active,Walk-in,Candle Pack (6 pc),1,piece,43.92,43.92,11.92,12,0,268.19,268.19,0,61.69,cash:268.19
KOS-2026-005495,2026-06-19,20:12,normal_sale,active,Walk-in,Bingo Mad Angles 66g,1,piece,20.81,20.81,4.31,12,0,268.19,268.19,0,61.69,cash:268.19
KOS-2026-005495,2026-06-19,20:12,normal_sale,active,Walk-in,Good Knight Refill 45ml,1,piece,92.07,92.07,20.07,18,0,268.19,268.19,0,61.69,cash:268.19
KOS-2026-005495,2026-06-19,20:12,normal_sale,active,Walk-in,Wheat Atta (loose),1,kg,43.91,43.91,11.91,0,0,268.19,268.19,0,61.69,cash:268.19
KOS-2026-005495,2026-06-19,20:12,normal_sale,active,Walk-in,Amul Butter 100g,1,piece,67.48,67.48,13.48,12,0,268.19,268.19,0,61.69,cash:268.19
KOS-2026-005494,2026-06-19,19:51,normal_sale,active,Walk-in,Nirma Washing Powder 1kg,1,piece,75.9,75.9,17.9,18,0,202.37,202.37,0,43.27,upi:202.37
KOS-2026-005494,2026-06-19,19:51,normal_sale,active,Walk-in,Oreo Biscuit 120g,2,piece,35,70,10,18,0,202.37,202.37,0,43.27,upi:202.37
KOS-2026-005494,2026-06-19,19:51,normal_sale,active,Walk-in,Maggi Noodles 70g,1,piece,14.47,14.47,2.97,12,0,202.37,202.37,0,43.27,upi:202.37
KOS-2026-005494,2026-06-19,19:51,normal_sale,active,Walk-in,Bisleri Water 1L,1,piece,20,20,7,18,0,202.37,202.37,0,43.27,upi:202.37
KOS-2026-005494,2026-06-19,19:51,normal_sale,active,Walk-in,Parle-G Biscuit 100g,2,piece,11,22,5.4,18,0,202.37,202.37,0,43.27,upi:202.37
KOS-2026-005493,2026-06-19,19:48,normal_sale,active,Kiran Rane,Real Mixed Fruit Juice 1L,2,piece,131.29,262.58,52.58,12,0,262.58,262.58,0,52.58,bank:262.58
KOS-2026-005492,2026-06-19,19:39,normal_sale,active,Walk-in,Saffola Gold Oil 1L,1,piece,190,190,25,5,0,1194.48,1194.48,0,217.93,upi:1194.48
KOS-2026-005492,2026-06-19,19:39,normal_sale,active,Walk-in,Nescafe Classic 50g,1,piece,200.58,200.58,32.58,18,0,1194.48,1194.48,0,217.93,upi:1194.48
KOS-2026-005492,2026-06-19,19:39,normal_sale,active,Walk-in,Center Fresh Gum (jar pc),1,piece,1.07,1.07,0.22,18,0,1194.48,1194.48,0,217.93,upi:1194.48
KOS-2026-005492,2026-06-19,19:39,normal_sale,active,Walk-in,Fortune Sunflower Oil 1L,3,piece,167.9,503.7,89.7,5,0,1194.48,1194.48,0,217.93,upi:1194.48
KOS-2026-005492,2026-06-19,19:39,normal_sale,active,Walk-in,Farm Eggs,1,piece,8.58,8.58,2.38,0,0,1194.48,1194.48,0,217.93,upi:1194.48
KOS-2026-005492,2026-06-19,19:39,normal_sale,active,Walk-in,Tata Salt 1kg,1,piece,30.94,30.94,6.94,0,0,1194.48,1194.48,0,217.93,upi:1194.48
KOS-2026-005492,2026-06-19,19:39,normal_sale,active,Walk-in,Sunfeast Dark Fantasy 75g,3,piece,42.8,128.4,26.4,18,0,1194.48,1194.48,0,217.93,upi:1194.48
KOS-2026-005492,2026-06-19,19:39,normal_sale,active,Walk-in,Thums Up 750ml,1,piece,41.66,41.66,9.66,28,0,1194.48,1194.48,0,217.93,upi:1194.48
KOS-2026-005492,2026-06-19,19:39,normal_sale,active,Walk-in,Basmati Rice Premium (loose),0.5,kg,133.1,66.55,20.55,0,0,1194.48,1194.48,0,217.93,upi:1194.48
KOS-2026-005492,2026-06-19,19:39,normal_sale,active,Walk-in,Chana Dal (loose),0.25,kg,92,23,4.5,0,0,1194.48,1194.48,0,217.93,upi:1194.48
KOS-2026-005491,2026-06-19,17:46,normal_sale,active,Walk-in,Amul Taaza Milk 500ml,1,piece,28,28,3,0,0,619.74,619.74,0,129.49,upi:619.74
KOS-2026-005491,2026-06-19,17:46,normal_sale,active,Walk-in,Groundnut / Peanut (loose),0.25,kg,114.59,28.65,6.65,5,0,619.74,619.74,0,129.49,upi:619.74
KOS-2026-005491,2026-06-19,17:46,normal_sale,active,Walk-in,Sugar (loose),0.25,kg,49.89,12.47,2.22,5,0,619.74,619.74,0,129.49,upi:619.74
KOS-2026-005491,2026-06-19,17:46,normal_sale,active,Walk-in,Rajma (loose),1,kg,138,138,30,0,0,619.74,619.74,0,129.49,upi:619.74
KOS-2026-005491,2026-06-19,17:46,normal_sale,active,Walk-in,Yippee Noodles 70g,1,piece,14.96,14.96,3.96,12,0,619.74,619.74,0,129.49,upi:619.74
KOS-2026-005491,2026-06-19,17:46,normal_sale,active,Walk-in,Fortune Sunflower Oil 1L,1,piece,167.9,167.9,29.9,5,0,619.74,619.74,0,129.49,upi:619.74
KOS-2026-005491,2026-06-19,17:46,normal_sale,active,Walk-in,Lifebuoy Soap 125g,1,piece,35,35,7,18,0,619.74,619.74,0,129.49,upi:619.74
KOS-2026-005491,2026-06-19,17:46,normal_sale,active,Walk-in,Bisleri Water 1L,2,piece,20,40,14,18,0,619.74,619.74,0,129.49,upi:619.74
KOS-2026-005491,2026-06-19,17:46,normal_sale,active,Walk-in,Amul Masti Dahi 400g,1,piece,40,40,8,5,0,619.74,619.74,0,129.49,upi:619.74
KOS-2026-005491,2026-06-19,17:46,normal_sale,active,Walk-in,Haldiram Bhujia 200g,2,piece,57.38,114.76,24.76,12,0,619.74,619.74,0,129.49,upi:619.74
KOS-2026-005490,2026-06-19,17:21,normal_sale,active,Walk-in,Parle-G Biscuit 100g,1,piece,11,11,2.7,18,0,258.94,258.94,0,46.44,upi:258.94
KOS-2026-005490,2026-06-19,17:21,normal_sale,active,Walk-in,Amul Masti Dahi 400g,1,piece,40,40,8,5,0,258.94,258.94,0,46.44,upi:258.94
KOS-2026-005490,2026-06-19,17:21,normal_sale,active,Walk-in,Farm Eggs,1,piece,8.58,8.58,2.38,0,0,258.94,258.94,0,46.44,upi:258.94
KOS-2026-005490,2026-06-19,17:21,normal_sale,active,Walk-in,Mother Dairy Paneer 200g,1,piece,105,105,17,5,0,258.94,258.94,0,46.44,upi:258.94
KOS-2026-005490,2026-06-19,17:21,normal_sale,active,Walk-in,Close Up Red 150g,1,piece,94.36,94.36,16.36,18,0,258.94,258.94,0,46.44,upi:258.94
KOS-2026-005489,2026-06-19,17:02,normal_sale,active,Walk-in,Haldiram Bhujia 200g,3,piece,57.38,172.14,37.14,12,0,212.14,212.14,0,44.14,upi:212.14
KOS-2026-005489,2026-06-19,17:02,normal_sale,active,Walk-in,Kurkure Masala Munch 70g,2,piece,20,40,7,12,0,212.14,212.14,0,44.14,upi:212.14
KOS-2026-005488,2026-06-19,15:50,normal_sale,active,Ganesh Chavan,Bisleri Water 1L,1,piece,20,20,7,18,0,953.17,953,0,182.65,cash:953
KOS-2026-005488,2026-06-19,15:50,normal_sale,active,Ganesh Chavan,Thums Up 750ml,1,piece,41.66,41.66,9.66,28,0,953.17,953,0,182.65,cash:953
KOS-2026-005488,2026-06-19,15:50,normal_sale,active,Ganesh Chavan,Besan (loose),0.5,kg,101.44,50.72,11.72,5,0,953.17,953,0,182.65,cash:953
KOS-2026-005488,2026-06-19,15:50,normal_sale,active,Ganesh Chavan,Bingo Mad Angles 66g,1,piece,20.81,20.81,4.31,12,0,953.17,953,0,182.65,cash:953
KOS-2026-005488,2026-06-19,15:50,normal_sale,active,Ganesh Chavan,Toor Dal (loose),1,kg,148,148,30,0,0,953.17,953,0,182.65,cash:953
KOS-2026-005488,2026-06-19,15:50,normal_sale,active,Ganesh Chavan,LED Bulb 9W,1,piece,99,99,21,12,0,953.17,953,0,182.65,cash:953
KOS-2026-005488,2026-06-19,15:50,normal_sale,active,Ganesh Chavan,Center Fresh Gum (jar pc),1,piece,1.07,1.07,0.22,18,0,953.17,953,0,182.65,cash:953
KOS-2026-005488,2026-06-19,15:50,normal_sale,active,Ganesh Chavan,Gillette Guard Razor,1,piece,36.91,36.91,8.91,18,0,953.17,953,0,182.65,cash:953
KOS-2026-005488,2026-06-19,15:50,normal_sale,active,Ganesh Chavan,Coca-Cola 750ml,4,piece,40,160,32,28,0,953.17,953,0,182.65,cash:953
KOS-2026-005488,2026-06-19,15:50,normal_sale,active,Ganesh Chavan,Mother Dairy Paneer 200g,1,piece,105,105,17,5,0,953.17,953,0,182.65,cash:953
KOS-2026-005488,2026-06-19,15:50,normal_sale,active,Ganesh Chavan,Amul Masti Dahi 400g,2,piece,40,80,16,5,0,953.17,953,0,182.65,cash:953
KOS-2026-005488,2026-06-19,15:50,normal_sale,active,Ganesh Chavan,Saffola Gold Oil 1L,1,piece,190,190,25,5,0,953.17,953,0,182.65,cash:953
KOS-2026-005487,2026-06-19,14:46,normal_sale,active,Swati Singh,Lays Classic Salted 52g,1,piece,21.82,21.82,5.32,12,0,59.55,59,0,12.5,cash:59
KOS-2026-005487,2026-06-19,14:46,normal_sale,active,Swati Singh,Amul Gold Milk 500ml,1,piece,37.73,37.73,7.73,0,0,59.55,59,0,12.5,cash:59
KOS-2026-005486,2026-06-19,13:19,normal_sale,active,Kiran Rane,KitKat 4-finger,2,piece,21.13,42.26,8.26,18,0,244.9,244.9,0,56.8,upi:244.9
KOS-2026-005486,2026-06-19,13:19,normal_sale,active,Kiran Rane,Coca-Cola 750ml,1,piece,40,40,8,28,0,244.9,244.9,0,56.8,upi:244.9
KOS-2026-005486,2026-06-19,13:19,normal_sale,active,Kiran Rane,Match Box,1,piece,2.12,2.12,1.02,18,0,244.9,244.9,0,56.8,upi:244.9
KOS-2026-005486,2026-06-19,13:19,normal_sale,active,Kiran Rane,Camphor 50g,1,piece,58.45,58.45,16.45,12,0,244.9,244.9,0,56.8,upi:244.9
KOS-2026-005486,2026-06-19,13:19,normal_sale,active,Kiran Rane,Good Knight Refill 45ml,1,piece,92.07,92.07,20.07,18,0,244.9,244.9,0,56.8,upi:244.9
KOS-2026-005486,2026-06-19,13:19,normal_sale,active,Kiran Rane,Reynolds Pen,1,piece,10,10,3,12,0,244.9,244.9,0,56.8,upi:244.9
KOS-2026-005485,2026-06-19,12:50,normal_sale,active,Jyoti Singh,Lifebuoy Soap 125g,3,piece,35,105,21,18,0,763.19,763.19,0,99.19,cash:763.19
KOS-2026-005485,2026-06-19,12:50,normal_sale,active,Jyoti Singh,Aashirvaad Atta 5kg,2,piece,285,545,55,5,0,763.19,763.19,0,99.19,cash:763.19
KOS-2026-005485,2026-06-19,12:50,normal_sale,active,Jyoti Singh,Amul Gold Milk 500ml,3,piece,37.73,113.19,23.19,0,0,763.19,763.19,0,99.19,cash:763.19
KOS-2026-005484,2026-06-19,12:37,normal_sale,active,Walk-in,Fortune Sunflower Oil 1L,1,piece,167.9,167.9,29.9,5,0,243.8,243.8,0,55.8,cash:243.8
KOS-2026-005484,2026-06-19,12:37,normal_sale,active,Walk-in,Onion,1,kg,35.9,35.9,11.9,0,0,243.8,243.8,0,55.8,cash:243.8
KOS-2026-005484,2026-06-19,12:37,normal_sale,active,Walk-in,Bisleri Water 1L,2,piece,20,40,14,18,0,243.8,243.8,0,55.8,cash:243.8
KOS-2026-005483,2026-06-19,12:26,normal_sale,active,Balaji Khan,Close Up Red 150g,2,piece,94.36,188.72,32.72,18,0,1108.7,1108.7,0,165.4,upi:1108.7
KOS-2026-005483,2026-06-19,12:26,normal_sale,active,Balaji Khan,Aashirvaad Atta 5kg,2,piece,285,570,80,5,0,1108.7,1108.7,0,165.4,upi:1108.7
KOS-2026-005483,2026-06-19,12:26,normal_sale,active,Balaji Khan,Saffola Gold Oil 1L,1,piece,190,190,25,5,0,1108.7,1108.7,0,165.4,upi:1108.7
KOS-2026-005483,2026-06-19,12:26,normal_sale,active,Balaji Khan,Parle-G Biscuit 100g,1,piece,11,11,2.7,18,0,1108.7,1108.7,0,165.4,upi:1108.7
KOS-2026-005483,2026-06-19,12:26,normal_sale,active,Balaji Khan,Clinic Plus Shampoo 175ml,1,piece,140,140,22,18,0,1108.7,1108.7,0,165.4,upi:1108.7
KOS-2026-005483,2026-06-19,12:26,normal_sale,active,Balaji Khan,Onion,0.25,kg,35.9,8.98,2.98,0,0,1108.7,1108.7,0,165.4,upi:1108.7
KOS-2026-005482,2026-06-19,12:22,normal_sale,active,Dattatray Verma,Wheat Atta (loose),1,kg,43.91,43.91,11.91,0,0,292.93,0,292.93,68.93,
KOS-2026-005482,2026-06-19,12:22,normal_sale,active,Dattatray Verma,Agarbatti Pack (20 sticks),4,piece,30,120,24,12,0,292.93,0,292.93,68.93,
KOS-2026-005482,2026-06-19,12:22,normal_sale,active,Dattatray Verma,Moong Dal (loose),1,kg,129.02,129.02,33.02,0,0,292.93,0,292.93,68.93,
KOS-2026-005481,2026-06-19,12:08,normal_sale,active,Deepak Salunkhe,Lays Classic Salted 52g,2,piece,21.82,43.64,10.64,12,0,176.4,176.4,0,37.1,cash:176.4
KOS-2026-005481,2026-06-19,12:08,normal_sale,active,Deepak Salunkhe,Parle-G Biscuit 100g,1,piece,11,11,2.7,18,0,176.4,176.4,0,37.1,cash:176.4
KOS-2026-005481,2026-06-19,12:08,normal_sale,active,Deepak Salunkhe,Britannia Marie Gold 250g,2,piece,40.88,81.76,15.76,18,0,176.4,176.4,0,37.1,cash:176.4
KOS-2026-005481,2026-06-19,12:08,normal_sale,active,Deepak Salunkhe,Coca-Cola 750ml,1,piece,40,40,8,28,0,176.4,176.4,0,37.1,cash:176.4
KOS-2026-005480,2026-06-19,11:57,normal_sale,active,Ganesh Verma,Oreo Biscuit 120g,1,piece,35,35,5,18,0,421.95,421.95,0,68.45,upi:421.95
KOS-2026-005480,2026-06-19,11:57,normal_sale,active,Ganesh Verma,Aashirvaad Atta 5kg,1,piece,285,285,40,5,0,421.95,421.95,0,68.45,upi:421.95
KOS-2026-005480,2026-06-19,11:57,normal_sale,active,Ganesh Verma,Maggi Noodles 70g,1,piece,14.47,14.47,2.97,12,0,421.95,421.95,0,68.45,upi:421.95
KOS-2026-005480,2026-06-19,11:57,normal_sale,active,Ganesh Verma,Amul Butter 100g,1,piece,67.48,67.48,13.48,12,0,421.95,421.95,0,68.45,upi:421.95
KOS-2026-005480,2026-06-19,11:57,normal_sale,active,Ganesh Verma,Bisleri Water 1L,1,piece,20,20,7,18,0,421.95,421.95,0,68.45,upi:421.95
KOS-2026-005479,2026-06-19,11:42,normal_sale,active,Swati Singh,Parle-G Biscuit 100g,1,piece,11,11,2.7,18,0,463.69,463.69,0,103.39,cash:463.69
KOS-2026-005479,2026-06-19,11:42,normal_sale,active,Swati Singh,Kissan Tomato Ketchup 500g,4,piece,119.13,452.69,100.69,12,0,463.69,463.69,0,103.39,cash:463.69
KOS-2026-005478,2026-06-19,11:32,normal_sale,active,Walk-in,Nirma Washing Powder 1kg,2,piece,75.9,151.8,35.8,18,13.53,292.21,292.21,0,56.21,cash:111|upi:181.21
KOS-2026-005478,2026-06-19,11:32,normal_sale,active,Walk-in,Tata Salt 1kg,1,piece,30.94,30.94,6.94,0,13.53,292.21,292.21,0,56.21,cash:111|upi:181.21
KOS-2026-005478,2026-06-19,11:32,normal_sale,active,Walk-in,Wheat Atta (loose),0.25,kg,43.91,10.98,2.98,0,13.53,292.21,292.21,0,56.21,cash:111|upi:181.21
KOS-2026-005478,2026-06-19,11:32,normal_sale,active,Walk-in,Harpic Toilet Cleaner 500ml,1,piece,112.02,112.02,24.02,18,13.53,292.21,292.21,0,56.21,cash:111|upi:181.21
KOS-2026-005477,2026-06-19,11:20,normal_sale,active,Walk-in,Sona Masoori Rice (loose),0.5,kg,63.6,31.8,8.8,0,0,485.29,485.29,0,112.29,cash:485.29
KOS-2026-005477,2026-06-19,11:20,normal_sale,active,Walk-in,Dettol Antiseptic 250ml,1,piece,172.13,172.13,40.13,18,0,485.29,485.29,0,112.29,cash:485.29
KOS-2026-005477,2026-06-19,11:20,normal_sale,active,Walk-in,Fortune Sunflower Oil 1L,1,piece,167.9,167.9,29.9,5,0,485.29,485.29,0,112.29,cash:485.29
KOS-2026-005477,2026-06-19,11:20,normal_sale,active,Walk-in,Onion,2,kg,35.9,71.8,23.8,0,0,485.29,485.29,0,112.29,cash:485.29
KOS-2026-005477,2026-06-19,11:20,normal_sale,active,Walk-in,Thums Up 750ml,1,piece,41.66,41.66,9.66,28,0,485.29,485.29,0,112.29,cash:485.29
KOS-2026-005476,2026-06-19,11:08,normal_sale,active,Shalini Pawar,Frooti 200ml,1,piece,10,10,1.5,12,0,465.45,465.45,0,88.65,upi:465.45
KOS-2026-005476,2026-06-19,11:08,normal_sale,active,Shalini Pawar,Mother Dairy Paneer 200g,2,piece,105,210,34,5,0,465.45,465.45,0,88.65,upi:465.45
KOS-2026-005476,2026-06-19,11:08,normal_sale,active,Shalini Pawar,Basmati Rice Premium (loose),0.5,kg,133.1,66.55,20.55,0,0,465.45,465.45,0,88.65,upi:465.45
KOS-2026-005476,2026-06-19,11:08,normal_sale,active,Shalini Pawar,Fortune Sunflower Oil 1L,1,piece,167.9,167.9,29.9,5,0,465.45,465.45,0,88.65,upi:465.45
KOS-2026-005476,2026-06-19,11:08,normal_sale,active,Shalini Pawar,Parle-G Biscuit 100g,1,piece,11,11,2.7,18,0,465.45,465.45,0,88.65,upi:465.45
KOS-2026-005475,2026-06-19,10:39,normal_sale,active,Walk-in,Kissan Tomato Ketchup 500g,3,piece,119.13,357.39,93.39,12,0,357.39,357,0,93,cash:357
KOS-2026-005474,2026-06-19,10:19,normal_sale,active,Sanjay Gupta,Amul Masti Dahi 400g,1,piece,40,40,8,5,12.11,27.89,27.89,0,-4.11,upi:27.89
KOS-2026-005473,2026-06-19,09:54,normal_sale,active,Nilesh Dsouza,Sprite 750ml,1,piece,42.51,42.51,10.51,28,0,344.37,344.37,0,90.37,cash:344.37
KOS-2026-005473,2026-06-19,09:54,normal_sale,active,Nilesh Dsouza,Catch Red Chilli Powder 100g,2,piece,60,120,24,5,0,344.37,344.37,0,90.37,cash:344.37
KOS-2026-005473,2026-06-19,09:54,normal_sale,active,Nilesh Dsouza,Classmate Notebook 172pg,3,piece,60.62,181.86,55.86,12,0,344.37,344.37,0,90.37,cash:344.37
KOS-2026-005472,2026-06-19,09:33,normal_sale,active,Walk-in,Bisleri Water 1L,1,piece,20,20,7,18,0,204.94,204.94,0,44.94,cash:105|upi:99.94
KOS-2026-005472,2026-06-19,09:33,normal_sale,active,Walk-in,Maggi Noodles 70g,2,piece,14.47,28.94,5.94,12,0,204.94,204.94,0,44.94,cash:105|upi:99.94
KOS-2026-005472,2026-06-19,09:33,normal_sale,active,Walk-in,Odonil Air Freshener 50g,2,piece,78,156,32,18,0,204.94,204.94,0,44.94,cash:105|upi:99.94
KOS-2026-005471,2026-06-19,09:16,normal_sale,active,Walk-in,Sprite 750ml,1,piece,42.51,42.51,10.51,28,0,42.51,42.51,0,10.51,cash:25|upi:17.51
KOS-2026-005470,2026-06-19,09:05,normal_sale,active,Ganesh Sharma,Potato,0.5,kg,27.6,13.8,4.8,0,0,50.8,50.8,0,12.3,upi:50.8
KOS-2026-005470,2026-06-19,09:05,normal_sale,active,Ganesh Sharma,Toor Dal (loose),0.25,kg,148,37,7.5,0,0,50.8,50.8,0,12.3,upi:50.8
KOS-2026-005469,2026-06-19,08:50,normal_sale,active,Walk-in,Kissan Tomato Ketchup 500g,1,piece,119.13,119.13,31.13,12,0,500.07,500,0,94.5,cash:500
KOS-2026-005469,2026-06-19,08:50,normal_sale,active,Walk-in,Maggi Noodles 8-pack,2,piece,108,216,32,12,0,500.07,500,0,94.5,cash:500
KOS-2026-005469,2026-06-19,08:50,normal_sale,active,Walk-in,Britannia Marie Gold 250g,1,piece,40.88,40.88,7.88,18,0,500.07,500,0,94.5,cash:500
KOS-2026-005469,2026-06-19,08:50,normal_sale,active,Walk-in,Colgate Strong Teeth 200g,1,piece,114.06,114.06,22.06,18,0,500.07,500,0,94.5,cash:500
KOS-2026-005469,2026-06-19,08:50,normal_sale,active,Walk-in,Frooti 200ml,1,piece,10,10,1.5,12,0,500.07,500,0,94.5,cash:500
KOS-2026-005468,2026-06-18,21:57,normal_sale,active,Walk-in,Lemon,1,piece,5,5,1.8,0,0,5,5,0,1.8,cash:5
KOS-2026-005467,2026-06-18,21:10,normal_sale,active,Walk-in,Parachute Coconut Oil 200ml,3,piece,104.12,312.36,66.36,18,0,672.61,672.61,0,144.91,cash:672.61
KOS-2026-005467,2026-06-18,21:10,normal_sale,active,Walk-in,Vim Dishwash Bar 200g,1,piece,21.3,21.3,5.3,18,0,672.61,672.61,0,144.91,cash:672.61
KOS-2026-005467,2026-06-18,21:10,normal_sale,active,Walk-in,Amul Masti Dahi 400g,1,piece,40,40,8,5,0,672.61,672.61,0,144.91,cash:672.61
KOS-2026-005467,2026-06-18,21:10,normal_sale,active,Walk-in,Thums Up 750ml,3,piece,41.66,124.98,28.98,28,0,672.61,672.61,0,144.91,cash:672.61
KOS-2026-005467,2026-06-18,21:10,normal_sale,active,Walk-in,Farm Eggs,1,piece,8.58,8.58,2.38,0,0,672.61,672.61,0,144.91,cash:672.61
KOS-2026-005467,2026-06-18,21:10,normal_sale,active,Walk-in,Amul Gold Milk 500ml,4,piece,37.73,150.92,30.92,0,0,672.61,672.61,0,144.91,cash:672.61
KOS-2026-005467,2026-06-18,21:10,normal_sale,active,Walk-in,Maggi Noodles 70g,1,piece,14.47,14.47,2.97,12,0,672.61,672.61,0,144.91,cash:672.61
KOS-2026-005466,2026-06-18,20:02,normal_sale,active,Walk-in,Fortune Sunflower Oil 1L,2,piece,167.9,335.8,59.8,5,0,413.81,413.81,0,75.31,upi:413.81
KOS-2026-005466,2026-06-18,20:02,normal_sale,active,Walk-in,5 Star 25g,1,piece,10.53,10.53,2.03,18,0,413.81,413.81,0,75.31,upi:413.81
KOS-2026-005466,2026-06-18,20:02,normal_sale,active,Walk-in,Amul Butter 100g,1,piece,67.48,67.48,13.48,12,0,413.81,413.81,0,75.31,upi:413.81
KOS-2026-005465,2026-06-18,19:53,normal_sale,active,Walk-in,Bisleri Water 1L,1,piece,20,20,7,18,0,220.36,220,0,49,cash:220
KOS-2026-005465,2026-06-18,19:53,normal_sale,active,Walk-in,Haldiram Bhujia 200g,2,piece,57.38,114.76,24.76,12,0,220.36,220,0,49,cash:220
KOS-2026-005465,2026-06-18,19:53,normal_sale,active,Walk-in,Sunfeast Dark Fantasy 75g,2,piece,42.8,85.6,17.6,18,0,220.36,220,0,49,cash:220
KOS-2026-005464,2026-06-18,19:39,normal_sale,active,Walk-in,Bingo Mad Angles 66g,1,piece,20.81,20.81,4.31,12,0,334.3,334.3,0,69.8,upi:334.3
KOS-2026-005464,2026-06-18,19:39,normal_sale,active,Walk-in,Dhara Mustard Oil 1L,1,piece,191.57,191.57,39.57,5,0,334.3,334.3,0,69.8,upi:334.3
KOS-2026-005464,2026-06-18,19:39,normal_sale,active,Walk-in,Chana Dal (loose),1,kg,92,92,18,0,0,334.3,334.3,0,69.8,upi:334.3
KOS-2026-005464,2026-06-18,19:39,normal_sale,active,Walk-in,Yippee Noodles 70g,2,piece,14.96,29.92,7.92,12,0,334.3,334.3,0,69.8,upi:334.3
KOS-2026-005463,2026-06-18,19:13,normal_sale,active,Walk-in,Good Knight Refill 45ml,3,piece,92.07,276.21,60.21,18,0,738.09,738,0,141,cash:738
KOS-2026-005463,2026-06-18,19:13,normal_sale,active,Walk-in,Clinic Plus Shampoo 175ml,1,piece,140,140,22,18,0,738.09,738,0,141,cash:738
KOS-2026-005463,2026-06-18,19:13,normal_sale,active,Walk-in,Bisleri Water 1L,2,piece,20,40,14,18,0,738.09,738,0,141,cash:738
KOS-2026-005463,2026-06-18,19:13,normal_sale,active,Walk-in,Tata Salt 1kg,2,piece,30.94,61.88,13.88,0,0,738.09,738,0,141,cash:738
KOS-2026-005463,2026-06-18,19:13,normal_sale,active,Walk-in,Saffola Gold Oil 1L,1,piece,190,190,25,5,0,738.09,738,0,141,cash:738
KOS-2026-005463,2026-06-18,19:13,normal_sale,active,Walk-in,Agarbatti Pack (20 sticks),1,piece,30,30,6,12,0,738.09,738,0,141,cash:738
KOS-2026-005462,2026-06-18,18:27,normal_sale,active,Madhuri Jadhav,Sona Masoori Rice (loose),0.25,kg,63.6,15.9,4.4,0,0,834,834,0,188.5,cash:834
KOS-2026-005462,2026-06-18,18:27,normal_sale,active,Madhuri Jadhav,Surf Excel Easy Wash 1kg,4,piece,155.05,620.2,148.2,18,0,834,834,0,188.5,cash:834
KOS-2026-005462,2026-06-18,18:27,normal_sale,active,Madhuri Jadhav,Agarbatti Pack (20 sticks),1,piece,30,30,6,12,0,834,834,0,188.5,cash:834
KOS-2026-005462,2026-06-18,18:27,normal_sale,active,Madhuri Jadhav,Fortune Sunflower Oil 1L,1,piece,167.9,167.9,29.9,5,0,834,834,0,188.5,cash:834
KOS-2026-005461,2026-06-18,18:10,normal_sale,active,Walk-in,Saffola Gold Oil 1L,1,piece,190,190,25,5,0,230,230,0,33,upi:230
KOS-2026-005461,2026-06-18,18:10,normal_sale,active,Walk-in,Amul Masti Dahi 400g,1,piece,40,40,8,5,0,230,230,0,33,upi:230
KOS-2026-005460,2026-06-18,17:46,normal_sale,active,Walk-in,Frooti 200ml,3,piece,10,30,4.5,12,0,631.75,631.75,0,137.75,upi:631.75
KOS-2026-005460,2026-06-18,17:46,normal_sale,active,Walk-in,Oreo Biscuit 120g,1,piece,35,35,5,18,0,631.75,631.75,0,137.75,upi:631.75
KOS-2026-005460,2026-06-18,17:46,normal_sale,active,Walk-in,Potato,1,kg,27.6,27.6,9.6,0,0,631.75,631.75,0,137.75,upi:631.75
KOS-2026-005460,2026-06-18,17:46,normal_sale,active,Walk-in,Kissan Tomato Ketchup 500g,1,piece,119.13,119.13,31.13,12,0,631.75,631.75,0,137.75,upi:631.75
KOS-2026-005460,2026-06-18,17:46,normal_sale,active,Walk-in,Bisleri Water 1L,2,piece,20,40,14,18,0,631.75,631.75,0,137.75,upi:631.75
KOS-2026-005460,2026-06-18,17:46,normal_sale,active,Walk-in,Sona Masoori Rice (loose),2,kg,63.6,127.2,35.2,0,0,631.75,631.75,0,137.75,upi:631.75
KOS-2026-005460,2026-06-18,17:46,normal_sale,active,Walk-in,Lays Classic Salted 52g,1,piece,21.82,21.82,5.32,12,0,631.75,631.75,0,137.75,upi:631.75
KOS-2026-005460,2026-06-18,17:46,normal_sale,active,Walk-in,Whisper Ultra 15 pads,1,piece,175,175,27,12,0,631.75,631.75,0,137.75,upi:631.75
KOS-2026-005460,2026-06-18,17:46,normal_sale,active,Walk-in,Amul Taaza Milk 500ml,2,piece,28,56,6,0,0,631.75,631.75,0,137.75,upi:631.75
KOS-2026-005459,2026-06-18,17:36,normal_sale,active,Ashok Pawar,Amul Masti Dahi 400g,2,piece,40,80,16,5,0,319.32,319,0,61,cash:319
KOS-2026-005459,2026-06-18,17:36,normal_sale,active,Ashok Pawar,Thums Up 750ml,2,piece,41.66,83.32,19.32,28,0,319.32,319,0,61,cash:319
KOS-2026-005459,2026-06-18,17:36,normal_sale,active,Ashok Pawar,Frooti 200ml,8,piece,10,80,12,12,0,319.32,319,0,61,cash:319
KOS-2026-005459,2026-06-18,17:36,normal_sale,active,Ashok Pawar,Everest Turmeric 200g,1,piece,76,76,14,5,0,319.32,319,0,61,cash:319
KOS-2026-005458,2026-06-18,17:36,normal_sale,active,Walk-in,Yippee Noodles 70g,1,piece,14.96,14.96,3.96,12,0,143.36,143.36,0,30.36,upi:143.36
KOS-2026-005458,2026-06-18,17:36,normal_sale,active,Walk-in,Sunfeast Dark Fantasy 75g,3,piece,42.8,128.4,26.4,18,0,143.36,143.36,0,30.36,upi:143.36
KOS-2026-005457,2026-06-18,17:22,normal_sale,active,Walk-in,Maggi Noodles 8-pack,1,piece,108,108,16,12,0,108,108,0,16,cash:108
KOS-2026-005456,2026-06-18,17:11,normal_sale,active,Walk-in,Kissan Mixed Fruit Jam 200g,2,piece,82,164,28,12,0,164,164,0,28,cash:104|upi:60
KOS-2026-005455,2026-06-18,16:46,normal_sale,active,Walk-in,Urad Dal (loose),0.25,kg,139.94,34.99,8.74,0,0,1480.73,1480.73,0,231.48,cash:1480.73
KOS-2026-005455,2026-06-18,16:46,normal_sale,active,Walk-in,Coca-Cola 750ml,1,piece,40,40,8,28,0,1480.73,1480.73,0,231.48,cash:1480.73
KOS-2026-005455,2026-06-18,16:46,normal_sale,active,Walk-in,Good Knight Refill 45ml,2,piece,92.07,184.14,40.14,18,0,1480.73,1480.73,0,231.48,cash:1480.73
KOS-2026-005455,2026-06-18,16:46,normal_sale,active,Walk-in,Britannia Good Day 100g,2,piece,30.8,61.6,11.6,18,0,1480.73,1480.73,0,231.48,cash:1480.73
KOS-2026-005455,2026-06-18,16:46,normal_sale,active,Walk-in,Frooti 200ml,2,piece,10,20,3,12,0,1480.73,1480.73,0,231.48,cash:1480.73
KOS-2026-005455,2026-06-18,16:46,normal_sale,active,Walk-in,Aashirvaad Atta 5kg,4,piece,285,1140,160,5,0,1480.73,1480.73,0,231.48,cash:1480.73
KOS-2026-005454,2026-06-18,15:29,normal_sale,active,Walk-in,Surf Excel Easy Wash 1kg,1,piece,155.05,155.05,37.05,18,0,211.12,211,0,52,cash:211
KOS-2026-005454,2026-06-18,15:29,normal_sale,active,Walk-in,Lifebuoy Soap 125g,1,piece,35,35,7,18,0,211.12,211,0,52,cash:211
KOS-2026-005454,2026-06-18,15:29,normal_sale,active,Walk-in,Tomato,0.5,kg,42.13,21.07,8.07,0,0,211.12,211,0,52,cash:211
KOS-2026-005453,2026-06-18,13:20,normal_sale,active,Walk-in,Potato,0.5,kg,27.6,13.8,4.8,0,0,64,64,0,14.75,upi:64
KOS-2026-005453,2026-06-18,13:20,normal_sale,active,Walk-in,Sugar (loose),0.25,kg,49.89,12.47,2.22,5,0,64,64,0,14.75,upi:64
KOS-2026-005453,2026-06-18,13:20,normal_sale,active,Walk-in,Amul Gold Milk 500ml,1,piece,37.73,37.73,7.73,0,0,64,64,0,14.75,upi:64
KOS-2026-005452,2026-06-18,12:18,normal_sale,active,Walk-in,Moong Dal (loose),0.25,kg,129.02,32.26,8.26,0,0,275.63,275.63,0,60.13,cash:275.63
KOS-2026-005452,2026-06-18,12:18,normal_sale,active,Walk-in,Sona Masoori Rice (loose),0.5,kg,63.6,31.8,8.8,0,0,275.63,275.63,0,60.13,cash:275.63
KOS-2026-005452,2026-06-18,12:18,normal_sale,active,Walk-in,Dhara Mustard Oil 1L,1,piece,191.57,191.57,39.57,5,0,275.63,275.63,0,60.13,cash:275.63
KOS-2026-005452,2026-06-18,12:18,normal_sale,active,Walk-in,Kurkure Masala Munch 70g,1,piece,20,20,3.5,12,0,275.63,275.63,0,60.13,cash:275.63
KOS-2026-005451,2026-06-18,12:04,normal_sale,active,Walk-in,Rajma (loose),0.25,kg,138,34.5,7.5,0,0,849.48,849.48,0,155.23,upi:849.48
KOS-2026-005451,2026-06-18,12:04,normal_sale,active,Walk-in,Lux Soap 100g,2,piece,39.81,79.62,19.62,18,0,849.48,849.48,0,155.23,upi:849.48
KOS-2026-005451,2026-06-18,12:04,normal_sale,active,Walk-in,Thums Up 750ml,1,piece,41.66,41.66,9.66,28,0,849.48,849.48,0,155.23,upi:849.48
KOS-2026-005451,2026-06-18,12:04,normal_sale,active,Walk-in,Britannia Good Day 100g,2,piece,30.8,61.6,11.6,18,0,849.48,849.48,0,155.23,upi:849.48
KOS-2026-005451,2026-06-18,12:04,normal_sale,active,Walk-in,Besan (loose),0.5,kg,101.44,50.72,11.72,5,0,849.48,849.48,0,155.23,upi:849.48
KOS-2026-005451,2026-06-18,12:04,normal_sale,active,Walk-in,Sugar (loose),0.25,kg,49.89,12.47,2.22,5,0,849.48,849.48,0,155.23,upi:849.48
KOS-2026-005451,2026-06-18,12:04,normal_sale,active,Walk-in,Whisper Ultra 15 pads,3,piece,175,525,81,12,0,849.48,849.48,0,155.23,upi:849.48
KOS-2026-005451,2026-06-18,12:04,normal_sale,active,Walk-in,Wheat Atta (loose),1,kg,43.91,43.91,11.91,0,0,849.48,849.48,0,155.23,upi:849.48
KOS-2026-005450,2026-06-18,12:01,normal_sale,active,Walk-in,Classmate Notebook 172pg,1,piece,60.62,60.62,18.62,12,0,501.93,501.93,0,95.33,upi:501.93
KOS-2026-005450,2026-06-18,12:01,normal_sale,active,Walk-in,Close Up Red 150g,2,piece,94.36,188.72,32.72,18,0,501.93,501.93,0,95.33,upi:501.93
KOS-2026-005450,2026-06-18,12:01,normal_sale,active,Walk-in,Match Box,1,piece,2.12,2.12,1.02,18,0,501.93,501.93,0,95.33,upi:501.93
KOS-2026-005450,2026-06-18,12:01,normal_sale,active,Walk-in,Vim Liquid 500ml,2,piece,118,236,40,18,0,501.93,501.93,0,95.33,upi:501.93
KOS-2026-005450,2026-06-18,12:01,normal_sale,active,Walk-in,Maggi Noodles 70g,1,piece,14.47,14.47,2.97,12,0,501.93,501.93,0,95.33,upi:501.93
KOS-2026-005449,2026-06-18,11:24,normal_sale,active,Walk-in,Frooti 200ml,1,piece,10,10,1.5,12,0,174.57,174.57,0,38.07,upi:174.57
KOS-2026-005449,2026-06-18,11:24,normal_sale,active,Walk-in,Basmati Rice Premium (loose),0.25,kg,133.1,33.28,10.28,0,0,174.57,174.57,0,38.07,upi:174.57
KOS-2026-005449,2026-06-18,11:24,normal_sale,active,Walk-in,Real Mixed Fruit Juice 1L,1,piece,131.29,131.29,26.29,12,0,174.57,174.57,0,38.07,upi:174.57
KOS-2026-005448,2026-06-18,11:14,normal_sale,active,Walk-in,Mustard Oil (loose),0.25,l,175.42,43.86,11.86,5,0,436.07,436.07,0,94.22,cash:436.07
KOS-2026-005448,2026-06-18,11:14,normal_sale,active,Walk-in,Coca-Cola 750ml,1,piece,40,40,8,28,0,436.07,436.07,0,94.22,cash:436.07
KOS-2026-005448,2026-06-18,11:14,normal_sale,active,Walk-in,Center Fresh Gum (jar pc),1,piece,1.07,1.07,0.22,18,0,436.07,436.07,0,94.22,cash:436.07
KOS-2026-005448,2026-06-18,11:14,normal_sale,active,Walk-in,Amul Masti Dahi 400g,2,piece,40,80,16,5,0,436.07,436.07,0,94.22,cash:436.07
KOS-2026-005448,2026-06-18,11:14,normal_sale,active,Walk-in,LED Bulb 9W,1,piece,99,99,21,12,0,436.07,436.07,0,94.22,cash:436.07
KOS-2026-005448,2026-06-18,11:14,normal_sale,active,Walk-in,Haldiram Bhujia 200g,3,piece,57.38,172.14,37.14,12,0,436.07,436.07,0,94.22,cash:436.07
KOS-2026-005447,2026-06-18,10:26,normal_sale,active,Rekha Khan,Kurkure Masala Munch 70g,1,piece,20,20,3.5,12,0,402.52,0,402.52,81.02,
KOS-2026-005447,2026-06-18,10:26,normal_sale,active,Rekha Khan,Thums Up 750ml,1,piece,41.66,41.66,9.66,28,0,402.52,0,402.52,81.02,
KOS-2026-005447,2026-06-18,10:26,normal_sale,active,Rekha Khan,Match Box,2,piece,2.12,4.24,2.04,18,0,402.52,0,402.52,81.02,
KOS-2026-005447,2026-06-18,10:26,normal_sale,active,Rekha Khan,Classmate Notebook 172pg,1,piece,60.62,60.62,18.62,12,0,402.52,0,402.52,81.02,
KOS-2026-005447,2026-06-18,10:26,normal_sale,active,Rekha Khan,Amul Masti Dahi 400g,2,piece,40,80,16,5,0,402.52,0,402.52,81.02,
KOS-2026-005447,2026-06-18,10:26,normal_sale,active,Rekha Khan,Whisper Ultra 15 pads,1,piece,175,175,27,12,0,402.52,0,402.52,81.02,
KOS-2026-005447,2026-06-18,10:26,normal_sale,active,Rekha Khan,Parle-G Biscuit 100g,1,piece,11,11,2.7,18,0,402.52,0,402.52,81.02,
KOS-2026-005447,2026-06-18,10:26,normal_sale,active,Rekha Khan,Frooti 200ml,1,piece,10,10,1.5,12,0,402.52,0,402.52,81.02,
KOS-2026-005446,2026-06-18,10:15,normal_sale,active,Walk-in,Bisleri Water 1L,3,piece,20,60,21,18,40.9,47.1,47.1,0,-16.9,cash:47.1
KOS-2026-005446,2026-06-18,10:15,normal_sale,active,Walk-in,Amul Taaza Milk 500ml,1,piece,28,28,3,0,40.9,47.1,47.1,0,-16.9,cash:47.1
KOS-2026-005445,2026-06-18,09:02,normal_sale,active,Walk-in,Horlicks 500g,1,piece,312.9,312.9,67.9,18,0,730.07,730,0,162.1,cash:730
KOS-2026-005445,2026-06-18,09:02,normal_sale,active,Walk-in,5 Star 25g,1,piece,10.53,10.53,2.03,18,0,730.07,730,0,162.1,cash:730
KOS-2026-005445,2026-06-18,09:02,normal_sale,active,Walk-in,Lemon,2,piece,5,10,3.6,0,0,730.07,730,0,162.1,cash:730
KOS-2026-005445,2026-06-18,09:02,normal_sale,active,Walk-in,Rava / Sooji (loose),2,kg,50.32,100.64,28.64,5,0,730.07,730,0,162.1,cash:730
KOS-2026-005445,2026-06-18,09:02,normal_sale,active,Walk-in,Toor Dal (loose),2,kg,148,296,60,0,0,730.07,730,0,162.1,cash:730
KOS-2026-005444,2026-06-18,09:01,normal_sale,active,Amit Singh,Lemon,1,piece,5,5,1.8,0,0,5,5,0,1.8,upi:5
KOS-2026-005443,2026-06-18,08:49,normal_sale,active,Manisha Deshmukh,5 Star 25g,7,piece,10.53,73.71,14.21,18,0,1077.88,1077.88,0,250.38,upi:1077.88
KOS-2026-005443,2026-06-18,08:49,normal_sale,active,Manisha Deshmukh,Amul Taaza Milk 500ml,1,piece,28,28,3,0,0,1077.88,1077.88,0,250.38,upi:1077.88
KOS-2026-005443,2026-06-18,08:49,normal_sale,active,Manisha Deshmukh,Maggi Noodles 70g,2,piece,14.47,28.94,5.94,12,0,1077.88,1077.88,0,250.38,upi:1077.88
KOS-2026-005443,2026-06-18,08:49,normal_sale,active,Manisha Deshmukh,Sprite 750ml,1,piece,42.51,42.51,10.51,28,0,1077.88,1077.88,0,250.38,upi:1077.88
KOS-2026-005443,2026-06-18,08:49,normal_sale,active,Manisha Deshmukh,Thums Up 750ml,1,piece,41.66,41.66,9.66,28,0,1077.88,1077.88,0,250.38,upi:1077.88
KOS-2026-005443,2026-06-18,08:49,normal_sale,active,Manisha Deshmukh,Groundnut / Peanut (loose),5,kg,114.59,572.95,132.95,5,0,1077.88,1077.88,0,250.38,upi:1077.88
KOS-2026-005443,2026-06-18,08:49,normal_sale,active,Manisha Deshmukh,Camphor 50g,3,piece,58.45,175.35,49.35,12,0,1077.88,1077.88,0,250.38,upi:1077.88
KOS-2026-005443,2026-06-18,08:49,normal_sale,active,Manisha Deshmukh,Haldiram Bhujia 200g,2,piece,57.38,114.76,24.76,12,0,1077.88,1077.88,0,250.38,upi:1077.88
KOS-2026-005442,2026-06-18,08:40,normal_sale,active,Walk-in,Potato,2,kg,27.6,55.2,19.2,0,0,361.68,361.68,0,73.28,upi:361.68
KOS-2026-005442,2026-06-18,08:40,normal_sale,active,Walk-in,Lemon,1,piece,5,5,1.8,0,0,361.68,361.68,0,73.28,upi:361.68
KOS-2026-005442,2026-06-18,08:40,normal_sale,active,Walk-in,Farm Eggs,1,piece,8.58,8.58,2.38,0,0,361.68,361.68,0,73.28,upi:361.68
KOS-2026-005442,2026-06-18,08:40,normal_sale,active,Walk-in,Lizol Floor Cleaner 500ml,1,piece,125,125,20,18,0,361.68,361.68,0,73.28,upi:361.68
KOS-2026-005442,2026-06-18,08:40,normal_sale,active,Walk-in,Fortune Sunflower Oil 1L,1,piece,167.9,167.9,29.9,5,0,361.68,361.68,0,73.28,upi:361.68
KOS-2026-005441,2026-06-18,08:06,normal_sale,active,Walk-in,Lemon,2,piece,5,10,3.6,0,0,10,10,0,3.6,upi:10
KOS-2026-005440,2026-06-18,08:06,normal_sale,active,Walk-in,Thums Up 750ml,1,piece,41.66,41.66,9.66,28,0,593.73,593.73,0,92.73,cash:593.73
KOS-2026-005440,2026-06-18,08:06,normal_sale,active,Walk-in,Tata Tea Gold 500g,1,piece,305,305,40,5,0,593.73,593.73,0,92.73,cash:593.73
KOS-2026-005440,2026-06-18,08:06,normal_sale,active,Walk-in,Good Knight Refill 45ml,1,piece,92.07,92.07,20.07,18,0,593.73,593.73,0,92.73,cash:593.73
KOS-2026-005440,2026-06-18,08:06,normal_sale,active,Walk-in,Ariel Detergent 1kg,1,piece,155,155,23,18,0,593.73,593.73,0,92.73,cash:593.73
KOS-2026-005439,2026-06-17,21:44,normal_sale,active,Walk-in,Besan (loose),0.25,kg,101.44,25.36,5.86,5,0,25.36,25.36,0,5.86,upi:25.36
KOS-2026-005438,2026-06-17,21:41,normal_sale,active,Walk-in,Amul Gold Milk 500ml,3,piece,37.73,113.19,23.19,0,0,163.99,163.99,0,35.99,cash:163.99
KOS-2026-005438,2026-06-17,21:41,normal_sale,active,Walk-in,Britannia Good Day 100g,1,piece,30.8,30.8,5.8,18,0,163.99,163.99,0,35.99,cash:163.99
KOS-2026-005438,2026-06-17,21:41,normal_sale,active,Walk-in,Bisleri Water 1L,1,piece,20,20,7,18,0,163.99,163.99,0,35.99,cash:163.99
KOS-2026-005437,2026-06-17,20:54,normal_sale,active,Mahesh Sharma,Britannia Good Day 100g,1,piece,30.8,30.8,5.8,18,0,52.1,52,0,11,cash:52
KOS-2026-005437,2026-06-17,20:54,normal_sale,active,Mahesh Sharma,Vim Dishwash Bar 200g,1,piece,21.3,21.3,5.3,18,0,52.1,52,0,11,cash:52
KOS-2026-005436,2026-06-17,20:29,normal_sale,active,Walk-in,Lifebuoy Soap 125g,1,piece,35,35,7,18,0,472.9,472,0,79,cash:472
KOS-2026-005436,2026-06-17,20:29,normal_sale,active,Walk-in,Frooti 200ml,2,piece,10,20,3,12,0,472.9,472,0,79,cash:472
KOS-2026-005436,2026-06-17,20:29,normal_sale,active,Walk-in,Fortune Sunflower Oil 1L,1,piece,167.9,167.9,29.9,5,0,472.9,472,0,79,cash:472
KOS-2026-005436,2026-06-17,20:29,normal_sale,active,Walk-in,Lizol Floor Cleaner 500ml,2,piece,125,250,40,18,0,472.9,472,0,79,cash:472
KOS-2026-005435,2026-06-17,20:16,normal_sale,active,Walk-in,Lemon,3,piece,5,15,5.4,0,0,15,15,0,5.4,upi:15
KOS-2026-005434,2026-06-17,19:58,normal_sale,active,Walk-in,Poha (loose),1,kg,56,56,14,5,0,109.33,109.33,0,29.48,upi:109.33
KOS-2026-005434,2026-06-17,19:58,normal_sale,active,Walk-in,Center Fresh Gum (jar pc),1,piece,1.07,1.07,0.22,18,0,109.33,109.33,0,29.48,upi:109.33
KOS-2026-005434,2026-06-17,19:58,normal_sale,active,Walk-in,Moong Dal (loose),0.25,kg,129.02,32.26,8.26,0,0,109.33,109.33,0,29.48,upi:109.33
KOS-2026-005434,2026-06-17,19:58,normal_sale,active,Walk-in,Bisleri Water 1L,1,piece,20,20,7,18,0,109.33,109.33,0,29.48,upi:109.33
KOS-2026-005433,2026-06-17,19:45,normal_sale,active,Walk-in,Lux Soap 100g,2,piece,39.81,79.62,19.62,18,0,302.04,302.04,0,61.14,upi:302.04
KOS-2026-005433,2026-06-17,19:45,normal_sale,active,Walk-in,Parle-G Biscuit 100g,3,piece,11,33,8.1,18,0,302.04,302.04,0,61.14,upi:302.04
KOS-2026-005433,2026-06-17,19:45,normal_sale,active,Walk-in,MDH Garam Masala 100g,2,piece,94.71,189.42,33.42,5,0,302.04,302.04,0,61.14,upi:302.04
KOS-2026-005432,2026-06-17,19:23,normal_sale,active,Walk-in,Chana Dal (loose),0.25,kg,92,23,4.5,0,13,10,10,0,-8.5,upi:10
KOS-2026-005431,2026-06-17,19:01,normal_sale,active,Nasreen Singh,Aashirvaad Atta 5kg,1,piece,285,285,40,5,0,285,285,0,40,upi:285
KOS-2026-005430,2026-06-17,17:33,normal_sale,active,Walk-in,Dairy Milk 50g,1,piece,43.88,43.88,9.88,18,0,69.62,69.62,0,17.02,cash:69.62
KOS-2026-005430,2026-06-17,17:33,normal_sale,active,Walk-in,Farm Eggs,3,piece,8.58,25.74,7.14,0,0,69.62,69.62,0,17.02,cash:69.62
KOS-2026-005429,2026-06-17,17:26,normal_sale,active,Walk-in,Potato,1,kg,27.6,27.6,9.6,0,0,586.28,586.28,0,129.93,upi:586.28
KOS-2026-005429,2026-06-17,17:26,normal_sale,active,Walk-in,Vim Dishwash Bar 200g,3,piece,21.3,63.9,15.9,18,0,586.28,586.28,0,129.93,upi:586.28
KOS-2026-005429,2026-06-17,17:26,normal_sale,active,Walk-in,Thums Up 750ml,1,piece,41.66,41.66,9.66,28,0,586.28,586.28,0,129.93,upi:586.28
KOS-2026-005429,2026-06-17,17:26,normal_sale,active,Walk-in,Center Fresh Gum (jar pc),1,piece,1.07,1.07,0.22,18,0,586.28,586.28,0,129.93,upi:586.28
KOS-2026-005429,2026-06-17,17:26,normal_sale,active,Walk-in,5 Star 25g,1,piece,10.53,10.53,2.03,18,0,586.28,586.28,0,129.93,upi:586.28
KOS-2026-005429,2026-06-17,17:26,normal_sale,active,Walk-in,Harpic Toilet Cleaner 500ml,3,piece,112.02,336.06,72.06,18,0,586.28,586.28,0,129.93,upi:586.28
KOS-2026-005429,2026-06-17,17:26,normal_sale,active,Walk-in,Frooti 200ml,1,piece,10,10,1.5,12,0,586.28,586.28,0,129.93,upi:586.28
KOS-2026-005429,2026-06-17,17:26,normal_sale,active,Walk-in,Kurkure Masala Munch 70g,1,piece,20,20,3.5,12,0,586.28,586.28,0,129.93,upi:586.28
KOS-2026-005429,2026-06-17,17:26,normal_sale,active,Walk-in,Amul Gold Milk 500ml,2,piece,37.73,75.46,15.46,0,0,586.28,586.28,0,129.93,upi:586.28
KOS-2026-005428,2026-06-17,17:18,normal_sale,active,Sunita Kadam,Britannia Marie Gold 250g,2,piece,40.88,81.76,15.76,18,0,715.41,292,423.41,151.41,upi:292
KOS-2026-005428,2026-06-17,17:18,normal_sale,active,Sunita Kadam,Chana Dal (loose),0.5,kg,92,46,9,0,0,715.41,292,423.41,151.41,upi:292
KOS-2026-005428,2026-06-17,17:18,normal_sale,active,Sunita Kadam,Toor Dal (loose),0.25,kg,148,37,7.5,0,0,715.41,292,423.41,151.41,upi:292
KOS-2026-005428,2026-06-17,17:18,normal_sale,active,Sunita Kadam,Fortune Sunflower Oil 1L,1,piece,167.9,167.9,29.9,5,0,715.41,292,423.41,151.41,upi:292
KOS-2026-005428,2026-06-17,17:18,normal_sale,active,Sunita Kadam,Amul Masti Dahi 400g,3,piece,40,120,24,5,0,715.41,292,423.41,151.41,upi:292
KOS-2026-005428,2026-06-17,17:18,normal_sale,active,Sunita Kadam,Ginger,0.25,kg,115.42,28.86,9.36,0,0,715.41,292,423.41,151.41,upi:292
KOS-2026-005428,2026-06-17,17:18,normal_sale,active,Sunita Kadam,Haldiram Bhujia 200g,2,piece,57.38,114.76,24.76,12,0,715.41,292,423.41,151.41,upi:292
KOS-2026-005428,2026-06-17,17:18,normal_sale,active,Sunita Kadam,Kissan Tomato Ketchup 500g,1,piece,119.13,119.13,31.13,12,0,715.41,292,423.41,151.41,upi:292
KOS-2026-005427,2026-06-17,14:17,normal_sale,active,Madhuri Sharma,Lemon,1,piece,5,5,1.8,0,0,1242.61,1242.61,0,248.91,bank:1242.61
KOS-2026-005427,2026-06-17,14:17,normal_sale,active,Madhuri Sharma,Bingo Mad Angles 66g,1,piece,20.81,20.81,4.31,12,0,1242.61,1242.61,0,248.91,bank:1242.61
KOS-2026-005427,2026-06-17,14:17,normal_sale,active,Madhuri Sharma,Amul Butter 100g,2,piece,67.48,134.96,26.96,12,0,1242.61,1242.61,0,248.91,bank:1242.61
KOS-2026-005427,2026-06-17,14:17,normal_sale,active,Madhuri Sharma,Toor Dal (loose),2,kg,148,296,60,0,0,1242.61,1242.61,0,248.91,bank:1242.61
KOS-2026-005427,2026-06-17,14:17,normal_sale,active,Madhuri Sharma,Nirma Washing Powder 1kg,3,piece,75.9,227.7,53.7,18,0,1242.61,1242.61,0,248.91,bank:1242.61
KOS-2026-005427,2026-06-17,14:17,normal_sale,active,Madhuri Sharma,Amul Cheese Slices 200g,2,piece,146.21,292.42,48.42,12,0,1242.61,1242.61,0,248.91,bank:1242.61
KOS-2026-005427,2026-06-17,14:17,normal_sale,active,Madhuri Sharma,Bisleri Water 1L,1,piece,20,20,7,18,0,1242.61,1242.61,0,248.91,bank:1242.61
KOS-2026-005427,2026-06-17,14:17,normal_sale,active,Madhuri Sharma,Good Knight Refill 45ml,1,piece,92.07,92.07,20.07,18,0,1242.61,1242.61,0,248.91,bank:1242.61
KOS-2026-005427,2026-06-17,14:17,normal_sale,active,Madhuri Sharma,Groundnut / Peanut (loose),0.25,kg,114.59,28.65,6.65,5,0,1242.61,1242.61,0,248.91,bank:1242.61
KOS-2026-005427,2026-06-17,14:17,normal_sale,active,Madhuri Sharma,Lizol Floor Cleaner 500ml,1,piece,125,125,20,18,0,1242.61,1242.61,0,248.91,bank:1242.61
KOS-2026-005426,2026-06-17,12:58,normal_sale,active,Walk-in,Everest Turmeric 200g,2,piece,76,152,28,5,0,420.46,420.46,0,85.46,upi:420.46
KOS-2026-005426,2026-06-17,12:58,normal_sale,active,Walk-in,Agarbatti Pack (20 sticks),1,piece,30,30,6,12,0,420.46,420.46,0,85.46,upi:420.46
KOS-2026-005426,2026-06-17,12:58,normal_sale,active,Walk-in,Dhara Mustard Oil 1L,1,piece,191.57,191.57,39.57,5,0,420.46,420.46,0,85.46,upi:420.46
KOS-2026-005426,2026-06-17,12:58,normal_sale,active,Walk-in,Maggi Noodles 70g,2,piece,14.47,28.94,5.94,12,0,420.46,420.46,0,85.46,upi:420.46
KOS-2026-005426,2026-06-17,12:58,normal_sale,active,Walk-in,Onion,0.5,kg,35.9,17.95,5.95,0,0,420.46,420.46,0,85.46,upi:420.46
KOS-2026-005425,2026-06-17,12:25,normal_sale,active,Walk-in,Sona Masoori Rice (loose),2,kg,63.6,127.2,35.2,0,0,660.63,660.63,0,122.68,cash:660.63
KOS-2026-005425,2026-06-17,12:25,normal_sale,active,Walk-in,Bisleri Water 1L,1,piece,20,20,7,18,0,660.63,660.63,0,122.68,cash:660.63
KOS-2026-005425,2026-06-17,12:25,normal_sale,active,Walk-in,Ariel Detergent 1kg,3,piece,155,465,69,18,0,660.63,660.63,0,122.68,cash:660.63
KOS-2026-005425,2026-06-17,12:25,normal_sale,active,Walk-in,Parle-G Biscuit 100g,2,piece,11,22,5.4,18,0,660.63,660.63,0,122.68,cash:660.63
KOS-2026-005425,2026-06-17,12:25,normal_sale,active,Walk-in,Center Fresh Gum (jar pc),1,piece,1.07,1.07,0.22,18,0,660.63,660.63,0,122.68,cash:660.63
KOS-2026-005425,2026-06-17,12:25,normal_sale,active,Walk-in,Besan (loose),0.25,kg,101.44,25.36,5.86,5,0,660.63,660.63,0,122.68,cash:660.63
KOS-2026-005424,2026-06-17,12:09,normal_sale,active,Mahesh Sharma,Amul Masti Dahi 400g,1,piece,40,40,8,5,44.44,553.45,0,553.45,69.95,
KOS-2026-005424,2026-06-17,12:09,normal_sale,active,Mahesh Sharma,Sugar (loose),5,kg,49.89,249.45,44.45,5,44.44,553.45,0,553.45,69.95,
KOS-2026-005424,2026-06-17,12:09,normal_sale,active,Mahesh Sharma,Colgate Strong Teeth 200g,1,piece,114.06,114.06,22.06,18,44.44,553.45,0,553.45,69.95,
KOS-2026-005424,2026-06-17,12:09,normal_sale,active,Mahesh Sharma,Potato,0.25,kg,27.6,6.9,2.4,0,44.44,553.45,0,553.45,69.95,
KOS-2026-005424,2026-06-17,12:09,normal_sale,active,Mahesh Sharma,Amul Butter 100g,1,piece,67.48,67.48,13.48,12,44.44,553.45,0,553.45,69.95,
KOS-2026-005424,2026-06-17,12:09,normal_sale,active,Mahesh Sharma,Catch Red Chilli Powder 100g,2,piece,60,120,24,5,44.44,553.45,0,553.45,69.95,
KOS-2026-005423,2026-06-17,12:08,normal_sale,active,Walk-in,Bingo Mad Angles 66g,2,piece,20.81,41.62,8.62,12,0,611.92,611.92,0,111.42,cash:611.92
KOS-2026-005423,2026-06-17,12:08,normal_sale,active,Walk-in,Maggi Noodles 8-pack,2,piece,108,216,32,12,0,611.92,611.92,0,111.42,cash:611.92
KOS-2026-005423,2026-06-17,12:08,normal_sale,active,Walk-in,Sona Masoori Rice (loose),0.25,kg,63.6,15.9,4.4,0,0,611.92,611.92,0,111.42,cash:611.92
KOS-2026-005423,2026-06-17,12:08,normal_sale,active,Walk-in,Britannia Good Day 100g,2,piece,30.8,61.6,11.6,18,0,611.92,611.92,0,111.42,cash:611.92
KOS-2026-005423,2026-06-17,12:08,normal_sale,active,Walk-in,MDH Garam Masala 100g,2,piece,94.71,189.42,33.42,5,0,611.92,611.92,0,111.42,cash:611.92
KOS-2026-005423,2026-06-17,12:08,normal_sale,active,Walk-in,Reynolds Pen,3,piece,10,30,9,12,0,611.92,611.92,0,111.42,cash:611.92
KOS-2026-005423,2026-06-17,12:08,normal_sale,active,Walk-in,Haldiram Bhujia 200g,1,piece,57.38,57.38,12.38,12,0,611.92,611.92,0,111.42,cash:611.92
KOS-2026-005422,2026-06-17,11:57,normal_sale,active,Walk-in,Wheat Atta (loose),1,kg,43.91,43.91,11.91,0,0,43.91,43.91,0,11.91,upi:43.91
KOS-2026-005421,2026-06-17,09:48,normal_sale,active,Annapurna Mess & Canteen,Garlic,0.5,kg,153.4,76.7,20.7,0,0,230.94,230.94,0,68.44,cash:156|upi:74.94
KOS-2026-005421,2026-06-17,09:48,normal_sale,active,Annapurna Mess & Canteen,Lays Classic Salted 52g,1,piece,21.82,21.82,5.32,12,0,230.94,230.94,0,68.44,cash:156|upi:74.94
KOS-2026-005421,2026-06-17,09:48,normal_sale,active,Annapurna Mess & Canteen,Classmate Notebook 172pg,1,piece,60.62,60.62,18.62,12,0,230.94,230.94,0,68.44,cash:156|upi:74.94
KOS-2026-005421,2026-06-17,09:48,normal_sale,active,Annapurna Mess & Canteen,Onion,2,kg,35.9,71.8,23.8,0,0,230.94,230.94,0,68.44,cash:156|upi:74.94
KOS-2026-005420,2026-06-17,09:47,normal_sale,active,Sunita Kulkarni,Onion,1,kg,35.9,35.9,11.9,0,0,203.8,203,0,41,cash:203
KOS-2026-005420,2026-06-17,09:47,normal_sale,active,Sunita Kulkarni,Fortune Sunflower Oil 1L,1,piece,167.9,167.9,29.9,5,0,203.8,203,0,41,cash:203
KOS-2026-005419,2026-06-17,09:12,normal_sale,active,Rakesh Shaikh,Lizol Floor Cleaner 500ml,2,piece,125,250,40,18,0,465.13,0,465.13,87.63,
KOS-2026-005419,2026-06-17,09:12,normal_sale,active,Rakesh Shaikh,Onion,0.5,kg,35.9,17.95,5.95,0,0,465.13,0,465.13,87.63,
KOS-2026-005419,2026-06-17,09:12,normal_sale,active,Rakesh Shaikh,Haldiram Bhujia 200g,1,piece,57.38,57.38,12.38,12,0,465.13,0,465.13,87.63,
KOS-2026-005419,2026-06-17,09:12,normal_sale,active,Rakesh Shaikh,Amul Gold Milk 500ml,1,piece,37.73,37.73,7.73,0,0,465.13,0,465.13,87.63,
KOS-2026-005419,2026-06-17,09:12,normal_sale,active,Rakesh Shaikh,Good Knight Refill 45ml,1,piece,92.07,92.07,20.07,18,0,465.13,0,465.13,87.63,
KOS-2026-005419,2026-06-17,09:12,normal_sale,active,Rakesh Shaikh,Frooti 200ml,1,piece,10,10,1.5,12,0,465.13,0,465.13,87.63,
KOS-2026-005418,2026-06-17,09:06,normal_sale,active,Walk-in,Match Box,2,piece,2.12,4.24,2.04,18,0,158.55,158.55,0,28.15,cash:103|upi:55.55
KOS-2026-005418,2026-06-17,09:06,normal_sale,active,Walk-in,Farm Eggs,1,piece,8.58,8.58,2.38,0,0,158.55,158.55,0,28.15,cash:103|upi:55.55
KOS-2026-005418,2026-06-17,09:06,normal_sale,active,Walk-in,Maggi Noodles 8-pack,1,piece,108,108,16,12,0,158.55,158.55,0,28.15,cash:103|upi:55.55
KOS-2026-005418,2026-06-17,09:06,normal_sale,active,Walk-in,Amul Gold Milk 500ml,1,piece,37.73,37.73,7.73,0,0,158.55,158.55,0,28.15,cash:103|upi:55.55
KOS-2026-005417,2026-06-17,09:00,normal_sale,active,Walk-in,Lifebuoy Soap 125g,1,piece,35,35,7,18,0,58.98,58,0,14.4,cash:58
KOS-2026-005417,2026-06-17,09:00,normal_sale,active,Walk-in,Lemon,3,piece,5,15,5.4,0,0,58.98,58,0,14.4,cash:58
KOS-2026-005417,2026-06-17,09:00,normal_sale,active,Walk-in,Onion,0.25,kg,35.9,8.98,2.98,0,0,58.98,58,0,14.4,cash:58
KOS-2026-005416,2026-06-17,08:30,normal_sale,active,Nilesh Dsouza,Sugar (loose),0.5,kg,49.89,24.95,4.45,5,0,943.42,943.42,0,142.42,upi:943.42
KOS-2026-005416,2026-06-17,08:30,normal_sale,active,Nilesh Dsouza,Coca-Cola 750ml,1,piece,40,40,8,28,0,943.42,943.42,0,142.42,upi:943.42
KOS-2026-005416,2026-06-17,08:30,normal_sale,active,Nilesh Dsouza,Everest Turmeric 200g,1,piece,76,76,14,5,0,943.42,943.42,0,142.42,upi:943.42
KOS-2026-005416,2026-06-17,08:30,normal_sale,active,Nilesh Dsouza,Mother Dairy Paneer 200g,1,piece,105,105,17,5,0,943.42,943.42,0,142.42,upi:943.42
KOS-2026-005416,2026-06-17,08:30,normal_sale,active,Nilesh Dsouza,Britannia Brown Bread,1,piece,50,50,8,0,0,943.42,943.42,0,142.42,upi:943.42
KOS-2026-005416,2026-06-17,08:30,normal_sale,active,Nilesh Dsouza,Aashirvaad Atta 5kg,2,piece,285,570,80,5,0,943.42,943.42,0,142.42,upi:943.42
KOS-2026-005416,2026-06-17,08:30,normal_sale,active,Nilesh Dsouza,Amul Taaza Milk 500ml,1,piece,28,28,3,0,0,943.42,943.42,0,142.42,upi:943.42
KOS-2026-005416,2026-06-17,08:30,normal_sale,active,Nilesh Dsouza,Maggi Noodles 70g,1,piece,14.47,14.47,2.97,12,0,943.42,943.42,0,142.42,upi:943.42
KOS-2026-005416,2026-06-17,08:30,normal_sale,active,Nilesh Dsouza,Oreo Biscuit 120g,1,piece,35,35,5,18,0,943.42,943.42,0,142.42,upi:943.42
KOS-2026-005415,2026-06-17,08:26,normal_sale,active,Sunita Kulkarni,Sugar (loose),1,kg,49.89,49.89,8.89,5,0,70.89,70,0,12.2,cash:70
KOS-2026-005415,2026-06-17,08:26,normal_sale,active,Sunita Kulkarni,Parle-G Biscuit 100g,1,piece,11,11,2.7,18,0,70.89,70,0,12.2,cash:70
KOS-2026-005415,2026-06-17,08:26,normal_sale,active,Sunita Kulkarni,Frooti 200ml,1,piece,10,10,1.5,12,0,70.89,70,0,12.2,cash:70
KOS-2026-005414,2026-06-17,08:08,normal_sale,active,Sanjay Gupta,Oreo Biscuit 120g,2,piece,35,70,10,18,0,444.91,444.91,0,71.41,upi:444.91
KOS-2026-005414,2026-06-17,08:08,normal_sale,active,Sanjay Gupta,Kurkure Masala Munch 70g,1,piece,20,20,3.5,12,0,444.91,444.91,0,71.41,upi:444.91
KOS-2026-005414,2026-06-17,08:08,normal_sale,active,Sanjay Gupta,Britannia Brown Bread,1,piece,50,50,8,0,0,444.91,444.91,0,71.41,upi:444.91
KOS-2026-005414,2026-06-17,08:08,normal_sale,active,Sanjay Gupta,Saffola Gold Oil 1L,1,piece,190,190,25,5,0,444.91,444.91,0,71.41,upi:444.91
KOS-2026-005414,2026-06-17,08:08,normal_sale,active,Sanjay Gupta,Odonil Air Freshener 50g,1,piece,78,78,16,18,0,444.91,444.91,0,71.41,upi:444.91
KOS-2026-005414,2026-06-17,08:08,normal_sale,active,Sanjay Gupta,Gillette Guard Razor,1,piece,36.91,36.91,8.91,18,0,444.91,444.91,0,71.41,upi:444.91
KOS-2026-005413,2026-06-16,21:44,normal_sale,active,Walk-in,Kissan Tomato Ketchup 500g,1,piece,119.13,119.13,31.13,12,6.54,722.79,722,0,151.2,cash:722
KOS-2026-005413,2026-06-16,21:44,normal_sale,active,Walk-in,5 Star 25g,1,piece,10.53,10.53,2.03,18,6.54,722.79,722,0,151.2,cash:722
KOS-2026-005413,2026-06-16,21:44,normal_sale,active,Walk-in,Britannia Good Day 100g,1,piece,30.8,30.8,5.8,18,6.54,722.79,722,0,151.2,cash:722
KOS-2026-005413,2026-06-16,21:44,normal_sale,active,Walk-in,Coca-Cola 750ml,2,piece,40,80,16,28,6.54,722.79,722,0,151.2,cash:722
KOS-2026-005413,2026-06-16,21:44,normal_sale,active,Walk-in,Frooti 200ml,1,piece,10,10,1.5,12,6.54,722.79,722,0,151.2,cash:722
KOS-2026-005413,2026-06-16,21:44,normal_sale,active,Walk-in,Agarbatti Pack (20 sticks),3,piece,30,90,18,12,6.54,722.79,722,0,151.2,cash:722
KOS-2026-005413,2026-06-16,21:44,normal_sale,active,Walk-in,Chana Dal (loose),0.25,kg,92,23,4.5,0,6.54,722.79,722,0,151.2,cash:722
KOS-2026-005413,2026-06-16,21:44,normal_sale,active,Walk-in,Sprite 750ml,1,piece,42.51,42.51,10.51,28,6.54,722.79,722,0,151.2,cash:722
KOS-2026-005413,2026-06-16,21:44,normal_sale,active,Walk-in,Parachute Coconut Oil 200ml,3,piece,104.12,312.36,66.36,18,6.54,722.79,722,0,151.2,cash:722
KOS-2026-005413,2026-06-16,21:44,normal_sale,active,Walk-in,Parle-G Biscuit 100g,1,piece,11,11,2.7,18,6.54,722.79,722,0,151.2,cash:722
KOS-2026-005412,2026-06-16,20:08,normal_sale,active,Walk-in,Yippee Noodles 70g,1,piece,14.96,14.96,3.96,12,0,629.19,629,0,116.7,cash:629
KOS-2026-005412,2026-06-16,20:08,normal_sale,active,Walk-in,Colgate Strong Teeth 200g,1,piece,114.06,114.06,22.06,18,0,629.19,629,0,116.7,cash:629
KOS-2026-005412,2026-06-16,20:08,normal_sale,active,Walk-in,Catch Red Chilli Powder 100g,1,piece,60,60,12,5,0,629.19,629,0,116.7,cash:629
KOS-2026-005412,2026-06-16,20:08,normal_sale,active,Walk-in,Lizol Floor Cleaner 500ml,1,piece,125,125,20,18,0,629.19,629,0,116.7,cash:629
KOS-2026-005412,2026-06-16,20:08,normal_sale,active,Walk-in,Mother Dairy Paneer 200g,1,piece,105,105,17,5,0,629.19,629,0,116.7,cash:629
KOS-2026-005412,2026-06-16,20:08,normal_sale,active,Walk-in,Good Knight Refill 45ml,1,piece,92.07,92.07,20.07,18,0,629.19,629,0,116.7,cash:629
KOS-2026-005412,2026-06-16,20:08,normal_sale,active,Walk-in,Frooti 200ml,2,piece,10,20,3,12,0,629.19,629,0,116.7,cash:629
KOS-2026-005412,2026-06-16,20:08,normal_sale,active,Walk-in,Oreo Biscuit 120g,1,piece,35,35,5,18,0,629.19,629,0,116.7,cash:629
KOS-2026-005412,2026-06-16,20:08,normal_sale,active,Walk-in,Britannia Good Day 100g,1,piece,30.8,30.8,5.8,18,0,629.19,629,0,116.7,cash:629
KOS-2026-005412,2026-06-16,20:08,normal_sale,active,Walk-in,Parle-G Biscuit 100g,1,piece,11,11,2.7,18,0,629.19,629,0,116.7,cash:629
KOS-2026-005412,2026-06-16,20:08,normal_sale,active,Walk-in,Vim Dishwash Bar 200g,1,piece,21.3,21.3,5.3,18,0,629.19,629,0,116.7,cash:629
KOS-2026-005411,2026-06-16,19:44,normal_sale,active,Walk-in,Parle-G Biscuit 100g,1,piece,11,11,2.7,18,0,868.65,868.65,0,165.15,upi:868.65
KOS-2026-005411,2026-06-16,19:44,normal_sale,active,Walk-in,Odonil Air Freshener 50g,1,piece,78,78,16,18,0,868.65,868.65,0,165.15,upi:868.65
KOS-2026-005411,2026-06-16,19:44,normal_sale,active,Walk-in,Lays Classic Salted 52g,1,piece,21.82,21.82,5.32,12,0,868.65,868.65,0,165.15,upi:868.65
KOS-2026-005411,2026-06-16,19:44,normal_sale,active,Walk-in,Lifebuoy Soap 125g,1,piece,35,35,7,18,0,868.65,868.65,0,165.15,upi:868.65
KOS-2026-005411,2026-06-16,19:44,normal_sale,active,Walk-in,Fortune Sunflower Oil 1L,2,piece,167.9,335.8,59.8,5,0,868.65,868.65,0,165.15,upi:868.65
KOS-2026-005411,2026-06-16,19:44,normal_sale,active,Walk-in,Bisleri Water 1L,2,piece,20,40,14,18,0,868.65,868.65,0,165.15,upi:868.65
KOS-2026-005411,2026-06-16,19:44,normal_sale,active,Walk-in,Frooti 200ml,2,piece,10,20,3,12,0,868.65,868.65,0,165.15,upi:868.65
KOS-2026-005411,2026-06-16,19:44,normal_sale,active,Walk-in,Saffola Gold Oil 1L,1,piece,190,190,25,5,0,868.65,868.65,0,165.15,upi:868.65
KOS-2026-005411,2026-06-16,19:44,normal_sale,active,Walk-in,Maggi Noodles 70g,1,piece,14.47,14.47,2.97,12,0,868.65,868.65,0,165.15,upi:868.65
KOS-2026-005411,2026-06-16,19:44,normal_sale,active,Walk-in,Lemon,1,piece,5,5,1.8,0,0,868.65,868.65,0,165.15,upi:868.65
KOS-2026-005411,2026-06-16,19:44,normal_sale,active,Walk-in,Nirma Washing Powder 1kg,1,piece,75.9,75.9,17.9,18,0,868.65,868.65,0,165.15,upi:868.65
KOS-2026-005411,2026-06-16,19:44,normal_sale,active,Walk-in,Thums Up 750ml,1,piece,41.66,41.66,9.66,28,0,868.65,868.65,0,165.15,upi:868.65
KOS-2026-005410,2026-06-16,19:25,normal_sale,active,Salim Verma,Tata Salt 1kg,1,piece,30.94,30.94,6.94,0,0,159.26,159.26,0,34.76,upi:159.26
KOS-2026-005410,2026-06-16,19:25,normal_sale,active,Salim Verma,Thums Up 750ml,2,piece,41.66,83.32,19.32,28,0,159.26,159.26,0,34.76,upi:159.26
KOS-2026-005410,2026-06-16,19:25,normal_sale,active,Salim Verma,Frooti 200ml,1,piece,10,10,1.5,12,0,159.26,159.26,0,34.76,upi:159.26
KOS-2026-005410,2026-06-16,19:25,normal_sale,active,Salim Verma,Lifebuoy Soap 125g,1,piece,35,35,7,18,0,159.26,159.26,0,34.76,upi:159.26
KOS-2026-005409,2026-06-16,19:05,normal_sale,active,Walk-in,Amul Taaza Milk 500ml,3,piece,28,84,9,0,0,1294.55,1294,0,237.9,cash:1294
KOS-2026-005409,2026-06-16,19:05,normal_sale,active,Walk-in,Dairy Milk 50g,1,piece,43.88,43.88,9.88,18,0,1294.55,1294,0,237.9,cash:1294
KOS-2026-005409,2026-06-16,19:05,normal_sale,active,Walk-in,Maggi Noodles 70g,1,piece,14.47,14.47,2.97,12,0,1294.55,1294,0,237.9,cash:1294
KOS-2026-005409,2026-06-16,19:05,normal_sale,active,Walk-in,Agarbatti Pack (20 sticks),1,piece,30,30,6,12,0,1294.55,1294,0,237.9,cash:1294
KOS-2026-005409,2026-06-16,19:05,normal_sale,active,Walk-in,AA Battery (2 pc),1,piece,36,36,8,18,0,1294.55,1294,0,237.9,cash:1294
KOS-2026-005409,2026-06-16,19:05,normal_sale,active,Walk-in,Good Knight Refill 45ml,1,piece,92.07,92.07,20.07,18,0,1294.55,1294,0,237.9,cash:1294
KOS-2026-005409,2026-06-16,19:05,normal_sale,active,Walk-in,Parle-G Biscuit 100g,2,piece,11,22,5.4,18,0,1294.55,1294,0,237.9,cash:1294
KOS-2026-005409,2026-06-16,19:05,normal_sale,active,Walk-in,Rajma (loose),0.25,kg,138,34.5,7.5,0,0,1294.55,1294,0,237.9,cash:1294
KOS-2026-005409,2026-06-16,19:05,normal_sale,active,Walk-in,Surf Excel Easy Wash 1kg,1,piece,155.05,155.05,37.05,18,0,1294.55,1294,0,237.9,cash:1294
KOS-2026-005409,2026-06-16,19:05,normal_sale,active,Walk-in,Ariel Detergent 1kg,2,piece,155,310,46,18,0,1294.55,1294,0,237.9,cash:1294
KOS-2026-005409,2026-06-16,19:05,normal_sale,active,Walk-in,Mother Dairy Paneer 200g,2,piece,105,210,34,5,0,1294.55,1294,0,237.9,cash:1294
KOS-2026-005409,2026-06-16,19:05,normal_sale,active,Walk-in,Real Mixed Fruit Juice 1L,2,piece,131.29,262.58,52.58,12,0,1294.55,1294,0,237.9,cash:1294
KOS-2026-005408,2026-06-16,18:53,normal_sale,active,Walk-in,Maggi Noodles 70g,2,piece,14.47,28.94,5.94,12,0,50,50,0,10,cash:50
KOS-2026-005408,2026-06-16,18:53,normal_sale,active,Walk-in,5 Star 25g,2,piece,10.53,21.06,4.06,18,0,50,50,0,10,cash:50
KOS-2026-005406,2026-06-16,18:43,normal_sale,active,Walk-in,Sprite 750ml,1,piece,42.51,42.51,10.51,28,0,42.51,42.51,0,10.51,bank:42.51
KOS-2026-005407,2026-06-16,18:43,normal_sale,active,Manisha Deshmukh,Good Knight Refill 45ml,1,piece,92.07,92.07,20.07,18,0,461.85,461.85,0,104.35,upi:461.85
KOS-2026-005407,2026-06-16,18:43,normal_sale,active,Manisha Deshmukh,Wheat Atta (loose),0.25,kg,43.91,10.98,2.98,0,0,461.85,461.85,0,104.35,upi:461.85
KOS-2026-005407,2026-06-16,18:43,normal_sale,active,Manisha Deshmukh,Dettol Antiseptic 250ml,1,piece,172.13,172.13,40.13,18,0,461.85,461.85,0,104.35,upi:461.85
KOS-2026-005407,2026-06-16,18:43,normal_sale,active,Manisha Deshmukh,Maggi Noodles 70g,3,piece,14.47,43.41,8.91,12,0,461.85,461.85,0,104.35,upi:461.85
KOS-2026-005407,2026-06-16,18:43,normal_sale,active,Manisha Deshmukh,Sprite 750ml,1,piece,42.51,42.51,10.51,28,0,461.85,461.85,0,104.35,upi:461.85
KOS-2026-005407,2026-06-16,18:43,normal_sale,active,Manisha Deshmukh,Sunfeast Dark Fantasy 75g,1,piece,42.8,42.8,8.8,18,0,461.85,461.85,0,104.35,upi:461.85
KOS-2026-005407,2026-06-16,18:43,normal_sale,active,Manisha Deshmukh,Onion,0.5,kg,35.9,17.95,5.95,0,0,461.85,461.85,0,104.35,upi:461.85
KOS-2026-005407,2026-06-16,18:43,normal_sale,active,Manisha Deshmukh,Kurkure Masala Munch 70g,2,piece,20,40,7,12,0,461.85,461.85,0,104.35,upi:461.85
KOS-2026-005405,2026-06-16,18:35,normal_sale,active,Walk-in,AA Battery (2 pc),1,piece,36,36,8,18,0,69.28,69.28,0,18.28,cash:69.28
KOS-2026-005405,2026-06-16,18:35,normal_sale,active,Walk-in,Basmati Rice Premium (loose),0.25,kg,133.1,33.28,10.28,0,0,69.28,69.28,0,18.28,cash:69.28
KOS-2026-005404,2026-06-16,18:31,normal_sale,active,Walk-in,Maggi Noodles 8-pack,1,piece,108,108,16,12,0,679.38,679.38,0,130.28,cash:679.38
KOS-2026-005404,2026-06-16,18:31,normal_sale,active,Walk-in,Dettol Antiseptic 250ml,2,piece,172.13,344.26,80.26,18,0,679.38,679.38,0,130.28,cash:679.38
KOS-2026-005404,2026-06-16,18:31,normal_sale,active,Walk-in,Match Box,1,piece,2.12,2.12,1.02,18,0,679.38,679.38,0,130.28,cash:679.38
KOS-2026-005404,2026-06-16,18:31,normal_sale,active,Walk-in,Oreo Biscuit 120g,2,piece,35,70,10,18,0,679.38,679.38,0,130.28,cash:679.38
KOS-2026-005404,2026-06-16,18:31,normal_sale,active,Walk-in,Ariel Detergent 1kg,1,piece,155,155,23,18,0,679.38,679.38,0,130.28,cash:679.38
KOS-2026-005403,2026-06-16,18:19,normal_sale,active,Walk-in,Lux Soap 100g,2,piece,39.81,79.62,19.62,18,0,90.15,90.15,0,21.65,bank:90.15
KOS-2026-005403,2026-06-16,18:19,normal_sale,active,Walk-in,5 Star 25g,1,piece,10.53,10.53,2.03,18,0,90.15,90.15,0,21.65,bank:90.15
KOS-2026-005402,2026-06-16,17:46,normal_sale,active,Walk-in,KitKat 4-finger,1,piece,21.13,21.13,4.13,18,0,21.13,21.13,0,4.13,upi:21.13
KOS-2026-005401,2026-06-16,17:19,normal_sale,active,Walk-in,Maggi Noodles 8-pack,1,piece,108,108,16,12,0,108,108,0,16,cash:108
KOS-2026-005400,2026-06-16,17:14,normal_sale,active,Walk-in,Garlic,0.5,kg,153.4,76.7,20.7,0,0,559.68,559.68,0,103.68,upi:559.68
KOS-2026-005400,2026-06-16,17:14,normal_sale,active,Walk-in,Wheat Atta (loose),0.25,kg,43.91,10.98,2.98,0,0,559.68,559.68,0,103.68,upi:559.68
KOS-2026-005400,2026-06-16,17:14,normal_sale,active,Walk-in,Vim Liquid 500ml,4,piece,118,472,80,18,0,559.68,559.68,0,103.68,upi:559.68
KOS-2026-005399,2026-06-16,17:13,normal_sale,active,Nasreen Chavan,Real Mixed Fruit Juice 1L,1,piece,131.29,131.29,26.29,12,0,479.56,479.56,0,104.06,cash:151|upi:328.56
KOS-2026-005399,2026-06-16,17:13,normal_sale,active,Nasreen Chavan,Nivea Cold Cream 60ml,1,piece,128,128,20,18,0,479.56,479.56,0,104.06,cash:151|upi:328.56
KOS-2026-005399,2026-06-16,17:13,normal_sale,active,Nasreen Chavan,Onion,0.25,kg,35.9,8.98,2.98,0,0,479.56,479.56,0,104.06,cash:151|upi:328.56
KOS-2026-005399,2026-06-16,17:13,normal_sale,active,Nasreen Chavan,Farm Eggs,1,piece,8.58,8.58,2.38,0,0,479.56,479.56,0,104.06,cash:151|upi:328.56
KOS-2026-005399,2026-06-16,17:13,normal_sale,active,Nasreen Chavan,Parle-G Biscuit 100g,1,piece,11,11,2.7,18,0,479.56,479.56,0,104.06,cash:151|upi:328.56
KOS-2026-005399,2026-06-16,17:13,normal_sale,active,Nasreen Chavan,Lux Soap 100g,3,piece,39.81,119.43,29.43,18,0,479.56,479.56,0,104.06,cash:151|upi:328.56
KOS-2026-005399,2026-06-16,17:13,normal_sale,active,Nasreen Chavan,Rava / Sooji (loose),1,kg,50.32,50.32,14.32,5,0,479.56,479.56,0,104.06,cash:151|upi:328.56
KOS-2026-005399,2026-06-16,17:13,normal_sale,active,Nasreen Chavan,Wheat Atta (loose),0.5,kg,43.91,21.96,5.96,0,0,479.56,479.56,0,104.06,cash:151|upi:328.56
KOS-2026-005398,2026-06-16,15:09,normal_sale,active,Nilesh Salunkhe,MDH Garam Masala 100g,1,piece,94.71,94.71,16.71,5,0,356.51,356.51,0,64.81,cash:356.51
KOS-2026-005398,2026-06-16,15:09,normal_sale,active,Nilesh Salunkhe,Lemon,1,piece,5,5,1.8,0,0,356.51,356.51,0,64.81,cash:356.51
KOS-2026-005398,2026-06-16,15:09,normal_sale,active,Nilesh Salunkhe,Kissan Mixed Fruit Jam 200g,1,piece,82,82,14,12,0,356.51,356.51,0,64.81,cash:356.51
KOS-2026-005398,2026-06-16,15:09,normal_sale,active,Nilesh Salunkhe,Potato,0.25,kg,27.6,6.9,2.4,0,0,356.51,356.51,0,64.81,cash:356.51
KOS-2026-005398,2026-06-16,15:09,normal_sale,active,Nilesh Salunkhe,Fortune Sunflower Oil 1L,1,piece,167.9,167.9,29.9,5,0,356.51,356.51,0,64.81,cash:356.51
KOS-2026-005397,2026-06-16,12:33,normal_sale,active,Walk-in,Maggi Noodles 8-pack,1,piece,108,108,16,12,0,207,207,0,42,upi:207
KOS-2026-005397,2026-06-16,12:33,normal_sale,active,Walk-in,Potato,0.5,kg,27.6,13.8,4.8,0,0,207,207,0,42,upi:207
KOS-2026-005397,2026-06-16,12:33,normal_sale,active,Walk-in,Vim Dishwash Bar 200g,4,piece,21.3,85.2,21.2,18,0,207,207,0,42,upi:207
KOS-2026-005396,2026-06-16,12:25,normal_sale,active,Walk-in,Nirma Washing Powder 1kg,1,piece,75.9,75.9,17.9,18,0,160.92,160.92,0,38.92,upi:160.92
KOS-2026-005396,2026-06-16,12:25,normal_sale,active,Walk-in,Sprite 750ml,2,piece,42.51,85.02,21.02,28,0,160.92,160.92,0,38.92,upi:160.92
KOS-2026-005395,2026-06-16,11:24,normal_sale,active,Joseph Dsouza,Bisleri Water 1L,2,piece,20,40,14,18,0,103.6,103.6,0,31.6,upi:103.6
KOS-2026-005395,2026-06-16,11:24,normal_sale,active,Joseph Dsouza,Sona Masoori Rice (loose),1,kg,63.6,63.6,17.6,0,0,103.6,103.6,0,31.6,upi:103.6
KOS-2026-005394,2026-06-16,10:48,normal_sale,active,Sai Snacks Corner,Ariel Detergent 1kg,1,piece,155,155,23,18,0,1303.62,1303.62,0,254.12,upi:1303.62
KOS-2026-005394,2026-06-16,10:48,normal_sale,active,Sai Snacks Corner,Frooti 200ml,1,piece,10,10,1.5,12,0,1303.62,1303.62,0,254.12,upi:1303.62
KOS-2026-005394,2026-06-16,10:48,normal_sale,active,Sai Snacks Corner,Kissan Mixed Fruit Jam 200g,2,piece,82,164,28,12,0,1303.62,1303.62,0,254.12,upi:1303.62
KOS-2026-005394,2026-06-16,10:48,normal_sale,active,Sai Snacks Corner,KitKat 4-finger,1,piece,21.13,21.13,4.13,18,0,1303.62,1303.62,0,254.12,upi:1303.62
KOS-2026-005394,2026-06-16,10:48,normal_sale,active,Sai Snacks Corner,Close Up Red 150g,1,piece,94.36,94.36,16.36,18,0,1303.62,1303.62,0,254.12,upi:1303.62
KOS-2026-005394,2026-06-16,10:48,normal_sale,active,Sai Snacks Corner,Toor Dal (loose),5,kg,148,740,150,0,0,1303.62,1303.62,0,254.12,upi:1303.62
KOS-2026-005394,2026-06-16,10:48,normal_sale,active,Sai Snacks Corner,Kissan Tomato Ketchup 500g,1,piece,119.13,119.13,31.13,12,0,1303.62,1303.62,0,254.12,upi:1303.62
KOS-2026-005393,2026-06-16,10:12,normal_sale,active,Walk-in,Yippee Noodles 70g,1,piece,14.96,14.96,3.96,12,0,14.96,14.96,0,3.96,cash:7|upi:7.96
KOS-2026-005392,2026-06-16,09:50,normal_sale,active,Walk-in,Wheat Atta (loose),1,kg,43.91,43.91,11.91,0,0,163.91,163.91,0,44.91,upi:163.91
KOS-2026-005392,2026-06-16,09:50,normal_sale,active,Walk-in,Catch Red Chilli Powder 100g,1,piece,60,60,12,5,0,163.91,163.91,0,44.91,upi:163.91
KOS-2026-005392,2026-06-16,09:50,normal_sale,active,Walk-in,Bisleri Water 1L,3,piece,20,60,21,18,0,163.91,163.91,0,44.91,upi:163.91
KOS-2026-005391,2026-06-16,09:39,normal_sale,active,Walk-in,Lays Classic Salted 52g,1,piece,21.82,21.82,5.32,12,0,124.29,124.29,0,29.89,cash:124.29
KOS-2026-005391,2026-06-16,09:39,normal_sale,active,Walk-in,Maggi Noodles 70g,1,piece,14.47,14.47,2.97,12,0,124.29,124.29,0,29.89,cash:124.29
KOS-2026-005391,2026-06-16,09:39,normal_sale,active,Walk-in,Parle-G Biscuit 100g,8,piece,11,88,21.6,18,0,124.29,124.29,0,29.89,cash:124.29
KOS-2026-005390,2026-06-16,09:28,normal_sale,active,Walk-in,Lemon,1,piece,5,5,1.8,0,0,203.29,203.29,0,41.59,upi:203.29
KOS-2026-005390,2026-06-16,09:28,normal_sale,active,Walk-in,Toor Dal (loose),0.25,kg,148,37,7.5,0,0,203.29,203.29,0,41.59,upi:203.29
KOS-2026-005390,2026-06-16,09:28,normal_sale,active,Walk-in,Real Mixed Fruit Juice 1L,1,piece,131.29,131.29,26.29,12,0,203.29,203.29,0,41.59,upi:203.29
KOS-2026-005390,2026-06-16,09:28,normal_sale,active,Walk-in,Agarbatti Pack (20 sticks),1,piece,30,30,6,12,0,203.29,203.29,0,41.59,upi:203.29
KOS-2026-005389,2026-06-16,09:18,normal_sale,active,Vaishali Sharma,Vim Dishwash Bar 200g,1,piece,21.3,21.3,5.3,18,0,320.94,320,0,64,cash:320
KOS-2026-005389,2026-06-16,09:18,normal_sale,active,Vaishali Sharma,Lux Soap 100g,2,piece,39.81,79.62,19.62,18,0,320.94,320,0,64,cash:320
KOS-2026-005389,2026-06-16,09:18,normal_sale,active,Vaishali Sharma,Harpic Toilet Cleaner 500ml,1,piece,112.02,112.02,24.02,18,0,320.94,320,0,64,cash:320
KOS-2026-005389,2026-06-16,09:18,normal_sale,active,Vaishali Sharma,Maggi Noodles 8-pack,1,piece,108,108,16,12,0,320.94,320,0,64,cash:320
KOS-2026-005388,2026-06-16,09:04,normal_sale,active,Imran Dsouza,Farm Eggs,1,piece,8.58,8.58,2.38,0,0,610.52,610.52,0,136.27,upi:610.52
KOS-2026-005388,2026-06-16,09:04,normal_sale,active,Imran Dsouza,Urad Dal (loose),0.25,kg,139.94,34.99,8.74,0,0,610.52,610.52,0,136.27,upi:610.52
KOS-2026-005388,2026-06-16,09:04,normal_sale,active,Imran Dsouza,Dhara Mustard Oil 1L,2,piece,191.57,383.14,79.14,5,0,610.52,610.52,0,136.27,upi:610.52
KOS-2026-005388,2026-06-16,09:04,normal_sale,active,Imran Dsouza,Parle-G Biscuit 100g,1,piece,11,11,2.7,18,0,610.52,610.52,0,136.27,upi:610.52
KOS-2026-005388,2026-06-16,09:04,normal_sale,active,Imran Dsouza,Lifebuoy Soap 125g,1,piece,35,35,7,18,0,610.52,610.52,0,136.27,upi:610.52
KOS-2026-005388,2026-06-16,09:04,normal_sale,active,Imran Dsouza,Bisleri Water 1L,1,piece,20,20,7,18,0,610.52,610.52,0,136.27,upi:610.52
KOS-2026-005388,2026-06-16,09:04,normal_sale,active,Imran Dsouza,Wheat Atta (loose),1,kg,43.91,43.91,11.91,0,0,610.52,610.52,0,136.27,upi:610.52
KOS-2026-005388,2026-06-16,09:04,normal_sale,active,Imran Dsouza,Vim Dishwash Bar 200g,3,piece,21.3,63.9,15.9,18,0,610.52,610.52,0,136.27,upi:610.52
KOS-2026-005388,2026-06-16,09:04,normal_sale,active,Imran Dsouza,Frooti 200ml,1,piece,10,10,1.5,12,0,610.52,610.52,0,136.27,upi:610.52
KOS-2026-005387,2026-06-16,08:59,normal_sale,active,Nitin Joshi,Center Fresh Gum (jar pc),1,piece,1.07,1.07,0.22,18,0,36.07,36.07,0,7.22,upi:36.07
KOS-2026-005387,2026-06-16,08:59,normal_sale,active,Nitin Joshi,Lifebuoy Soap 125g,1,piece,35,35,7,18,0,36.07,36.07,0,7.22,upi:36.07
KOS-2026-005386,2026-06-16,08:30,normal_sale,active,Walk-in,Amul Taaza Milk 500ml,1,piece,28,28,3,0,0,206.43,206,0,36.5,cash:206
KOS-2026-005386,2026-06-16,08:30,normal_sale,active,Walk-in,Fortune Sunflower Oil 1L,1,piece,167.9,167.9,29.9,5,0,206.43,206,0,36.5,cash:206
KOS-2026-005386,2026-06-16,08:30,normal_sale,active,Walk-in,Tomato,0.25,kg,42.13,10.53,4.03,0,0,206.43,206,0,36.5,cash:206
KOS-2026-005385,2026-06-16,08:27,normal_sale,active,Walk-in,Groundnut / Peanut (loose),0.25,kg,114.59,28.65,6.65,5,0,28.65,28.65,0,6.65,cash:11|upi:17.65
KOS-2026-005384,2026-06-16,08:14,normal_sale,active,Ashok Pawar,Bisleri Water 1L,3,piece,20,60,21,18,40.19,530.18,530,0,68.9,cash:530
KOS-2026-005384,2026-06-16,08:14,normal_sale,active,Ashok Pawar,Parle-G Biscuit 100g,2,piece,11,22,5.4,18,40.19,530.18,530,0,68.9,cash:530
KOS-2026-005384,2026-06-16,08:14,normal_sale,active,Ashok Pawar,Saffola Gold Oil 1L,1,piece,190,190,25,5,40.19,530.18,530,0,68.9,cash:530
KOS-2026-005384,2026-06-16,08:14,normal_sale,active,Ashok Pawar,5 Star 25g,2,piece,10.53,21.06,4.06,18,40.19,530.18,530,0,68.9,cash:530
KOS-2026-005384,2026-06-16,08:14,normal_sale,active,Ashok Pawar,Britannia Marie Gold 250g,1,piece,40.88,40.88,7.88,18,40.19,530.18,530,0,68.9,cash:530
KOS-2026-005384,2026-06-16,08:14,normal_sale,active,Ashok Pawar,Amul Cheese Slices 200g,1,piece,146.21,146.21,24.21,12,40.19,530.18,530,0,68.9,cash:530
KOS-2026-005384,2026-06-16,08:14,normal_sale,active,Ashok Pawar,Thums Up 750ml,2,piece,41.66,83.32,19.32,28,40.19,530.18,530,0,68.9,cash:530
KOS-2026-005384,2026-06-16,08:14,normal_sale,active,Ashok Pawar,Potato,0.25,kg,27.6,6.9,2.4,0,40.19,530.18,530,0,68.9,cash:530
KOS-2026-005383,2026-06-16,08:02,normal_sale,active,Walk-in,Dairy Milk 50g,4,piece,43.88,175.52,39.52,18,0,325.99,325,0,67.5,cash:325
KOS-2026-005383,2026-06-16,08:02,normal_sale,active,Walk-in,Maggi Noodles 70g,1,piece,14.47,14.47,2.97,12,0,325.99,325,0,67.5,cash:325
KOS-2026-005383,2026-06-16,08:02,normal_sale,active,Walk-in,Dove Soap 100g,2,piece,68,136,26,18,0,325.99,325,0,67.5,cash:325
KOS-2026-005382,2026-06-15,21:15,normal_sale,active,Walk-in,Lays Classic Salted 52g,2,piece,21.82,43.64,10.64,12,0,104.72,104.72,0,27.32,upi:104.72
KOS-2026-005382,2026-06-15,21:15,normal_sale,active,Walk-in,Farm Eggs,2,piece,8.58,17.16,4.76,0,0,104.72,104.72,0,27.32,upi:104.72
KOS-2026-005382,2026-06-15,21:15,normal_sale,active,Walk-in,Candle Pack (6 pc),1,piece,43.92,43.92,11.92,12,0,104.72,104.72,0,27.32,upi:104.72
KOS-2026-005381,2026-06-15,20:12,normal_sale,active,Walk-in,5 Star 25g,1,piece,10.53,10.53,2.03,18,0,437.26,437.26,0,102.21,cash:437.26
KOS-2026-005381,2026-06-15,20:12,normal_sale,active,Walk-in,Wheat Atta (loose),0.5,kg,43.91,21.96,5.96,0,0,437.26,437.26,0,102.21,cash:437.26
KOS-2026-005381,2026-06-15,20:12,normal_sale,active,Walk-in,Coca-Cola 750ml,2,piece,40,80,16,28,0,437.26,437.26,0,102.21,cash:437.26
KOS-2026-005381,2026-06-15,20:12,normal_sale,active,Walk-in,Sugar (loose),0.25,kg,49.89,12.47,2.22,5,0,437.26,437.26,0,102.21,cash:437.26
KOS-2026-005381,2026-06-15,20:12,normal_sale,active,Walk-in,Britannia Brown Bread,1,piece,50,50,8,0,0,437.26,437.26,0,102.21,cash:437.26
KOS-2026-005381,2026-06-15,20:12,normal_sale,active,Walk-in,KitKat 4-finger,1,piece,21.13,21.13,4.13,18,0,437.26,437.26,0,102.21,cash:437.26
KOS-2026-005381,2026-06-15,20:12,normal_sale,active,Walk-in,Dairy Milk 50g,2,piece,43.88,87.76,19.76,18,0,437.26,437.26,0,102.21,cash:437.26
KOS-2026-005381,2026-06-15,20:12,normal_sale,active,Walk-in,Bisleri Water 1L,3,piece,20,60,21,18,0,437.26,437.26,0,102.21,cash:437.26
KOS-2026-005381,2026-06-15,20:12,normal_sale,active,Walk-in,Parle-G Biscuit 100g,1,piece,11,11,2.7,18,0,437.26,437.26,0,102.21,cash:437.26
KOS-2026-005381,2026-06-15,20:12,normal_sale,active,Walk-in,Vim Dishwash Bar 200g,2,piece,21.3,42.6,10.6,18,0,437.26,437.26,0,102.21,cash:437.26
KOS-2026-005381,2026-06-15,20:12,normal_sale,active,Walk-in,Lux Soap 100g,1,piece,39.81,39.81,9.81,18,0,437.26,437.26,0,102.21,cash:437.26
KOS-2026-005380,2026-06-15,20:05,normal_sale,active,Ashok Pawar,Close Up Red 150g,1,piece,94.36,94.36,16.36,18,0,286.92,286.92,0,51.42,upi:286.92
KOS-2026-005380,2026-06-15,20:05,normal_sale,active,Ashok Pawar,Red Label Tea 250g,1,piece,155.56,155.56,27.56,5,0,286.92,286.92,0,51.42,upi:286.92
KOS-2026-005380,2026-06-15,20:05,normal_sale,active,Ashok Pawar,Toor Dal (loose),0.25,kg,148,37,7.5,0,0,286.92,286.92,0,51.42,upi:286.92
KOS-2026-005379,2026-06-15,19:48,normal_sale,active,Kiran Verma,Tata Tea Gold 500g,1,piece,305,305,40,5,0,686.9,686.9,0,105.9,upi:686.9
KOS-2026-005379,2026-06-15,19:48,normal_sale,active,Kiran Verma,Britannia Brown Bread,1,piece,50,50,8,0,0,686.9,686.9,0,105.9,upi:686.9
KOS-2026-005379,2026-06-15,19:48,normal_sale,active,Kiran Verma,Nirma Washing Powder 1kg,1,piece,75.9,75.9,17.9,18,0,686.9,686.9,0,105.9,upi:686.9
KOS-2026-005379,2026-06-15,19:48,normal_sale,active,Kiran Verma,Nivea Cold Cream 60ml,2,piece,128,256,40,18,0,686.9,686.9,0,105.9,upi:686.9
KOS-2026-005378,2026-06-15,19:46,normal_sale,active,Sanjay More,Parle-G Biscuit 100g,2,piece,11,22,5.4,18,25,434.66,434.66,0,70.06,upi:434.66
KOS-2026-005378,2026-06-15,19:46,normal_sale,active,Sanjay More,Mother Dairy Paneer 200g,2,piece,105,210,34,5,25,434.66,434.66,0,70.06,upi:434.66
KOS-2026-005378,2026-06-15,19:46,normal_sale,active,Sanjay More,Rava / Sooji (loose),1,kg,50.32,50.32,14.32,5,25,434.66,434.66,0,70.06,upi:434.66
KOS-2026-005378,2026-06-15,19:46,normal_sale,active,Sanjay More,Nirma Washing Powder 1kg,1,piece,75.9,75.9,17.9,18,25,434.66,434.66,0,70.06,upi:434.66
KOS-2026-005378,2026-06-15,19:46,normal_sale,active,Sanjay More,Besan (loose),1,kg,101.44,101.44,23.44,5,25,434.66,434.66,0,70.06,upi:434.66
KOS-2026-005377,2026-06-15,19:43,normal_sale,active,Deepak Rane,Maggi Noodles 70g,1,piece,14.47,14.47,2.97,12,22.07,32.24,32.24,0,-6.76,upi:32.24
KOS-2026-005377,2026-06-15,19:43,normal_sale,active,Deepak Rane,Ginger,0.25,kg,115.42,28.86,9.36,0,22.07,32.24,32.24,0,-6.76,upi:32.24
KOS-2026-005377,2026-06-15,19:43,normal_sale,active,Deepak Rane,Wheat Atta (loose),0.25,kg,43.91,10.98,2.98,0,22.07,32.24,32.24,0,-6.76,upi:32.24
KOS-2026-005376,2026-06-15,19:36,normal_sale,active,Hotel Green Leaf,Ariel Detergent 1kg,2,piece,155,310,46,18,25,359.94,359.94,0,35.94,upi:359.94
KOS-2026-005376,2026-06-15,19:36,normal_sale,active,Hotel Green Leaf,Chana Dal (loose),0.5,kg,92,46,9,0,25,359.94,359.94,0,35.94,upi:359.94
KOS-2026-005376,2026-06-15,19:36,normal_sale,active,Hotel Green Leaf,Maggi Noodles 70g,2,piece,14.47,28.94,5.94,12,25,359.94,359.94,0,35.94,upi:359.94
KOS-2026-005375,2026-06-15,17:30,normal_sale,active,Walk-in,Onion,0.25,kg,35.9,8.98,2.98,0,0,183.25,183.25,0,43.55,upi:183.25
KOS-2026-005375,2026-06-15,17:30,normal_sale,active,Walk-in,Center Fresh Gum (jar pc),2,piece,1.07,2.14,0.44,18,0,183.25,183.25,0,43.55,upi:183.25
KOS-2026-005375,2026-06-15,17:30,normal_sale,active,Walk-in,Dettol Antiseptic 250ml,1,piece,172.13,172.13,40.13,18,0,183.25,183.25,0,43.55,upi:183.25
KOS-2026-005374,2026-06-15,16:48,normal_sale,active,Walk-in,Frooti 200ml,1,piece,10,10,1.5,12,0,1255,1255,0,178.5,upi:1255
KOS-2026-005374,2026-06-15,16:48,normal_sale,active,Walk-in,Aashirvaad Atta 5kg,4,piece,285,1140,160,5,0,1255,1255,0,178.5,upi:1255
KOS-2026-005374,2026-06-15,16:48,normal_sale,active,Walk-in,Mother Dairy Paneer 200g,1,piece,105,105,17,5,0,1255,1255,0,178.5,upi:1255
KOS-2026-005373,2026-06-15,14:57,normal_sale,active,Lata Kulkarni,Sona Masoori Rice (loose),0.5,kg,63.6,31.8,8.8,0,0,629.77,629.77,0,117.77,upi:629.77
KOS-2026-005373,2026-06-15,14:57,normal_sale,active,Lata Kulkarni,Real Mixed Fruit Juice 1L,1,piece,131.29,131.29,26.29,12,0,629.77,629.77,0,117.77,upi:629.77
KOS-2026-005373,2026-06-15,14:57,normal_sale,active,Lata Kulkarni,Red Label Tea 250g,3,piece,155.56,466.68,82.68,5,0,629.77,629.77,0,117.77,upi:629.77
KOS-2026-005372,2026-06-15,13:33,normal_sale,active,Harshada Shaikh,Yippee Noodles 70g,1,piece,14.96,14.96,3.96,12,0,912.9,912.9,0,190.9,upi:912.9
KOS-2026-005372,2026-06-15,13:33,normal_sale,active,Harshada Shaikh,Agarbatti Pack (20 sticks),2,piece,30,60,12,12,0,912.9,912.9,0,190.9,upi:912.9
KOS-2026-005372,2026-06-15,13:33,normal_sale,active,Harshada Shaikh,Kurkure Masala Munch 70g,2,piece,20,40,7,12,0,912.9,912.9,0,190.9,upi:912.9
KOS-2026-005372,2026-06-15,13:33,normal_sale,active,Harshada Shaikh,Britannia Brown Bread,1,piece,50,50,8,0,0,912.9,912.9,0,190.9,upi:912.9
KOS-2026-005372,2026-06-15,13:33,normal_sale,active,Harshada Shaikh,Onion,0.25,kg,35.9,8.98,2.98,0,0,912.9,912.9,0,190.9,upi:912.9
KOS-2026-005372,2026-06-15,13:33,normal_sale,active,Harshada Shaikh,Parachute Coconut Oil 200ml,1,piece,104.12,104.12,22.12,18,0,912.9,912.9,0,190.9,upi:912.9
KOS-2026-005372,2026-06-15,13:33,normal_sale,active,Harshada Shaikh,Vim Liquid 500ml,1,piece,118,118,20,18,0,912.9,912.9,0,190.9,upi:912.9
KOS-2026-005372,2026-06-15,13:33,normal_sale,active,Harshada Shaikh,Potato,5,kg,27.6,138,48,0,0,912.9,912.9,0,190.9,upi:912.9
KOS-2026-005372,2026-06-15,13:33,normal_sale,active,Harshada Shaikh,MDH Garam Masala 100g,4,piece,94.71,378.84,66.84,5,0,912.9,912.9,0,190.9,upi:912.9
KOS-2026-005371,2026-06-15,13:04,normal_sale,active,Jyoti Salunkhe,Colgate Strong Teeth 200g,1,piece,114.06,114.06,22.06,18,0,476.72,476.72,0,118.72,upi:476.72
KOS-2026-005371,2026-06-15,13:04,normal_sale,active,Jyoti Salunkhe,Sunfeast Dark Fantasy 75g,2,piece,42.8,85.6,17.6,18,0,476.72,476.72,0,118.72,upi:476.72
KOS-2026-005371,2026-06-15,13:04,normal_sale,active,Jyoti Salunkhe,Kissan Tomato Ketchup 500g,1,piece,119.13,119.13,31.13,12,0,476.72,476.72,0,118.72,upi:476.72
KOS-2026-005371,2026-06-15,13:04,normal_sale,active,Jyoti Salunkhe,Sprite 750ml,1,piece,42.51,42.51,10.51,28,0,476.72,476.72,0,118.72,upi:476.72
KOS-2026-005371,2026-06-15,13:04,normal_sale,active,Jyoti Salunkhe,Ginger,1,kg,115.42,115.42,37.42,0,0,476.72,476.72,0,118.72,upi:476.72
KOS-2026-005370,2026-06-15,12:52,normal_sale,active,Walk-in,Besan (loose),0.25,kg,101.44,25.36,5.86,5,0,194.47,194.47,0,47.97,upi:194.47
KOS-2026-005370,2026-06-15,12:52,normal_sale,active,Walk-in,Britannia Brown Bread,1,piece,50,50,8,0,0,194.47,194.47,0,47.97,upi:194.47
KOS-2026-005370,2026-06-15,12:52,normal_sale,active,Walk-in,Wheat Atta (loose),1,kg,43.91,43.91,11.91,0,0,194.47,194.47,0,47.97,upi:194.47
KOS-2026-005370,2026-06-15,12:52,normal_sale,active,Walk-in,Potato,2,kg,27.6,55.2,19.2,0,0,194.47,194.47,0,47.97,upi:194.47
KOS-2026-005370,2026-06-15,12:52,normal_sale,active,Walk-in,Frooti 200ml,2,piece,10,20,3,12,0,194.47,194.47,0,47.97,upi:194.47
KOS-2026-005369,2026-06-15,12:38,normal_sale,active,Walk-in,Dove Soap 100g,2,piece,68,136,26,18,0,379.49,379.49,0,74.29,cash:379.49
KOS-2026-005369,2026-06-15,12:38,normal_sale,active,Walk-in,Lemon,1,piece,5,5,1.8,0,0,379.49,379.49,0,74.29,cash:379.49
KOS-2026-005369,2026-06-15,12:38,normal_sale,active,Walk-in,KitKat 4-finger,3,piece,21.13,63.39,12.39,18,0,379.49,379.49,0,74.29,cash:379.49
KOS-2026-005369,2026-06-15,12:38,normal_sale,active,Walk-in,Parachute Coconut Oil 200ml,1,piece,104.12,104.12,22.12,18,0,379.49,379.49,0,74.29,cash:379.49
KOS-2026-005369,2026-06-15,12:38,normal_sale,active,Walk-in,Frooti 200ml,6,piece,10,60,9,12,0,379.49,379.49,0,74.29,cash:379.49
KOS-2026-005369,2026-06-15,12:38,normal_sale,active,Walk-in,Wheat Atta (loose),0.25,kg,43.91,10.98,2.98,0,0,379.49,379.49,0,74.29,cash:379.49
KOS-2026-005368,2026-06-15,12:34,normal_sale,active,Sanjay Chavan,Center Fresh Gum (jar pc),1,piece,1.07,1.07,0.22,18,0,42.37,42.37,0,9.02,cash:20|upi:22.37
KOS-2026-005368,2026-06-15,12:34,normal_sale,active,Sanjay Chavan,Vim Dishwash Bar 200g,1,piece,21.3,21.3,5.3,18,0,42.37,42.37,0,9.02,cash:20|upi:22.37
KOS-2026-005368,2026-06-15,12:34,normal_sale,active,Sanjay Chavan,Kurkure Masala Munch 70g,1,piece,20,20,3.5,12,0,42.37,42.37,0,9.02,cash:20|upi:22.37
EST-2026-000060,2026-06-15,11:51,estimate,active,Nilesh Kulkarni,Ginger,2,kg,115.42,230.84,74.84,0,27.63,346.01,346.01,0,71.51,cash:346.01
EST-2026-000060,2026-06-15,11:51,estimate,active,Nilesh Kulkarni,Britannia Good Day 100g,1,piece,30.8,30.8,5.8,18,27.63,346.01,346.01,0,71.51,cash:346.01
EST-2026-000060,2026-06-15,11:51,estimate,active,Nilesh Kulkarni,Frooti 200ml,3,piece,10,30,4.5,12,27.63,346.01,346.01,0,71.51,cash:346.01
EST-2026-000060,2026-06-15,11:51,estimate,active,Nilesh Kulkarni,Kissan Mixed Fruit Jam 200g,1,piece,82,82,14,12,27.63,346.01,346.01,0,71.51,cash:346.01
KOS-2026-005367,2026-06-15,11:48,normal_sale,active,Simran Rane,Amul Butter 100g,2,piece,67.48,134.96,26.96,12,0,441.03,441.03,0,67.18,upi:441.03
KOS-2026-005367,2026-06-15,11:48,normal_sale,active,Simran Rane,Tata Tea Gold 500g,1,piece,305,305,40,5,0,441.03,441.03,0,67.18,upi:441.03
KOS-2026-005367,2026-06-15,11:48,normal_sale,active,Simran Rane,Center Fresh Gum (jar pc),1,piece,1.07,1.07,0.22,18,0,441.03,441.03,0,67.18,upi:441.03
KOS-2026-005366,2026-06-15,11:30,normal_sale,active,Kiran Verma,KitKat 4-finger,3,piece,21.13,63.39,12.39,18,0,489.14,489.14,0,104.94,upi:489.14
KOS-2026-005366,2026-06-15,11:30,normal_sale,active,Kiran Verma,Farm Eggs,1,piece,8.58,8.58,2.38,0,0,489.14,489.14,0,104.94,upi:489.14
KOS-2026-005366,2026-06-15,11:30,normal_sale,active,Kiran Verma,Maggi Noodles 70g,2,piece,14.47,28.94,5.94,12,0,489.14,489.14,0,104.94,upi:489.14
KOS-2026-005366,2026-06-15,11:30,normal_sale,active,Kiran Verma,Harpic Toilet Cleaner 500ml,1,piece,112.02,112.02,24.02,18,0,489.14,489.14,0,104.94,upi:489.14
KOS-2026-005366,2026-06-15,11:30,normal_sale,active,Kiran Verma,Good Knight Refill 45ml,3,piece,92.07,276.21,60.21,18,0,489.14,489.14,0,104.94,upi:489.14
KOS-2026-005365,2026-06-15,11:24,normal_sale,active,Manisha Deshmukh,Kurkure Masala Munch 70g,1,piece,20,20,3.5,12,0,20,20,0,3.5,upi:20
KOS-2026-005364,2026-06-15,11:09,normal_sale,active,Walk-in,Maggi Noodles 8-pack,1,piece,108,108,16,12,0,227.43,227.43,0,45.93,cash:227.43
KOS-2026-005364,2026-06-15,11:09,normal_sale,active,Walk-in,5 Star 25g,3,piece,10.53,31.59,6.09,18,0,227.43,227.43,0,45.93,cash:227.43
KOS-2026-005364,2026-06-15,11:09,normal_sale,active,Walk-in,Candle Pack (6 pc),2,piece,43.92,87.84,23.84,12,0,227.43,227.43,0,45.93,cash:227.43
KOS-2026-005363,2026-06-15,11:05,normal_sale,active,Hotel Green Leaf,Britannia Good Day 100g,1,piece,30.8,30.8,5.8,18,0,1228.12,1228,0,248.3,cash:1228
KOS-2026-005363,2026-06-15,11:05,normal_sale,active,Hotel Green Leaf,Maggi Noodles 70g,1,piece,14.47,14.47,2.97,12,0,1228.12,1228,0,248.3,cash:1228
KOS-2026-005363,2026-06-15,11:05,normal_sale,active,Hotel Green Leaf,Colgate Strong Teeth 200g,1,piece,114.06,114.06,22.06,18,0,1228.12,1228,0,248.3,cash:1228
KOS-2026-005363,2026-06-15,11:05,normal_sale,active,Hotel Green Leaf,Good Knight Refill 45ml,4,piece,92.07,368.28,80.28,18,0,1228.12,1228,0,248.3,cash:1228
KOS-2026-005363,2026-06-15,11:05,normal_sale,active,Hotel Green Leaf,Everest Turmeric 200g,2,piece,76,152,28,5,0,1228.12,1228,0,248.3,cash:1228
KOS-2026-005363,2026-06-15,11:05,normal_sale,active,Hotel Green Leaf,Coca-Cola 750ml,1,piece,40,40,8,28,0,1228.12,1228,0,248.3,cash:1228
KOS-2026-005363,2026-06-15,11:05,normal_sale,active,Hotel Green Leaf,Mustard Oil (loose),0.5,l,175.42,87.71,23.71,5,0,1228.12,1228,0,248.3,cash:1228
KOS-2026-005363,2026-06-15,11:05,normal_sale,active,Hotel Green Leaf,Lemon,1,piece,5,5,1.8,0,0,1228.12,1228,0,248.3,cash:1228
KOS-2026-005363,2026-06-15,11:05,normal_sale,active,Hotel Green Leaf,Amul Masti Dahi 400g,2,piece,40,80,16,5,0,1228.12,1228,0,248.3,cash:1228
KOS-2026-005363,2026-06-15,11:05,normal_sale,active,Hotel Green Leaf,Fortune Sunflower Oil 1L,2,piece,167.9,335.8,59.8,5,0,1228.12,1228,0,248.3,cash:1228
KOS-2026-005362,2026-06-15,10:48,normal_sale,active,Walk-in,Frooti 200ml,3,piece,10,30,4.5,12,0,70,70,0,12.5,upi:70
KOS-2026-005362,2026-06-15,10:48,normal_sale,active,Walk-in,Amul Masti Dahi 400g,1,piece,40,40,8,5,0,70,70,0,12.5,upi:70
KOS-2026-005361,2026-06-15,10:43,normal_sale,active,Jyoti Singh,Sona Masoori Rice (loose),0.5,kg,63.6,31.8,8.8,0,0,432.96,432.96,0,73.96,bank:432.96
KOS-2026-005361,2026-06-15,10:43,normal_sale,active,Jyoti Singh,Nescafe Classic 50g,2,piece,200.58,401.16,65.16,18,0,432.96,432.96,0,73.96,bank:432.96
KOS-2026-005360,2026-06-15,10:23,normal_sale,active,Farida Rane,Britannia Marie Gold 250g,1,piece,40.88,40.88,7.88,18,0,239.16,0,239.16,43.16,
KOS-2026-005360,2026-06-15,10:23,normal_sale,active,Farida Rane,Britannia Good Day 100g,1,piece,30.8,30.8,5.8,18,0,239.16,0,239.16,43.16,
KOS-2026-005360,2026-06-15,10:23,normal_sale,active,Farida Rane,Britannia Brown Bread,2,piece,50,100,16,0,0,239.16,0,239.16,43.16,
KOS-2026-005360,2026-06-15,10:23,normal_sale,active,Farida Rane,Amul Butter 100g,1,piece,67.48,67.48,13.48,12,0,239.16,0,239.16,43.16,
KOS-2026-005359,2026-06-15,10:19,normal_sale,active,Harshada Verma,Kissan Tomato Ketchup 500g,1,piece,119.13,119.13,31.13,12,0,412.49,412.49,0,82.49,upi:412.49
KOS-2026-005359,2026-06-15,10:19,normal_sale,active,Harshada Verma,Wheat Atta (loose),1,kg,43.91,43.91,11.91,0,0,412.49,412.49,0,82.49,upi:412.49
KOS-2026-005359,2026-06-15,10:19,normal_sale,active,Harshada Verma,Real Mixed Fruit Juice 1L,2,piece,131.29,249.45,39.45,12,0,412.49,412.49,0,82.49,upi:412.49
KOS-2026-005358,2026-06-15,10:08,normal_sale,active,Sai Snacks Corner,Amul Taaza Milk 500ml,2,piece,28,56,6,0,0,56,12,44,6,upi:12
KOS-2026-005357,2026-06-15,10:06,normal_sale,active,Sunita Kulkarni,Amul Masti Dahi 400g,1,piece,40,40,8,5,0,636.36,636.36,0,109.86,cash:636.36
KOS-2026-005357,2026-06-15,10:06,normal_sale,active,Sunita Kulkarni,Coca-Cola 750ml,1,piece,40,40,8,28,0,636.36,636.36,0,109.86,cash:636.36
KOS-2026-005357,2026-06-15,10:06,normal_sale,active,Sunita Kulkarni,Vim Dishwash Bar 200g,1,piece,21.3,21.3,5.3,18,0,636.36,636.36,0,109.86,cash:636.36
KOS-2026-005357,2026-06-15,10:06,normal_sale,active,Sunita Kulkarni,Kurkure Masala Munch 70g,1,piece,20,20,3.5,12,0,636.36,636.36,0,109.86,cash:636.36
KOS-2026-005357,2026-06-15,10:06,normal_sale,active,Sunita Kulkarni,Fortune Sunflower Oil 1L,1,piece,167.9,167.9,29.9,5,0,636.36,636.36,0,109.86,cash:636.36
KOS-2026-005357,2026-06-15,10:06,normal_sale,active,Sunita Kulkarni,Haldiram Bhujia 200g,1,piece,57.38,57.38,12.38,12,0,636.36,636.36,0,109.86,cash:636.36
KOS-2026-005357,2026-06-15,10:06,normal_sale,active,Sunita Kulkarni,Sugar (loose),2,kg,49.89,99.78,17.78,5,0,636.36,636.36,0,109.86,cash:636.36
KOS-2026-005357,2026-06-15,10:06,normal_sale,active,Sunita Kulkarni,Saffola Gold Oil 1L,1,piece,190,190,25,5,0,636.36,636.36,0,109.86,cash:636.36
KOS-2026-005356,2026-06-15,09:39,normal_sale,active,Vaishali More,Good Knight Refill 45ml,2,piece,92.07,184.14,40.14,18,0,556.4,556.4,0,123.4,upi:556.4
KOS-2026-005356,2026-06-15,09:39,normal_sale,active,Vaishali More,Amul Taaza Milk 500ml,1,piece,28,28,3,0,0,556.4,556.4,0,123.4,upi:556.4
KOS-2026-005356,2026-06-15,09:39,normal_sale,active,Vaishali More,Dettol Antiseptic 250ml,2,piece,172.13,344.26,80.26,18,0,556.4,556.4,0,123.4,upi:556.4
KOS-2026-005355,2026-06-15,09:33,normal_sale,active,Meena Deshmukh,Dettol Antiseptic 250ml,1,piece,172.13,172.13,40.13,18,0,284.3,86,198.3,65.95,upi:86
KOS-2026-005355,2026-06-15,09:33,normal_sale,active,Meena Deshmukh,Match Box,3,piece,2.12,6.36,3.06,18,0,284.3,86,198.3,65.95,upi:86
KOS-2026-005355,2026-06-15,09:33,normal_sale,active,Meena Deshmukh,5 Star 25g,1,piece,10.53,10.53,2.03,18,0,284.3,86,198.3,65.95,upi:86
KOS-2026-005355,2026-06-15,09:33,normal_sale,active,Meena Deshmukh,Center Fresh Gum (jar pc),3,piece,1.07,3.21,0.66,18,0,284.3,86,198.3,65.95,upi:86
KOS-2026-005355,2026-06-15,09:33,normal_sale,active,Meena Deshmukh,Good Knight Refill 45ml,1,piece,92.07,92.07,20.07,18,0,284.3,86,198.3,65.95,upi:86
KOS-2026-005354,2026-06-14,21:53,normal_sale,active,Walk-in,Frooti 200ml,1,piece,10,10,1.5,12,0,220.38,220.38,0,42.68,cash:220.38
KOS-2026-005354,2026-06-14,21:53,normal_sale,active,Walk-in,Britannia Good Day 100g,1,piece,30.8,30.8,5.8,18,0,220.38,220.38,0,42.68,cash:220.38
KOS-2026-005354,2026-06-14,21:53,normal_sale,active,Walk-in,Lifebuoy Soap 125g,1,piece,35,35,7,18,0,220.38,220.38,0,42.68,cash:220.38
KOS-2026-005354,2026-06-14,21:53,normal_sale,active,Walk-in,Dove Soap 100g,2,piece,68,136,26,18,0,220.38,220.38,0,42.68,cash:220.38
KOS-2026-005354,2026-06-14,21:53,normal_sale,active,Walk-in,Farm Eggs,1,piece,8.58,8.58,2.38,0,0,220.38,220.38,0,42.68,cash:220.38
KOS-2026-005353,2026-06-14,21:20,normal_sale,active,Walk-in,Candle Pack (6 pc),4,piece,43.92,175.68,47.68,12,6.52,484.16,484.16,0,92.16,upi:484.16
KOS-2026-005353,2026-06-14,21:20,normal_sale,active,Walk-in,Mother Dairy Paneer 200g,3,piece,105,315,51,5,6.52,484.16,484.16,0,92.16,upi:484.16
KOS-2026-005352,2026-06-14,21:07,normal_sale,active,Annapurna Mess & Canteen,Wheat Atta (loose),0.5,kg,43.91,21.96,5.96,0,0,336.55,160,176.55,70.55,upi:160
KOS-2026-005352,2026-06-14,21:07,normal_sale,active,Annapurna Mess & Canteen,Fortune Sunflower Oil 1L,1,piece,167.9,167.9,29.9,5,0,336.55,160,176.55,70.55,upi:160
KOS-2026-005352,2026-06-14,21:07,normal_sale,active,Annapurna Mess & Canteen,Besan (loose),0.25,kg,101.44,25.36,5.86,5,0,336.55,160,176.55,70.55,upi:160
KOS-2026-005352,2026-06-14,21:07,normal_sale,active,Annapurna Mess & Canteen,Amul Gold Milk 500ml,1,piece,37.73,37.73,7.73,0,0,336.55,160,176.55,70.55,upi:160
KOS-2026-005352,2026-06-14,21:07,normal_sale,active,Annapurna Mess & Canteen,Kurkure Masala Munch 70g,1,piece,20,20,3.5,12,0,336.55,160,176.55,70.55,upi:160
KOS-2026-005352,2026-06-14,21:07,normal_sale,active,Annapurna Mess & Canteen,Sona Masoori Rice (loose),1,kg,63.6,63.6,17.6,0,0,336.55,160,176.55,70.55,upi:160
KOS-2026-005351,2026-06-14,20:51,normal_sale,active,Walk-in,Thums Up 750ml,2,piece,41.66,83.32,19.32,28,25,329.76,329.76,0,51.26,cash:114|upi:215.76
KOS-2026-005351,2026-06-14,20:51,normal_sale,active,Walk-in,Amul Masti Dahi 400g,2,piece,40,80,16,5,25,329.76,329.76,0,51.26,cash:114|upi:215.76
KOS-2026-005351,2026-06-14,20:51,normal_sale,active,Walk-in,Coca-Cola 750ml,2,piece,40,80,16,28,25,329.76,329.76,0,51.26,cash:114|upi:215.76
KOS-2026-005351,2026-06-14,20:51,normal_sale,active,Walk-in,Besan (loose),1,kg,101.44,101.44,23.44,5,25,329.76,329.76,0,51.26,cash:114|upi:215.76
KOS-2026-005351,2026-06-14,20:51,normal_sale,active,Walk-in,Frooti 200ml,1,piece,10,10,1.5,12,25,329.76,329.76,0,51.26,cash:114|upi:215.76
KOS-2026-005350,2026-06-14,20:36,normal_sale,active,Walk-in,Odonil Air Freshener 50g,1,piece,78,78,16,18,0,972.49,972,0,189,cash:972
KOS-2026-005350,2026-06-14,20:36,normal_sale,active,Walk-in,Britannia Marie Gold 250g,2,piece,40.88,81.76,15.76,18,0,972.49,972,0,189,cash:972
KOS-2026-005350,2026-06-14,20:36,normal_sale,active,Walk-in,Lifebuoy Soap 125g,3,piece,35,105,21,18,0,972.49,972,0,189,cash:972
KOS-2026-005350,2026-06-14,20:36,normal_sale,active,Walk-in,Aashirvaad Atta 5kg,1,piece,285,285,40,5,0,972.49,972,0,189,cash:972
KOS-2026-005350,2026-06-14,20:36,normal_sale,active,Walk-in,Catch Red Chilli Powder 100g,1,piece,60,60,12,5,0,972.49,972,0,189,cash:972
KOS-2026-005350,2026-06-14,20:36,normal_sale,active,Walk-in,Dairy Milk 50g,1,piece,43.88,43.88,9.88,18,0,972.49,972,0,189,cash:972
KOS-2026-005350,2026-06-14,20:36,normal_sale,active,Walk-in,Tata Salt 1kg,2,piece,30.94,61.88,13.88,0,0,972.49,972,0,189,cash:972
KOS-2026-005350,2026-06-14,20:36,normal_sale,active,Walk-in,Agarbatti Pack (20 sticks),1,piece,30,30,6,12,0,972.49,972,0,189,cash:972
KOS-2026-005350,2026-06-14,20:36,normal_sale,active,Walk-in,Mustard Oil (loose),0.25,l,175.42,43.86,11.86,5,0,972.49,972,0,189,cash:972
KOS-2026-005350,2026-06-14,20:36,normal_sale,active,Walk-in,Dettol Antiseptic 250ml,1,piece,172.13,172.13,40.13,18,0,972.49,972,0,189,cash:972
KOS-2026-005350,2026-06-14,20:36,normal_sale,active,Walk-in,Wheat Atta (loose),0.25,kg,43.91,10.98,2.98,0,0,972.49,972,0,189,cash:972
KOS-2026-005349,2026-06-14,20:33,normal_sale,active,Walk-in,Amul Cheese Slices 200g,2,piece,146.21,292.42,48.42,12,0,488.72,488.72,0,80.72,upi:488.72
KOS-2026-005349,2026-06-14,20:33,normal_sale,active,Walk-in,Whisper Ultra 15 pads,1,piece,175,175,27,12,0,488.72,488.72,0,80.72,upi:488.72
KOS-2026-005349,2026-06-14,20:33,normal_sale,active,Walk-in,Vim Dishwash Bar 200g,1,piece,21.3,21.3,5.3,18,0,488.72,488.72,0,80.72,upi:488.72
KOS-2026-005348,2026-06-14,19:45,normal_sale,active,Vaishali Sharma,Ariel Detergent 1kg,1,piece,155,155,23,18,0,976.32,976.32,0,156.32,upi:976.32
KOS-2026-005348,2026-06-14,19:45,normal_sale,active,Vaishali Sharma,Aashirvaad Atta 5kg,1,piece,285,285,40,5,0,976.32,976.32,0,156.32,upi:976.32
KOS-2026-005348,2026-06-14,19:45,normal_sale,active,Vaishali Sharma,Close Up Red 150g,4,piece,94.36,377.44,65.44,18,0,976.32,976.32,0,156.32,upi:976.32
KOS-2026-005348,2026-06-14,19:45,normal_sale,active,Vaishali Sharma,Britannia Marie Gold 250g,1,piece,40.88,40.88,7.88,18,0,976.32,976.32,0,156.32,upi:976.32
KOS-2026-005348,2026-06-14,19:45,normal_sale,active,Vaishali Sharma,Vim Liquid 500ml,1,piece,118,118,20,18,0,976.32,976.32,0,156.32,upi:976.32
KOS-2026-005347,2026-06-14,19:44,normal_sale,active,Walk-in,Thums Up 750ml,1,piece,41.66,41.66,9.66,28,21.56,190.11,190.11,0,33.01,upi:190.11
KOS-2026-005347,2026-06-14,19:44,normal_sale,active,Walk-in,Bingo Mad Angles 66g,1,piece,20.81,20.81,4.31,12,21.56,190.11,190.11,0,33.01,upi:190.11
KOS-2026-005347,2026-06-14,19:44,normal_sale,active,Walk-in,Parle-G Biscuit 100g,2,piece,11,22,5.4,18,21.56,190.11,190.11,0,33.01,upi:190.11
KOS-2026-005347,2026-06-14,19:44,normal_sale,active,Walk-in,Sona Masoori Rice (loose),2,kg,63.6,127.2,35.2,0,21.56,190.11,190.11,0,33.01,upi:190.11
KOS-2026-005346,2026-06-14,19:17,normal_sale,active,Walk-in,KitKat 4-finger,2,piece,21.13,42.26,8.26,18,25,327.26,327.26,0,29.26,cash:327.26
KOS-2026-005346,2026-06-14,19:17,normal_sale,active,Walk-in,Ariel Detergent 1kg,2,piece,155,310,46,18,25,327.26,327.26,0,29.26,cash:327.26
KOS-2026-005345,2026-06-14,19:15,normal_sale,active,Walk-in,MDH Garam Masala 100g,3,piece,94.71,269.92,35.92,5,0,1557.46,1557,0,376.5,cash:1557
KOS-2026-005345,2026-06-14,19:15,normal_sale,active,Walk-in,Sprite 750ml,1,piece,42.51,42.51,10.51,28,0,1557.46,1557,0,376.5,cash:1557
KOS-2026-005345,2026-06-14,19:15,normal_sale,active,Walk-in,Lux Soap 100g,4,piece,39.81,159.24,39.24,18,0,1557.46,1557,0,376.5,cash:1557
KOS-2026-005345,2026-06-14,19:15,normal_sale,active,Walk-in,Britannia Brown Bread,1,piece,50,50,8,0,0,1557.46,1557,0,376.5,cash:1557
KOS-2026-005345,2026-06-14,19:15,normal_sale,active,Walk-in,Basmati Rice Premium (loose),5,kg,133.1,665.5,205.5,0,0,1557.46,1557,0,376.5,cash:1557
KOS-2026-005345,2026-06-14,19:15,normal_sale,active,Walk-in,Tomato,0.25,kg,42.13,10.53,4.03,0,0,1557.46,1557,0,376.5,cash:1557
KOS-2026-005345,2026-06-14,19:15,normal_sale,active,Walk-in,Dairy Milk 50g,3,piece,43.88,131.64,29.64,18,0,1557.46,1557,0,376.5,cash:1557
KOS-2026-005345,2026-06-14,19:15,normal_sale,active,Walk-in,Colgate Strong Teeth 200g,2,piece,114.06,228.12,44.12,18,0,1557.46,1557,0,376.5,cash:1557
KOS-2026-005344,2026-06-14,18:36,normal_sale,active,Walk-in,Dhara Mustard Oil 1L,1,piece,191.57,191.57,39.57,5,25,1228.88,1228.88,0,252.18,upi:1228.88
KOS-2026-005344,2026-06-14,18:36,normal_sale,active,Walk-in,Sona Masoori Rice (loose),1,kg,63.6,63.6,17.6,0,25,1228.88,1228.88,0,252.18,upi:1228.88
KOS-2026-005344,2026-06-14,18:36,normal_sale,active,Walk-in,Fortune Sunflower Oil 1L,3,piece,167.9,503.7,89.7,5,25,1228.88,1228.88,0,252.18,upi:1228.88
KOS-2026-005344,2026-06-14,18:36,normal_sale,active,Walk-in,Kissan Mixed Fruit Jam 200g,1,piece,82,82,14,12,25,1228.88,1228.88,0,252.18,upi:1228.88
KOS-2026-005344,2026-06-14,18:36,normal_sale,active,Walk-in,Farm Eggs,1,piece,8.58,8.58,2.38,0,25,1228.88,1228.88,0,252.18,upi:1228.88
KOS-2026-005344,2026-06-14,18:36,normal_sale,active,Walk-in,Groundnut / Peanut (loose),0.25,kg,114.59,28.65,6.65,5,25,1228.88,1228.88,0,252.18,upi:1228.88
KOS-2026-005344,2026-06-14,18:36,normal_sale,active,Walk-in,Lays Classic Salted 52g,1,piece,21.82,21.82,5.32,12,25,1228.88,1228.88,0,252.18,upi:1228.88
KOS-2026-005344,2026-06-14,18:36,normal_sale,active,Walk-in,Basmati Rice Premium (loose),2,kg,133.1,266.2,82.2,0,25,1228.88,1228.88,0,252.18,upi:1228.88
KOS-2026-005344,2026-06-14,18:36,normal_sale,active,Walk-in,Dairy Milk 50g,2,piece,43.88,87.76,19.76,18,25,1228.88,1228.88,0,252.18,upi:1228.88
KOS-2026-005343,2026-06-14,18:21,normal_sale,active,Walk-in,Wheat Atta (loose),0.5,kg,43.91,21.96,5.96,0,0,376.96,376,0,45,cash:376
KOS-2026-005343,2026-06-14,18:21,normal_sale,active,Walk-in,Amul Ghee 500ml,1,piece,355,355,40,12,0,376.96,376,0,45,cash:376
KOS-2026-005342,2026-06-14,17:59,normal_sale,active,Vaishali Pawar,Whisper Ultra 15 pads,1,piece,175,175,27,12,0,1034.57,1034.57,0,189.97,upi:1034.57
KOS-2026-005342,2026-06-14,17:59,normal_sale,active,Vaishali Pawar,Britannia Brown Bread,1,piece,50,50,8,0,0,1034.57,1034.57,0,189.97,upi:1034.57
KOS-2026-005342,2026-06-14,17:59,normal_sale,active,Vaishali Pawar,Parle-G Biscuit 100g,2,piece,11,22,5.4,18,0,1034.57,1034.57,0,189.97,upi:1034.57
KOS-2026-005342,2026-06-14,17:59,normal_sale,active,Vaishali Pawar,Sugar (loose),0.5,kg,49.89,24.95,4.45,5,0,1034.57,1034.57,0,189.97,upi:1034.57
KOS-2026-005342,2026-06-14,17:59,normal_sale,active,Vaishali Pawar,Sona Masoori Rice (loose),1,kg,63.6,63.6,17.6,0,0,1034.57,1034.57,0,189.97,upi:1034.57
KOS-2026-005342,2026-06-14,17:59,normal_sale,active,Vaishali Pawar,Frooti 200ml,1,piece,10,10,1.5,12,0,1034.57,1034.57,0,189.97,upi:1034.57
KOS-2026-005342,2026-06-14,17:59,normal_sale,active,Vaishali Pawar,Amul Gold Milk 500ml,3,piece,37.73,113.19,23.19,0,0,1034.57,1034.57,0,189.97,upi:1034.57
KOS-2026-005342,2026-06-14,17:59,normal_sale,active,Vaishali Pawar,Lux Soap 100g,1,piece,39.81,39.81,9.81,18,0,1034.57,1034.57,0,189.97,upi:1034.57
KOS-2026-005342,2026-06-14,17:59,normal_sale,active,Vaishali Pawar,Aashirvaad Atta 5kg,1,piece,285,285,40,5,0,1034.57,1034.57,0,189.97,upi:1034.57
KOS-2026-005342,2026-06-14,17:59,normal_sale,active,Vaishali Pawar,Amul Masti Dahi 400g,1,piece,40,40,8,5,0,1034.57,1034.57,0,189.97,upi:1034.57
KOS-2026-005342,2026-06-14,17:59,normal_sale,active,Vaishali Pawar,LED Bulb 9W,1,piece,99,99,21,12,0,1034.57,1034.57,0,189.97,upi:1034.57
KOS-2026-005342,2026-06-14,17:59,normal_sale,active,Vaishali Pawar,Harpic Toilet Cleaner 500ml,1,piece,112.02,112.02,24.02,18,0,1034.57,1034.57,0,189.97,upi:1034.57
KOS-2026-005341,2026-06-14,17:42,normal_sale,active,Jyoti Salunkhe,Bisleri Water 1L,1,piece,20,20,7,18,10,10,10,0,-3,cash:10
KOS-2026-005340,2026-06-14,17:41,normal_sale,active,Walk-in,Britannia Good Day 100g,1,piece,30.8,30.8,5.8,18,0,98.8,98,0,18,cash:98
KOS-2026-005340,2026-06-14,17:41,normal_sale,active,Walk-in,Dove Soap 100g,1,piece,68,68,13,18,0,98.8,98,0,18,cash:98
KOS-2026-005339,2026-06-14,17:34,normal_sale,active,Walk-in,Britannia Marie Gold 250g,1,piece,40.88,40.88,7.88,18,0,40.88,40.88,0,7.88,upi:40.88
KOS-2026-005338,2026-06-14,16:17,normal_sale,active,Vijay Shaikh,Coca-Cola 750ml,1,piece,40,40,8,28,0,40,40,0,8,cash:40
KOS-2026-005337,2026-06-14,14:12,normal_sale,active,Walk-in,Yippee Noodles 70g,3,piece,14.96,44.88,11.88,12,0,44.88,44.88,0,11.88,upi:44.88
KOS-2026-005336,2026-06-14,12:56,normal_sale,active,Walk-in,Kurkure Masala Munch 70g,10,piece,20,200,35,12,0,552.15,552,0,113,cash:552
KOS-2026-005336,2026-06-14,12:56,normal_sale,active,Walk-in,Sunfeast Dark Fantasy 75g,2,piece,42.8,85.6,17.6,18,0,552.15,552,0,113,cash:552
KOS-2026-005336,2026-06-14,12:56,normal_sale,active,Walk-in,Good Knight Refill 45ml,2,piece,92.07,184.14,40.14,18,0,552.15,552,0,113,cash:552
KOS-2026-005336,2026-06-14,12:56,normal_sale,active,Walk-in,Vim Dishwash Bar 200g,2,piece,21.3,42.6,10.6,18,0,552.15,552,0,113,cash:552
KOS-2026-005336,2026-06-14,12:56,normal_sale,active,Walk-in,Lux Soap 100g,1,piece,39.81,39.81,9.81,18,0,552.15,552,0,113,cash:552
KOS-2026-005335,2026-06-14,12:38,normal_sale,active,Walk-in,Good Knight Refill 45ml,1,piece,92.07,92.07,20.07,18,0,608.42,608.42,0,134.42,upi:608.42
KOS-2026-005335,2026-06-14,12:38,normal_sale,active,Walk-in,Fortune Sunflower Oil 1L,1,piece,167.9,167.9,29.9,5,0,608.42,608.42,0,134.42,upi:608.42
KOS-2026-005335,2026-06-14,12:38,normal_sale,active,Walk-in,Garlic,0.25,kg,153.4,38.35,10.35,0,0,608.42,608.42,0,134.42,upi:608.42
KOS-2026-005335,2026-06-14,12:38,normal_sale,active,Walk-in,Surf Excel Easy Wash 1kg,2,piece,155.05,310.1,74.1,18,0,608.42,608.42,0,134.42,upi:608.42
KOS-2026-005334,2026-06-14,12:21,normal_sale,active,Kiran Verma,Maggi Noodles 70g,1,piece,14.47,14.47,2.97,12,0,14.47,0,14.47,2.97,
KOS-2026-005333,2026-06-14,12:01,normal_sale,active,Kiran Verma,KitKat 4-finger,2,piece,21.13,42.26,8.26,18,0,42.26,42.26,0,8.26,upi:42.26
KOS-2026-005332,2026-06-14,11:26,normal_sale,active,Sachin Khan,Sona Masoori Rice (loose),0.5,kg,63.6,31.8,8.8,0,0,129.51,129.51,0,34.01,upi:129.51
KOS-2026-005332,2026-06-14,11:26,normal_sale,active,Sachin Khan,Mustard Oil (loose),0.5,l,175.42,87.71,23.71,5,0,129.51,129.51,0,34.01,upi:129.51
KOS-2026-005332,2026-06-14,11:26,normal_sale,active,Sachin Khan,Frooti 200ml,1,piece,10,10,1.5,12,0,129.51,129.51,0,34.01,upi:129.51
KOS-2026-005331,2026-06-14,10:52,normal_sale,active,Walk-in,Good Knight Refill 45ml,1,piece,92.07,92.07,20.07,18,0,605.38,605.38,0,130.38,cash:319|upi:286.38
KOS-2026-005331,2026-06-14,10:52,normal_sale,active,Walk-in,LED Bulb 9W,3,piece,99,297,63,12,0,605.38,605.38,0,130.38,cash:319|upi:286.38
KOS-2026-005331,2026-06-14,10:52,normal_sale,active,Walk-in,Sprite 750ml,2,piece,42.51,85.02,21.02,28,0,605.38,605.38,0,130.38,cash:319|upi:286.38
KOS-2026-005331,2026-06-14,10:52,normal_sale,active,Walk-in,Real Mixed Fruit Juice 1L,1,piece,131.29,131.29,26.29,12,0,605.38,605.38,0,130.38,cash:319|upi:286.38
KOS-2026-005330,2026-06-14,10:32,normal_sale,active,Walk-in,Lays Classic Salted 52g,1,piece,21.82,21.82,5.32,12,0,96.18,96,0,20,cash:96
KOS-2026-005330,2026-06-14,10:32,normal_sale,active,Walk-in,Maggi Noodles 70g,1,piece,14.47,14.47,2.97,12,0,96.18,96,0,20,cash:96
KOS-2026-005330,2026-06-14,10:32,normal_sale,active,Walk-in,Sugar (loose),1,kg,49.89,49.89,8.89,5,0,96.18,96,0,20,cash:96
KOS-2026-005330,2026-06-14,10:32,normal_sale,active,Walk-in,Reynolds Pen,1,piece,10,10,3,12,0,96.18,96,0,20,cash:96
KOS-2026-005329,2026-06-14,10:05,normal_sale,active,Madhuri Sharma,Vim Dishwash Bar 200g,1,piece,21.3,21.3,5.3,18,0,197.2,197.2,0,47.2,upi:197.2
KOS-2026-005329,2026-06-14,10:05,normal_sale,active,Madhuri Sharma,Amul Masti Dahi 400g,2,piece,40,80,16,5,0,197.2,197.2,0,47.2,upi:197.2
KOS-2026-005329,2026-06-14,10:05,normal_sale,active,Madhuri Sharma,Kurkure Masala Munch 70g,2,piece,20,40,7,12,0,197.2,197.2,0,47.2,upi:197.2
KOS-2026-005329,2026-06-14,10:05,normal_sale,active,Madhuri Sharma,Onion,1,kg,35.9,35.9,11.9,0,0,197.2,197.2,0,47.2,upi:197.2
KOS-2026-005329,2026-06-14,10:05,normal_sale,active,Madhuri Sharma,Bisleri Water 1L,1,piece,20,20,7,18,0,197.2,197.2,0,47.2,upi:197.2
KOS-2026-005328,2026-06-14,10:03,normal_sale,active,Annapurna Mess & Canteen,Sugar (loose),0.5,kg,49.89,24.95,4.45,5,0,24.95,24,0,3.5,cash:24
KOS-2026-005327,2026-06-14,10:00,normal_sale,active,Walk-in,Nirma Washing Powder 1kg,1,piece,75.9,75.9,17.9,18,0,214.96,214.96,0,46.96,cash:214.96
KOS-2026-005327,2026-06-14,10:00,normal_sale,active,Walk-in,Groundnut / Peanut (loose),0.5,kg,114.59,57.3,13.3,5,0,214.96,214.96,0,46.96,cash:214.96
KOS-2026-005327,2026-06-14,10:00,normal_sale,active,Walk-in,Britannia Marie Gold 250g,2,piece,40.88,81.76,15.76,18,0,214.96,214.96,0,46.96,cash:214.96
KOS-2026-005326,2026-06-14,09:32,normal_sale,active,Walk-in,Camphor 50g,2,piece,58.45,116.9,32.9,12,0,116.9,116.9,0,32.9,cash:58|upi:58.9
KOS-2026-005325,2026-06-14,09:03,normal_sale,active,Walk-in,Sugar (loose),0.5,kg,49.89,24.95,4.45,5,0,24.95,24,0,3.5,cash:24
KOS-2026-005324,2026-06-14,09:02,normal_sale,active,Walk-in,Moong Dal (loose),0.5,kg,129.02,64.51,16.51,0,0,356.88,356,0,68,cash:356
KOS-2026-005324,2026-06-14,09:02,normal_sale,active,Walk-in,Vim Liquid 500ml,2,piece,118,236,40,18,0,356.88,356,0,68,cash:356
KOS-2026-005324,2026-06-14,09:02,normal_sale,active,Walk-in,Maggi Noodles 70g,1,piece,14.47,14.47,2.97,12,0,356.88,356,0,68,cash:356
KOS-2026-005324,2026-06-14,09:02,normal_sale,active,Walk-in,Lifebuoy Soap 125g,1,piece,35,35,7,18,0,356.88,356,0,68,cash:356
KOS-2026-005324,2026-06-14,09:02,normal_sale,active,Walk-in,Potato,0.25,kg,27.6,6.9,2.4,0,0,356.88,356,0,68,cash:356
KOS-2026-005323,2026-06-14,08:48,normal_sale,active,Mahesh Khan,Haldiram Bhujia 200g,1,piece,57.38,57.38,12.38,12,0,591.82,591.82,0,112.82,upi:591.82
KOS-2026-005323,2026-06-14,08:48,normal_sale,active,Mahesh Khan,Amul Masti Dahi 400g,1,piece,40,40,8,5,0,591.82,591.82,0,112.82,upi:591.82
KOS-2026-005323,2026-06-14,08:48,normal_sale,active,Mahesh Khan,Kurkure Masala Munch 70g,1,piece,20,20,3.5,12,0,591.82,591.82,0,112.82,upi:591.82
KOS-2026-005323,2026-06-14,08:48,normal_sale,active,Mahesh Khan,Amul Gold Milk 500ml,1,piece,37.73,37.73,7.73,0,0,591.82,591.82,0,112.82,upi:591.82
KOS-2026-005323,2026-06-14,08:48,normal_sale,active,Mahesh Khan,Maggi Noodles 70g,1,piece,14.47,14.47,2.97,12,0,591.82,591.82,0,112.82,upi:591.82
KOS-2026-005323,2026-06-14,08:48,normal_sale,active,Mahesh Khan,Garlic,1,kg,153.4,153.4,41.4,0,0,591.82,591.82,0,112.82,upi:591.82
KOS-2026-005323,2026-06-14,08:48,normal_sale,active,Mahesh Khan,Bournvita 500g,1,piece,282.99,268.84,36.84,18,0,591.82,591.82,0,112.82,upi:591.82
KOS-2026-005322,2026-06-13,21:41,normal_sale,active,Walk-in,Lifebuoy Soap 125g,3,piece,35,105,21,18,0,898.34,898.34,0,171.74,bank:898.34
KOS-2026-005322,2026-06-13,21:41,normal_sale,active,Walk-in,Fortune Sunflower Oil 1L,3,piece,167.9,503.7,89.7,5,0,898.34,898.34,0,171.74,bank:898.34
KOS-2026-005322,2026-06-13,21:41,normal_sale,active,Walk-in,Potato,0.25,kg,27.6,6.9,2.4,0,0,898.34,898.34,0,171.74,bank:898.34
KOS-2026-005322,2026-06-13,21:41,normal_sale,active,Walk-in,Maggi Noodles 8-pack,1,piece,108,108,16,12,0,898.34,898.34,0,171.74,bank:898.34
KOS-2026-005322,2026-06-13,21:41,normal_sale,active,Walk-in,Parle-G Biscuit 100g,2,piece,11,22,5.4,18,0,898.34,898.34,0,171.74,bank:898.34
KOS-2026-005322,2026-06-13,21:41,normal_sale,active,Walk-in,Lays Classic Salted 52g,7,piece,21.82,152.74,37.24,12,0,898.34,898.34,0,171.74,bank:898.34
KOS-2026-005321,2026-06-13,21:21,normal_sale,active,Farida Rane,Wheat Atta (loose),0.5,kg,43.91,21.96,5.96,0,25,956.99,956.99,0,168.99,cash:956.99
KOS-2026-005321,2026-06-13,21:21,normal_sale,active,Farida Rane,Maggi Noodles 8-pack,2,piece,108,216,32,12,25,956.99,956.99,0,168.99,cash:956.99
KOS-2026-005321,2026-06-13,21:21,normal_sale,active,Farida Rane,Tomato,0.5,kg,42.13,21.07,8.07,0,25,956.99,956.99,0,168.99,cash:956.99
KOS-2026-005321,2026-06-13,21:21,normal_sale,active,Farida Rane,Coca-Cola 750ml,1,piece,40,40,8,28,25,956.99,956.99,0,168.99,cash:956.99
KOS-2026-005321,2026-06-13,21:21,normal_sale,active,Farida Rane,Agarbatti Pack (20 sticks),1,piece,30,30,6,12,25,956.99,956.99,0,168.99,cash:956.99
KOS-2026-005321,2026-06-13,21:21,normal_sale,active,Farida Rane,Urad Dal (loose),1,kg,139.94,139.94,34.94,0,25,956.99,956.99,0,168.99,cash:956.99
KOS-2026-005321,2026-06-13,21:21,normal_sale,active,Farida Rane,Tata Salt 1kg,1,piece,30.94,30.94,6.94,0,25,956.99,956.99,0,168.99,cash:956.99
KOS-2026-005321,2026-06-13,21:21,normal_sale,active,Farida Rane,Amul Gold Milk 500ml,2,piece,37.73,75.46,15.46,0,25,956.99,956.99,0,168.99,cash:956.99
KOS-2026-005321,2026-06-13,21:21,normal_sale,active,Farida Rane,Good Knight Refill 45ml,2,piece,92.07,184.14,40.14,18,25,956.99,956.99,0,168.99,cash:956.99
KOS-2026-005321,2026-06-13,21:21,normal_sale,active,Farida Rane,Ariel Detergent 1kg,1,piece,155,155,23,18,25,956.99,956.99,0,168.99,cash:956.99
KOS-2026-005321,2026-06-13,21:21,normal_sale,active,Farida Rane,Amul Butter 100g,1,piece,67.48,67.48,13.48,12,25,956.99,956.99,0,168.99,cash:956.99
KOS-2026-005320,2026-06-13,19:54,normal_sale,active,Walk-in,Britannia Brown Bread,1,piece,50,50,8,0,0,487.59,487.59,0,104.59,upi:487.59
KOS-2026-005320,2026-06-13,19:54,normal_sale,active,Walk-in,Amul Masti Dahi 400g,1,piece,40,40,8,5,0,487.59,487.59,0,104.59,upi:487.59
KOS-2026-005320,2026-06-13,19:54,normal_sale,active,Walk-in,Toor Dal (loose),2,kg,148,296,60,0,0,487.59,487.59,0,104.59,upi:487.59
KOS-2026-005320,2026-06-13,19:54,normal_sale,active,Walk-in,Ginger,0.5,kg,115.42,57.71,18.71,0,0,487.59,487.59,0,104.59,upi:487.59
KOS-2026-005320,2026-06-13,19:54,normal_sale,active,Walk-in,Dairy Milk 50g,1,piece,43.88,43.88,9.88,18,0,487.59,487.59,0,104.59,upi:487.59
KOS-2026-005319,2026-06-13,19:41,normal_sale,active,Deepak Jadhav,5 Star 25g,3,piece,10.53,31.59,6.09,18,0,152.83,152.83,0,43.33,cash:152.83
KOS-2026-005319,2026-06-13,19:41,normal_sale,active,Deepak Jadhav,Classmate Notebook 172pg,2,piece,60.62,121.24,37.24,12,0,152.83,152.83,0,43.33,cash:152.83
KOS-2026-005318,2026-06-13,19:39,normal_sale,active,Walk-in,Amul Taaza Milk 500ml,2,piece,28,56,6,0,0,56,56,0,6,cash:56
KOS-2026-005317,2026-06-13,19:38,normal_sale,active,Kavita Dsouza,Tata Tea Gold 500g,1,piece,305,305,40,5,0,305,305,0,40,upi:305
KOS-2026-005316,2026-06-13,19:33,normal_sale,active,Walk-in,Britannia Good Day 100g,1,piece,30.8,30.8,5.8,18,0,30.8,30.8,0,5.8,cash:30.8
KOS-2026-005315,2026-06-13,19:16,normal_sale,active,Gurpreet Shinde,KitKat 4-finger,1,piece,21.13,21.13,4.13,18,0,62.01,62.01,0,12.01,upi:62.01
KOS-2026-005315,2026-06-13,19:16,normal_sale,active,Gurpreet Shinde,Britannia Marie Gold 250g,1,piece,40.88,40.88,7.88,18,0,62.01,62.01,0,12.01,upi:62.01
KOS-2026-005314,2026-06-13,19:15,normal_sale,active,Nilesh Dsouza,Amul Cheese Slices 200g,1,piece,146.21,146.21,24.21,12,0,229.01,229.01,0,47.01,cash:71|upi:158.01
KOS-2026-005314,2026-06-13,19:15,normal_sale,active,Nilesh Dsouza,Bisleri Water 1L,2,piece,20,40,14,18,0,229.01,229.01,0,47.01,cash:71|upi:158.01
KOS-2026-005314,2026-06-13,19:15,normal_sale,active,Nilesh Dsouza,Sunfeast Dark Fantasy 75g,1,piece,42.8,42.8,8.8,18,0,229.01,229.01,0,47.01,cash:71|upi:158.01
KOS-2026-005313,2026-06-13,18:59,normal_sale,active,Nitin Kadam,Center Fresh Gum (jar pc),1,piece,1.07,1.07,0.22,18,0,1051.59,1051.59,0,209.74,upi:1051.59
KOS-2026-005313,2026-06-13,18:59,normal_sale,active,Nitin Kadam,LED Bulb 9W,1,piece,99,99,21,12,0,1051.59,1051.59,0,209.74,upi:1051.59
KOS-2026-005313,2026-06-13,18:59,normal_sale,active,Nitin Kadam,Kissan Tomato Ketchup 500g,4,piece,119.13,476.52,124.52,12,0,1051.59,1051.59,0,209.74,upi:1051.59
KOS-2026-005313,2026-06-13,18:59,normal_sale,active,Nitin Kadam,Coca-Cola 750ml,3,piece,40,120,24,28,0,1051.59,1051.59,0,209.74,upi:1051.59
KOS-2026-005313,2026-06-13,18:59,normal_sale,active,Nitin Kadam,Amul Ghee 500ml,1,piece,355,355,40,12,0,1051.59,1051.59,0,209.74,upi:1051.59
KOS-2026-005312,2026-06-13,18:39,normal_sale,active,Sneha Chavan,Coca-Cola 750ml,1,piece,40,40,8,28,0,198,198,0,63,cash:198
KOS-2026-005312,2026-06-13,18:39,normal_sale,active,Sneha Chavan,Bisleri Water 1L,1,piece,20,20,7,18,0,198,198,0,63,cash:198
KOS-2026-005312,2026-06-13,18:39,normal_sale,active,Sneha Chavan,Potato,5,kg,27.6,138,48,0,0,198,198,0,63,cash:198
KOS-2026-005311,2026-06-13,18:39,normal_sale,active,Pooja Deshmukh,Lux Soap 100g,1,piece,39.81,39.81,9.81,18,0,391.84,391.84,0,81.74,upi:391.84
KOS-2026-005311,2026-06-13,18:39,normal_sale,active,Pooja Deshmukh,Ariel Detergent 1kg,1,piece,155,155,23,18,0,391.84,391.84,0,81.74,upi:391.84
KOS-2026-005311,2026-06-13,18:39,normal_sale,active,Pooja Deshmukh,Kissan Tomato Ketchup 500g,1,piece,119.13,119.13,31.13,12,0,391.84,391.84,0,81.74,upi:391.84
KOS-2026-005311,2026-06-13,18:39,normal_sale,active,Pooja Deshmukh,Sona Masoori Rice (loose),0.25,kg,63.6,15.9,4.4,0,0,391.84,391.84,0,81.74,upi:391.84
KOS-2026-005311,2026-06-13,18:39,normal_sale,active,Pooja Deshmukh,Parle-G Biscuit 100g,2,piece,11,22,5.4,18,0,391.84,391.84,0,81.74,upi:391.84
KOS-2026-005311,2026-06-13,18:39,normal_sale,active,Pooja Deshmukh,Coca-Cola 750ml,1,piece,40,40,8,28,0,391.84,391.84,0,81.74,upi:391.84
KOS-2026-005310,2026-06-13,18:18,normal_sale,active,Walk-in,Coca-Cola 750ml,1,piece,40,40,8,28,0,148.94,148.94,0,29.94,cash:148.94
KOS-2026-005310,2026-06-13,18:18,normal_sale,active,Walk-in,Amul Masti Dahi 400g,2,piece,40,80,16,5,0,148.94,148.94,0,29.94,cash:148.94
KOS-2026-005310,2026-06-13,18:18,normal_sale,active,Walk-in,Maggi Noodles 70g,2,piece,14.47,28.94,5.94,12,0,148.94,148.94,0,29.94,cash:148.94
KOS-2026-005309,2026-06-13,17:54,normal_sale,active,Walk-in,Amul Taaza Milk 500ml,2,piece,28,56,6,0,25,707.6,707.6,0,122.6,upi:707.6
KOS-2026-005309,2026-06-13,17:54,normal_sale,active,Walk-in,Potato,0.25,kg,27.6,6.9,2.4,0,25,707.6,707.6,0,122.6,upi:707.6
KOS-2026-005309,2026-06-13,17:54,normal_sale,active,Walk-in,5 Star 25g,1,piece,10.53,10.53,2.03,18,25,707.6,707.6,0,122.6,upi:707.6
KOS-2026-005309,2026-06-13,17:54,normal_sale,active,Walk-in,Sunfeast Dark Fantasy 75g,1,piece,42.8,42.8,8.8,18,25,707.6,707.6,0,122.6,upi:707.6
KOS-2026-005309,2026-06-13,17:54,normal_sale,active,Walk-in,Dhara Mustard Oil 1L,3,piece,191.57,574.71,118.71,5,25,707.6,707.6,0,122.6,upi:707.6
KOS-2026-005309,2026-06-13,17:54,normal_sale,active,Walk-in,Thums Up 750ml,1,piece,41.66,41.66,9.66,28,25,707.6,707.6,0,122.6,upi:707.6
KOS-2026-005308,2026-06-13,17:42,normal_sale,active,Walk-in,Good Knight Refill 45ml,3,piece,92.07,276.21,60.21,18,0,358.72,358,0,78,cash:358
KOS-2026-005308,2026-06-13,17:42,normal_sale,active,Walk-in,Amul Masti Dahi 400g,1,piece,40,40,8,5,0,358.72,358,0,78,cash:358
KOS-2026-005308,2026-06-13,17:42,normal_sale,active,Walk-in,Sprite 750ml,1,piece,42.51,42.51,10.51,28,0,358.72,358,0,78,cash:358
KOS-2026-005307,2026-06-13,17:34,normal_sale,active,Walk-in,MDH Garam Masala 100g,2,piece,94.71,189.42,33.42,5,0,455.33,455.33,0,78.63,upi:455.33
KOS-2026-005307,2026-06-13,17:34,normal_sale,active,Walk-in,Kurkure Masala Munch 70g,1,piece,20,20,3.5,12,0,455.33,455.33,0,78.63,upi:455.33
KOS-2026-005307,2026-06-13,17:34,normal_sale,active,Walk-in,Amul Gold Milk 500ml,1,piece,37.73,37.73,7.73,0,0,455.33,455.33,0,78.63,upi:455.33
KOS-2026-005307,2026-06-13,17:34,normal_sale,active,Walk-in,Amul Taaza Milk 500ml,2,piece,28,56,6,0,0,455.33,455.33,0,78.63,upi:455.33
KOS-2026-005307,2026-06-13,17:34,normal_sale,active,Walk-in,Britannia Good Day 100g,2,piece,30.8,61.6,11.6,18,0,455.33,455.33,0,78.63,upi:455.33
KOS-2026-005307,2026-06-13,17:34,normal_sale,active,Walk-in,Kissan Mixed Fruit Jam 200g,1,piece,82,82,14,12,0,455.33,455.33,0,78.63,upi:455.33
KOS-2026-005307,2026-06-13,17:34,normal_sale,active,Walk-in,Farm Eggs,1,piece,8.58,8.58,2.38,0,0,455.33,455.33,0,78.63,upi:455.33
KOS-2026-005306,2026-06-13,17:18,normal_sale,active,Walk-in,Clinic Plus Shampoo 175ml,2,piece,140,280,44,18,25,381.85,381.85,0,42.85,upi:381.85
KOS-2026-005306,2026-06-13,17:18,normal_sale,active,Walk-in,Oreo Biscuit 120g,1,piece,35,35,5,18,25,381.85,381.85,0,42.85,upi:381.85
KOS-2026-005306,2026-06-13,17:18,normal_sale,active,Walk-in,Kurkure Masala Munch 70g,1,piece,20,20,3.5,12,25,381.85,381.85,0,42.85,upi:381.85
KOS-2026-005306,2026-06-13,17:18,normal_sale,active,Walk-in,Maggi Noodles 70g,1,piece,14.47,14.47,2.97,12,25,381.85,381.85,0,42.85,upi:381.85
KOS-2026-005306,2026-06-13,17:18,normal_sale,active,Walk-in,Haldiram Bhujia 200g,1,piece,57.38,57.38,12.38,12,25,381.85,381.85,0,42.85,upi:381.85
KOS-2026-005305,2026-06-13,17:15,normal_sale,active,Sanjay More,Reynolds Pen,1,piece,10,10,3,12,0,10,10,0,3,upi:10
KOS-2026-005304,2026-06-13,15:56,normal_sale,active,Walk-in,Agarbatti Pack (20 sticks),1,piece,30,30,6,12,0,212.12,212.12,0,42.12,cash:212.12
KOS-2026-005304,2026-06-13,15:56,normal_sale,active,Walk-in,Dairy Milk 50g,2,piece,43.88,87.76,19.76,18,0,212.12,212.12,0,42.12,cash:212.12
KOS-2026-005304,2026-06-13,15:56,normal_sale,active,Walk-in,Close Up Red 150g,1,piece,94.36,94.36,16.36,18,0,212.12,212.12,0,42.12,cash:212.12
KOS-2026-005303,2026-06-13,12:47,normal_sale,active,Walk-in,Kurkure Masala Munch 70g,6,piece,20,120,21,12,25,955.37,955.37,0,111.87,cash:955.37
KOS-2026-005303,2026-06-13,12:47,normal_sale,active,Walk-in,Amul Masti Dahi 400g,1,piece,40,40,8,5,25,955.37,955.37,0,111.87,cash:955.37
KOS-2026-005303,2026-06-13,12:47,normal_sale,active,Walk-in,Maggi Noodles 70g,1,piece,14.47,14.47,2.97,12,25,955.37,955.37,0,111.87,cash:955.37
KOS-2026-005303,2026-06-13,12:47,normal_sale,active,Walk-in,Nirma Washing Powder 1kg,1,piece,75.9,75.9,17.9,18,25,955.37,955.37,0,111.87,cash:955.37
KOS-2026-005303,2026-06-13,12:47,normal_sale,active,Walk-in,Amul Ghee 500ml,2,piece,355,710,80,12,25,955.37,955.37,0,111.87,cash:955.37
KOS-2026-005303,2026-06-13,12:47,normal_sale,active,Walk-in,Bisleri Water 1L,1,piece,20,20,7,18,25,955.37,955.37,0,111.87,cash:955.37
KOS-2026-005302,2026-06-13,12:32,normal_sale,active,Walk-in,Bournvita 500g,1,piece,282.99,282.99,50.99,18,0,669.49,669.49,0,123.49,bank:669.49
KOS-2026-005302,2026-06-13,12:32,normal_sale,active,Walk-in,Ginger,0.25,kg,115.42,28.86,9.36,0,0,669.49,669.49,0,123.49,bank:669.49
KOS-2026-005302,2026-06-13,12:32,normal_sale,active,Walk-in,Dairy Milk 50g,3,piece,43.88,131.64,29.64,18,0,669.49,669.49,0,123.49,bank:669.49
KOS-2026-005302,2026-06-13,12:32,normal_sale,active,Walk-in,Frooti 200ml,1,piece,10,10,1.5,12,0,669.49,669.49,0,123.49,bank:669.49
KOS-2026-005302,2026-06-13,12:32,normal_sale,active,Walk-in,Maggi Noodles 8-pack,2,piece,108,216,32,12,0,669.49,669.49,0,123.49,bank:669.49
KOS-2026-005301,2026-06-13,12:23,normal_sale,active,Vijay More,Oreo Biscuit 120g,1,piece,35,35,5,18,25,307.38,307.38,0,43.98,upi:307.38
KOS-2026-005301,2026-06-13,12:23,normal_sale,active,Vijay More,Potato,0.25,kg,27.6,6.9,2.4,0,25,307.38,307.38,0,43.98,upi:307.38
KOS-2026-005301,2026-06-13,12:23,normal_sale,active,Vijay More,Good Knight Refill 45ml,1,piece,92.07,92.07,20.07,18,25,307.38,307.38,0,43.98,upi:307.38
KOS-2026-005301,2026-06-13,12:23,normal_sale,active,Vijay More,Catch Red Chilli Powder 100g,1,piece,60,60,12,5,25,307.38,307.38,0,43.98,upi:307.38
KOS-2026-005301,2026-06-13,12:23,normal_sale,active,Vijay More,Chana Dal (loose),0.5,kg,92,46,9,0,25,307.38,307.38,0,43.98,upi:307.38
KOS-2026-005301,2026-06-13,12:23,normal_sale,active,Vijay More,Tomato,0.25,kg,42.13,10.53,4.03,0,25,307.38,307.38,0,43.98,upi:307.38
KOS-2026-005301,2026-06-13,12:23,normal_sale,active,Vijay More,Dairy Milk 50g,1,piece,43.88,43.88,9.88,18,25,307.38,307.38,0,43.98,upi:307.38
KOS-2026-005301,2026-06-13,12:23,normal_sale,active,Vijay More,Lemon,2,piece,5,10,3.6,0,25,307.38,307.38,0,43.98,upi:307.38
KOS-2026-005301,2026-06-13,12:23,normal_sale,active,Vijay More,Amul Taaza Milk 500ml,1,piece,28,28,3,0,25,307.38,307.38,0,43.98,upi:307.38
KOS-2026-005300,2026-06-13,12:04,normal_sale,active,Walk-in,Red Label Tea 250g,1,piece,155.56,155.56,27.56,5,0,213.27,213.27,0,46.27,cash:213.27
KOS-2026-005300,2026-06-13,12:04,normal_sale,active,Walk-in,Ginger,0.5,kg,115.42,57.71,18.71,0,0,213.27,213.27,0,46.27,cash:213.27
KOS-2026-005299,2026-06-13,11:59,normal_sale,active,Walk-in,Bisleri Water 1L,3,piece,20,60,21,18,43.99,341.96,341.96,0,59.26,bank:341.96
KOS-2026-005299,2026-06-13,11:59,normal_sale,active,Walk-in,Dairy Milk 50g,2,piece,43.88,87.76,19.76,18,43.99,341.96,341.96,0,59.26,bank:341.96
KOS-2026-005299,2026-06-13,11:59,normal_sale,active,Walk-in,Garlic,0.5,kg,153.4,76.7,20.7,0,43.99,341.96,341.96,0,59.26,bank:341.96
KOS-2026-005299,2026-06-13,11:59,normal_sale,active,Walk-in,Potato,2,kg,27.6,55.2,19.2,0,43.99,341.96,341.96,0,59.26,bank:341.96
KOS-2026-005299,2026-06-13,11:59,normal_sale,active,Walk-in,Maggi Noodles 70g,7,piece,14.47,101.29,20.79,12,43.99,341.96,341.96,0,59.26,bank:341.96
KOS-2026-005299,2026-06-13,11:59,normal_sale,active,Walk-in,Lemon,1,piece,5,5,1.8,0,43.99,341.96,341.96,0,59.26,bank:341.96
KOS-2026-005298,2026-06-13,11:16,normal_sale,active,Prakash Dsouza,Amul Taaza Milk 500ml,3,piece,28,84,9,0,0,204,204,0,33,cash:204
KOS-2026-005298,2026-06-13,11:16,normal_sale,active,Prakash Dsouza,Agarbatti Pack (20 sticks),4,piece,30,120,24,12,0,204,204,0,33,cash:204
KOS-2026-005297,2026-06-13,11:13,normal_sale,active,Sunita Kulkarni,Britannia Marie Gold 250g,1,piece,40.88,40.88,7.88,18,0,40.88,40.88,0,7.88,upi:40.88
KOS-2026-005296,2026-06-13,11:04,normal_sale,active,Walk-in,Amul Masti Dahi 400g,1,piece,40,40,8,5,0,248,248,0,51.5,upi:248
KOS-2026-005296,2026-06-13,11:04,normal_sale,active,Walk-in,LED Bulb 9W,2,piece,99,198,42,12,0,248,248,0,51.5,upi:248
KOS-2026-005296,2026-06-13,11:04,normal_sale,active,Walk-in,Frooti 200ml,1,piece,10,10,1.5,12,0,248,248,0,51.5,upi:248
KOS-2026-005295,2026-06-13,11:02,normal_sale,active,Sai Snacks Corner,Vim Liquid 500ml,3,piece,118,354,60,18,0,723.23,723.23,0,155.93,cash:723.23
KOS-2026-005295,2026-06-13,11:02,normal_sale,active,Sai Snacks Corner,Chana Dal (loose),0.25,kg,92,23,4.5,0,0,723.23,723.23,0,155.93,cash:723.23
KOS-2026-005295,2026-06-13,11:02,normal_sale,active,Sai Snacks Corner,Dettol Antiseptic 250ml,1,piece,172.13,172.13,40.13,18,0,723.23,723.23,0,155.93,cash:723.23
KOS-2026-005295,2026-06-13,11:02,normal_sale,active,Sai Snacks Corner,Basmati Rice Premium (loose),1,kg,133.1,133.1,41.1,0,0,723.23,723.23,0,155.93,cash:723.23
KOS-2026-005295,2026-06-13,11:02,normal_sale,active,Sai Snacks Corner,Parle-G Biscuit 100g,1,piece,11,11,2.7,18,0,723.23,723.23,0,155.93,cash:723.23
KOS-2026-005295,2026-06-13,11:02,normal_sale,active,Sai Snacks Corner,Frooti 200ml,1,piece,10,10,1.5,12,0,723.23,723.23,0,155.93,cash:723.23
KOS-2026-005295,2026-06-13,11:02,normal_sale,active,Sai Snacks Corner,Reynolds Pen,2,piece,10,20,6,12,0,723.23,723.23,0,155.93,cash:723.23
KOS-2026-005294,2026-06-13,10:40,normal_sale,active,Walk-in,Dove Soap 100g,1,piece,68,68,13,18,25,440.29,440,0,48.5,cash:440
KOS-2026-005294,2026-06-13,10:40,normal_sale,active,Walk-in,Real Mixed Fruit Juice 1L,1,piece,131.29,131.29,26.29,12,25,440.29,440,0,48.5,cash:440
KOS-2026-005294,2026-06-13,10:40,normal_sale,active,Walk-in,Amul Taaza Milk 500ml,2,piece,28,56,6,0,25,440.29,440,0,48.5,cash:440
KOS-2026-005294,2026-06-13,10:40,normal_sale,active,Walk-in,Kurkure Masala Munch 70g,1,piece,20,20,3.5,12,25,440.29,440,0,48.5,cash:440
KOS-2026-005294,2026-06-13,10:40,normal_sale,active,Walk-in,Saffola Gold Oil 1L,1,piece,190,190,25,5,25,440.29,440,0,48.5,cash:440
KOS-2026-005293,2026-06-13,10:24,normal_sale,active,Salim Verma,Reynolds Pen,1,piece,10,10,3,12,0,241.06,241.06,0,59.71,cash:124|upi:117.06
KOS-2026-005293,2026-06-13,10:24,normal_sale,active,Salim Verma,Wheat Atta (loose),0.25,kg,43.91,10.98,2.98,0,0,241.06,241.06,0,59.71,cash:124|upi:117.06
KOS-2026-005293,2026-06-13,10:24,normal_sale,active,Salim Verma,Center Fresh Gum (jar pc),1,piece,1.07,1.07,0.22,18,0,241.06,241.06,0,59.71,cash:124|upi:117.06
KOS-2026-005293,2026-06-13,10:24,normal_sale,active,Salim Verma,Frooti 200ml,3,piece,10,30,4.5,12,0,241.06,241.06,0,59.71,cash:124|upi:117.06
KOS-2026-005293,2026-06-13,10:24,normal_sale,active,Salim Verma,Thums Up 750ml,1,piece,41.66,41.66,9.66,28,0,241.06,241.06,0,59.71,cash:124|upi:117.06
KOS-2026-005293,2026-06-13,10:24,normal_sale,active,Salim Verma,Moong Dal (loose),0.25,kg,129.02,32.26,8.26,0,0,241.06,241.06,0,59.71,cash:124|upi:117.06
KOS-2026-005293,2026-06-13,10:24,normal_sale,active,Salim Verma,Ginger,0.5,kg,115.42,57.71,18.71,0,0,241.06,241.06,0,59.71,cash:124|upi:117.06
KOS-2026-005293,2026-06-13,10:24,normal_sale,active,Salim Verma,Haldiram Bhujia 200g,1,piece,57.38,57.38,12.38,12,0,241.06,241.06,0,59.71,cash:124|upi:117.06
KOS-2026-005292,2026-06-13,10:17,normal_sale,active,Walk-in,Moong Dal (loose),0.25,kg,129.02,32.26,8.26,0,0,538.22,538.22,0,130.72,upi:538.22
KOS-2026-005292,2026-06-13,10:17,normal_sale,active,Walk-in,Bingo Mad Angles 66g,1,piece,20.81,20.81,4.31,12,0,538.22,538.22,0,130.72,upi:538.22
KOS-2026-005292,2026-06-13,10:17,normal_sale,active,Walk-in,Bisleri Water 1L,1,piece,20,20,7,18,0,538.22,538.22,0,130.72,upi:538.22
KOS-2026-005292,2026-06-13,10:17,normal_sale,active,Walk-in,Surf Excel Easy Wash 1kg,3,piece,155.05,465.15,111.15,18,0,538.22,538.22,0,130.72,upi:538.22
KOS-2026-005291,2026-06-13,10:12,normal_sale,active,Nasreen Chavan,Saffola Gold Oil 1L,2,piece,190,380,50,5,0,419.65,419,0,58.7,cash:419
KOS-2026-005291,2026-06-13,10:12,normal_sale,active,Nasreen Chavan,Groundnut / Peanut (loose),0.25,kg,114.59,28.65,6.65,5,0,419.65,419,0,58.7,cash:419
KOS-2026-005291,2026-06-13,10:12,normal_sale,active,Nasreen Chavan,Parle-G Biscuit 100g,1,piece,11,11,2.7,18,0,419.65,419,0,58.7,cash:419
KOS-2026-005290,2026-06-13,09:44,normal_sale,active,Walk-in,LED Bulb 9W,3,piece,99,297,63,12,0,311.47,311.47,0,65.97,cash:311.47
KOS-2026-005290,2026-06-13,09:44,normal_sale,active,Walk-in,Maggi Noodles 70g,1,piece,14.47,14.47,2.97,12,0,311.47,311.47,0,65.97,cash:311.47
KOS-2026-005289,2026-06-13,09:28,normal_sale,active,Walk-in,Sugar (loose),0.25,kg,49.89,12.47,2.22,5,0,367.8,367,0,75.75,cash:367
KOS-2026-005289,2026-06-13,09:28,normal_sale,active,Walk-in,Real Mixed Fruit Juice 1L,1,piece,131.29,131.29,26.29,12,0,367.8,367,0,75.75,cash:367
KOS-2026-005289,2026-06-13,09:28,normal_sale,active,Walk-in,Harpic Toilet Cleaner 500ml,2,piece,112.02,224.04,48.04,18,0,367.8,367,0,75.75,cash:367
KOS-2026-005288,2026-06-13,09:22,normal_sale,active,Hotel Green Leaf,Amul Taaza Milk 500ml,2,piece,28,56,6,0,0,56,56,0,6,cash:56
KOS-2026-005287,2026-06-13,08:48,normal_sale,active,Walk-in,Dettol Antiseptic 250ml,1,piece,172.13,172.13,40.13,18,0,997.13,997.13,0,207.93,upi:997.13
KOS-2026-005287,2026-06-13,08:48,normal_sale,active,Walk-in,Toor Dal (loose),5,kg,148,740,150,0,0,997.13,997.13,0,207.93,upi:997.13
KOS-2026-005287,2026-06-13,08:48,normal_sale,active,Walk-in,Lemon,1,piece,5,5,1.8,0,0,997.13,997.13,0,207.93,upi:997.13
KOS-2026-005287,2026-06-13,08:48,normal_sale,active,Walk-in,Coca-Cola 750ml,2,piece,40,80,16,28,0,997.13,997.13,0,207.93,upi:997.13
KOS-2026-005286,2026-06-13,08:04,normal_sale,active,Walk-in,Sona Masoori Rice (loose),1,kg,63.6,63.6,17.6,0,0,161.55,161,0,39,cash:161
KOS-2026-005286,2026-06-13,08:04,normal_sale,active,Walk-in,Amul Masti Dahi 400g,2,piece,40,80,16,5,0,161.55,161,0,39,cash:161
KOS-2026-005286,2026-06-13,08:04,normal_sale,active,Walk-in,Onion,0.5,kg,35.9,17.95,5.95,0,0,161.55,161,0,39,cash:161
KOS-2026-005285,2026-06-12,21:18,normal_sale,active,Walk-in,Thums Up 750ml,1,piece,41.66,41.66,9.66,28,0,41.66,41.66,0,9.66,upi:41.66
KOS-2026-005284,2026-06-12,21:12,normal_sale,active,Walk-in,Bournvita 500g,1,piece,282.99,282.99,50.99,18,0,282.99,282.99,0,50.99,upi:282.99
KOS-2026-005283,2026-06-12,21:07,normal_sale,active,Walk-in,Sugar (loose),2,kg,49.89,99.78,17.78,5,0,489.29,489.29,0,77.79,upi:489.29
KOS-2026-005283,2026-06-12,21:07,normal_sale,active,Walk-in,5 Star 25g,7,piece,10.53,73.71,14.21,18,0,489.29,489.29,0,77.79,upi:489.29
KOS-2026-005283,2026-06-12,21:07,normal_sale,active,Walk-in,Aashirvaad Atta 5kg,1,piece,285,285,40,5,0,489.29,489.29,0,77.79,upi:489.29
KOS-2026-005283,2026-06-12,21:07,normal_sale,active,Walk-in,Britannia Good Day 100g,1,piece,30.8,30.8,5.8,18,0,489.29,489.29,0,77.79,upi:489.29
KOS-2026-005282,2026-06-12,21:05,normal_sale,active,Nilesh Dsouza,Wheat Atta (loose),0.5,kg,43.91,21.96,5.96,0,0,21.96,21,0,5,cash:21
KOS-2026-005281,2026-06-12,20:42,normal_sale,active,Madhuri Gupta,Amul Taaza Milk 500ml,1,piece,28,28,3,0,0,28,28,0,3,upi:28
KOS-2026-005280,2026-06-12,20:08,normal_sale,active,Walk-in,Vim Liquid 500ml,1,piece,118,118,20,18,0,934.89,934.89,0,203.39,upi:934.89
KOS-2026-005280,2026-06-12,20:08,normal_sale,active,Walk-in,Kurkure Masala Munch 70g,1,piece,20,20,3.5,12,0,934.89,934.89,0,203.39,upi:934.89
KOS-2026-005280,2026-06-12,20:08,normal_sale,active,Walk-in,KitKat 4-finger,1,piece,21.13,21.13,4.13,18,0,934.89,934.89,0,203.39,upi:934.89
KOS-2026-005280,2026-06-12,20:08,normal_sale,active,Walk-in,Surf Excel Easy Wash 1kg,4,piece,155.05,620.2,148.2,18,0,934.89,934.89,0,203.39,upi:934.89
KOS-2026-005280,2026-06-12,20:08,normal_sale,active,Walk-in,Red Label Tea 250g,1,piece,155.56,155.56,27.56,5,0,934.89,934.89,0,203.39,upi:934.89
KOS-2026-005279,2026-06-12,20:06,normal_sale,active,Walk-in,Close Up Red 150g,1,piece,94.36,94.36,16.36,18,0,200.35,200.35,0,41.85,cash:83|upi:117.35
KOS-2026-005279,2026-06-12,20:06,normal_sale,active,Walk-in,Lays Classic Salted 52g,1,piece,21.82,21.82,5.32,12,0,200.35,200.35,0,41.85,cash:83|upi:117.35
KOS-2026-005279,2026-06-12,20:06,normal_sale,active,Walk-in,Thums Up 750ml,1,piece,41.66,41.66,9.66,28,0,200.35,200.35,0,41.85,cash:83|upi:117.35
KOS-2026-005279,2026-06-12,20:06,normal_sale,active,Walk-in,Sprite 750ml,1,piece,42.51,42.51,10.51,28,0,200.35,200.35,0,41.85,cash:83|upi:117.35
KOS-2026-005278,2026-06-12,19:54,normal_sale,active,Walk-in,Rava / Sooji (loose),1,kg,50.32,50.32,14.32,5,0,81.26,81.26,0,21.26,upi:81.26
KOS-2026-005278,2026-06-12,19:54,normal_sale,active,Walk-in,Tata Salt 1kg,1,piece,30.94,30.94,6.94,0,0,81.26,81.26,0,21.26,upi:81.26
KOS-2026-005277,2026-06-12,19:51,normal_sale,active,Harshada Shaikh,Farm Eggs,2,piece,8.58,17.16,4.76,0,0,106.14,106,0,31.6,cash:106
KOS-2026-005277,2026-06-12,19:51,normal_sale,active,Harshada Shaikh,Onion,0.25,kg,35.9,8.98,2.98,0,0,106.14,106,0,31.6,cash:106
KOS-2026-005277,2026-06-12,19:51,normal_sale,active,Harshada Shaikh,Bisleri Water 1L,3,piece,20,60,21,18,0,106.14,106,0,31.6,cash:106
KOS-2026-005277,2026-06-12,19:51,normal_sale,active,Harshada Shaikh,Frooti 200ml,2,piece,10,20,3,12,0,106.14,106,0,31.6,cash:106
KOS-2026-005276,2026-06-12,19:41,normal_sale,active,Walk-in,Lays Classic Salted 52g,1,piece,21.82,21.82,5.32,12,0,349.51,349.51,0,72.11,bank:349.51
KOS-2026-005276,2026-06-12,19:41,normal_sale,active,Walk-in,Agarbatti Pack (20 sticks),2,piece,30,60,12,12,0,349.51,349.51,0,72.11,bank:349.51
KOS-2026-005276,2026-06-12,19:41,normal_sale,active,Walk-in,Britannia Brown Bread,4,piece,50,200,32,0,0,349.51,349.51,0,72.11,bank:349.51
KOS-2026-005276,2026-06-12,19:41,normal_sale,active,Walk-in,Bisleri Water 1L,2,piece,20,40,14,18,0,349.51,349.51,0,72.11,bank:349.51
KOS-2026-005276,2026-06-12,19:41,normal_sale,active,Walk-in,Farm Eggs,2,piece,8.58,17.16,4.76,0,0,349.51,349.51,0,72.11,bank:349.51
KOS-2026-005276,2026-06-12,19:41,normal_sale,active,Walk-in,Tomato,0.25,kg,42.13,10.53,4.03,0,0,349.51,349.51,0,72.11,bank:349.51
KOS-2026-005275,2026-06-12,19:05,normal_sale,active,Walk-in,Coca-Cola 750ml,1,piece,40,40,8,28,0,440,440,0,65,bank:440
KOS-2026-005275,2026-06-12,19:05,normal_sale,active,Walk-in,Bisleri Water 1L,1,piece,20,20,7,18,0,440,440,0,65,bank:440
KOS-2026-005275,2026-06-12,19:05,normal_sale,active,Walk-in,Saffola Gold Oil 1L,2,piece,190,380,50,5,0,440,440,0,65,bank:440
KOS-2026-005274,2026-06-12,19:03,normal_sale,active,Walk-in,5 Star 25g,1,piece,10.53,10.53,2.03,18,0,808.59,808,0,126,cash:808
KOS-2026-005274,2026-06-12,19:03,normal_sale,active,Walk-in,Wheat Atta (loose),0.25,kg,43.91,10.98,2.98,0,0,808.59,808,0,126,cash:808
KOS-2026-005274,2026-06-12,19:03,normal_sale,active,Walk-in,Potato,0.5,kg,27.6,13.8,4.8,0,0,808.59,808,0,126,cash:808
KOS-2026-005274,2026-06-12,19:03,normal_sale,active,Walk-in,Saffola Gold Oil 1L,1,piece,190,190,25,5,0,808.59,808,0,126,cash:808
KOS-2026-005274,2026-06-12,19:03,normal_sale,active,Walk-in,Amul Ghee 500ml,1,piece,355,355,40,12,0,808.59,808,0,126,cash:808
KOS-2026-005274,2026-06-12,19:03,normal_sale,active,Walk-in,Lays Classic Salted 52g,1,piece,21.82,21.82,5.32,12,0,808.59,808,0,126,cash:808
KOS-2026-005274,2026-06-12,19:03,normal_sale,active,Walk-in,Dairy Milk 50g,4,piece,43.88,175.52,39.52,18,0,808.59,808,0,126,cash:808
KOS-2026-005274,2026-06-12,19:03,normal_sale,active,Walk-in,Tata Salt 1kg,1,piece,30.94,30.94,6.94,0,0,808.59,808,0,126,cash:808
KOS-2026-005273,2026-06-12,18:25,normal_sale,active,Sanjay Kulkarni,Britannia Brown Bread,1,piece,50,50,8,0,0,1103.1,1103.1,0,205.8,cash:1103.1
KOS-2026-005273,2026-06-12,18:25,normal_sale,active,Sanjay Kulkarni,Britannia Marie Gold 250g,1,piece,40.88,40.88,7.88,18,0,1103.1,1103.1,0,205.8,cash:1103.1
KOS-2026-005273,2026-06-12,18:25,normal_sale,active,Sanjay Kulkarni,Lizol Floor Cleaner 500ml,2,piece,125,250,40,18,0,1103.1,1103.1,0,205.8,cash:1103.1
KOS-2026-005273,2026-06-12,18:25,normal_sale,active,Sanjay Kulkarni,Dettol Antiseptic 250ml,2,piece,172.13,344.26,80.26,18,0,1103.1,1103.1,0,205.8,cash:1103.1
KOS-2026-005273,2026-06-12,18:25,normal_sale,active,Sanjay Kulkarni,Wheat Atta (loose),0.5,kg,43.91,21.96,5.96,0,0,1103.1,1103.1,0,205.8,cash:1103.1
KOS-2026-005273,2026-06-12,18:25,normal_sale,active,Sanjay Kulkarni,Mother Dairy Paneer 200g,3,piece,105,315,51,5,0,1103.1,1103.1,0,205.8,cash:1103.1
KOS-2026-005273,2026-06-12,18:25,normal_sale,active,Sanjay Kulkarni,Oreo Biscuit 120g,2,piece,35,70,10,18,0,1103.1,1103.1,0,205.8,cash:1103.1
KOS-2026-005273,2026-06-12,18:25,normal_sale,active,Sanjay Kulkarni,Parle-G Biscuit 100g,1,piece,11,11,2.7,18,0,1103.1,1103.1,0,205.8,cash:1103.1
KOS-2026-005272,2026-06-12,18:04,normal_sale,active,Kiran Pawar,Sona Masoori Rice (loose),0.5,kg,63.6,31.8,8.8,0,0,391.36,391,0,97.5,cash:391
KOS-2026-005272,2026-06-12,18:04,normal_sale,active,Kiran Pawar,Tata Salt 1kg,2,piece,30.94,61.88,13.88,0,0,391.36,391,0,97.5,cash:391
KOS-2026-005272,2026-06-12,18:04,normal_sale,active,Kiran Pawar,Lifebuoy Soap 125g,4,piece,35,140,28,18,0,391.36,391,0,97.5,cash:391
KOS-2026-005272,2026-06-12,18:04,normal_sale,active,Kiran Pawar,Frooti 200ml,1,piece,10,10,1.5,12,0,391.36,391,0,97.5,cash:391
KOS-2026-005272,2026-06-12,18:04,normal_sale,active,Kiran Pawar,Moong Dal (loose),0.25,kg,129.02,32.26,8.26,0,0,391.36,391,0,97.5,cash:391
KOS-2026-005272,2026-06-12,18:04,normal_sale,active,Kiran Pawar,Ginger,1,kg,115.42,115.42,37.42,0,0,391.36,391,0,97.5,cash:391
KOS-2026-005271,2026-06-12,17:49,normal_sale,active,Walk-in,Sunfeast Dark Fantasy 75g,2,piece,42.8,85.6,17.6,18,0,866.86,866,0,170,cash:866
KOS-2026-005271,2026-06-12,17:49,normal_sale,active,Walk-in,Nescafe Classic 50g,2,piece,200.58,401.16,65.16,18,0,866.86,866,0,170,cash:866
KOS-2026-005271,2026-06-12,17:49,normal_sale,active,Walk-in,Surf Excel Easy Wash 1kg,2,piece,155.05,310.1,74.1,18,0,866.86,866,0,170,cash:866
KOS-2026-005271,2026-06-12,17:49,normal_sale,active,Walk-in,Lifebuoy Soap 125g,2,piece,35,70,14,18,0,866.86,866,0,170,cash:866
KOS-2026-005270,2026-06-12,17:42,normal_sale,active,Walk-in,Coca-Cola 750ml,1,piece,40,40,8,28,0,119,119,0,23.7,cash:119
KOS-2026-005270,2026-06-12,17:42,normal_sale,active,Walk-in,Dove Soap 100g,1,piece,68,68,13,18,0,119,119,0,23.7,cash:119
KOS-2026-005270,2026-06-12,17:42,normal_sale,active,Walk-in,Parle-G Biscuit 100g,1,piece,11,11,2.7,18,0,119,119,0,23.7,cash:119
KOS-2026-005269,2026-06-12,17:33,normal_sale,active,Walk-in,Whisper Ultra 15 pads,1,piece,175,175,27,12,0,186,186,0,29.7,cash:129|upi:57
KOS-2026-005269,2026-06-12,17:33,normal_sale,active,Walk-in,Parle-G Biscuit 100g,1,piece,11,11,2.7,18,0,186,186,0,29.7,cash:129|upi:57
KOS-2026-005268,2026-06-12,17:30,normal_sale,active,Sunita Kulkarni,Ginger,2,kg,115.42,230.84,74.84,0,0,230.84,0,230.84,74.84,
KOS-2026-005267,2026-06-12,16:23,normal_sale,active,Madhuri Gupta,Amul Gold Milk 500ml,2,piece,37.73,75.46,15.46,0,25,329.64,329.64,0,44.64,upi:329.64
KOS-2026-005267,2026-06-12,16:23,normal_sale,active,Madhuri Gupta,Agarbatti Pack (20 sticks),1,piece,30,30,6,12,25,329.64,329.64,0,44.64,upi:329.64
KOS-2026-005267,2026-06-12,16:23,normal_sale,active,Madhuri Gupta,Colgate Strong Teeth 200g,2,piece,114.06,228.12,44.12,18,25,329.64,329.64,0,44.64,upi:329.64
KOS-2026-005267,2026-06-12,16:23,normal_sale,active,Madhuri Gupta,5 Star 25g,2,piece,10.53,21.06,4.06,18,25,329.64,329.64,0,44.64,upi:329.64
KOS-2026-005266,2026-06-12,15:41,normal_sale,active,Ganesh Chavan,Dettol Antiseptic 250ml,1,piece,172.13,172.13,40.13,18,0,1019.26,1019.26,0,225.46,cash:1019.26
KOS-2026-005266,2026-06-12,15:41,normal_sale,active,Ganesh Chavan,Catch Red Chilli Powder 100g,1,piece,60,60,12,5,0,1019.26,1019.26,0,225.46,cash:1019.26
KOS-2026-005266,2026-06-12,15:41,normal_sale,active,Ganesh Chavan,Close Up Red 150g,1,piece,94.36,94.36,16.36,18,0,1019.26,1019.26,0,225.46,cash:1019.26
KOS-2026-005266,2026-06-12,15:41,normal_sale,active,Ganesh Chavan,Real Mixed Fruit Juice 1L,2,piece,131.29,262.58,52.58,12,0,1019.26,1019.26,0,225.46,cash:1019.26
KOS-2026-005266,2026-06-12,15:41,normal_sale,active,Ganesh Chavan,Match Box,1,piece,2.12,2.12,1.02,18,0,1019.26,1019.26,0,225.46,cash:1019.26
KOS-2026-005266,2026-06-12,15:41,normal_sale,active,Ganesh Chavan,Center Fresh Gum (jar pc),2,piece,1.07,2.14,0.44,18,0,1019.26,1019.26,0,225.46,cash:1019.26
KOS-2026-005266,2026-06-12,15:41,normal_sale,active,Ganesh Chavan,Lifebuoy Soap 125g,1,piece,35,35,7,18,0,1019.26,1019.26,0,225.46,cash:1019.26
KOS-2026-005266,2026-06-12,15:41,normal_sale,active,Ganesh Chavan,Tomato,1,kg,42.13,42.13,16.13,0,0,1019.26,1019.26,0,225.46,cash:1019.26
KOS-2026-005266,2026-06-12,15:41,normal_sale,active,Ganesh Chavan,Onion,1,kg,35.9,35.9,11.9,0,0,1019.26,1019.26,0,225.46,cash:1019.26
KOS-2026-005266,2026-06-12,15:41,normal_sale,active,Ganesh Chavan,Horlicks 500g,1,piece,312.9,312.9,67.9,18,0,1019.26,1019.26,0,225.46,cash:1019.26
KOS-2026-005265,2026-06-12,14:09,normal_sale,active,Madhuri Gupta,Amul Masti Dahi 400g,1,piece,40,40,8,5,0,51,51,0,10.7,upi:51
KOS-2026-005265,2026-06-12,14:09,normal_sale,active,Madhuri Gupta,Parle-G Biscuit 100g,1,piece,11,11,2.7,18,0,51,51,0,10.7,upi:51
KOS-2026-005264,2026-06-12,12:52,normal_sale,active,Walk-in,Yippee Noodles 70g,2,piece,14.96,29.92,7.92,12,0,697.74,697.74,0,137.24,cash:697.74
KOS-2026-005264,2026-06-12,12:52,normal_sale,active,Walk-in,Poha (loose),0.25,kg,56,14,3.5,5,0,697.74,697.74,0,137.24,cash:697.74
KOS-2026-005264,2026-06-12,12:52,normal_sale,active,Walk-in,Candle Pack (6 pc),2,piece,43.92,87.84,23.84,12,0,697.74,697.74,0,137.24,cash:697.74
KOS-2026-005264,2026-06-12,12:52,normal_sale,active,Walk-in,Bournvita 500g,2,piece,282.99,565.98,101.98,18,0,697.74,697.74,0,137.24,cash:697.74
KOS-2026-005263,2026-06-12,12:36,normal_sale,active,Walk-in,Real Mixed Fruit Juice 1L,2,piece,131.29,262.58,52.58,12,0,262.58,262.58,0,52.58,upi:262.58
EST-2026-000059,2026-06-12,12:28,estimate,active,Swati Shaikh,Amul Masti Dahi 400g,4,piece,40,160,32,5,0,388.35,388.35,0,67.35,upi:388.35
EST-2026-000059,2026-06-12,12:28,estimate,active,Swati Shaikh,Saffola Gold Oil 1L,1,piece,190,190,25,5,0,388.35,388.35,0,67.35,upi:388.35
EST-2026-000059,2026-06-12,12:28,estimate,active,Swati Shaikh,Garlic,0.25,kg,153.4,38.35,10.35,0,0,388.35,388.35,0,67.35,upi:388.35
KOS-2026-005262,2026-06-12,12:24,normal_sale,active,Walk-in,Tomato,0.25,kg,42.13,10.53,4.03,0,25,375.7,375.7,0,49.7,cash:167|upi:208.7
KOS-2026-005262,2026-06-12,12:24,normal_sale,active,Walk-in,Maggi Noodles 70g,1,piece,14.47,14.47,2.97,12,25,375.7,375.7,0,49.7,cash:167|upi:208.7
KOS-2026-005262,2026-06-12,12:24,normal_sale,active,Walk-in,Maggi Noodles 8-pack,1,piece,108,108,16,12,25,375.7,375.7,0,49.7,cash:167|upi:208.7
KOS-2026-005262,2026-06-12,12:24,normal_sale,active,Walk-in,Sona Masoori Rice (loose),0.5,kg,63.6,31.8,8.8,0,25,375.7,375.7,0,49.7,cash:167|upi:208.7
KOS-2026-005262,2026-06-12,12:24,normal_sale,active,Walk-in,Frooti 200ml,2,piece,10,20,3,12,25,375.7,375.7,0,49.7,cash:167|upi:208.7
KOS-2026-005262,2026-06-12,12:24,normal_sale,active,Walk-in,Clinic Plus Shampoo 175ml,1,piece,140,140,22,18,25,375.7,375.7,0,49.7,cash:167|upi:208.7
KOS-2026-005262,2026-06-12,12:24,normal_sale,active,Walk-in,Nirma Washing Powder 1kg,1,piece,75.9,75.9,17.9,18,25,375.7,375.7,0,49.7,cash:167|upi:208.7
KOS-2026-005261,2026-06-12,12:23,normal_sale,active,Sunita Kulkarni,AA Battery (2 pc),3,piece,36,108,24,18,0,140.26,140.26,0,32.26,upi:140.26
KOS-2026-005261,2026-06-12,12:23,normal_sale,active,Sunita Kulkarni,Moong Dal (loose),0.25,kg,129.02,32.26,8.26,0,0,140.26,140.26,0,32.26,upi:140.26
KOS-2026-005260,2026-06-12,11:48,normal_sale,active,Sai Snacks Corner,Amul Gold Milk 500ml,1,piece,37.73,37.73,7.73,0,0,108.53,43,65.53,21.53,cash:43
KOS-2026-005260,2026-06-12,11:48,normal_sale,active,Sai Snacks Corner,Britannia Good Day 100g,1,piece,30.8,30.8,5.8,18,0,108.53,43,65.53,21.53,cash:43
KOS-2026-005260,2026-06-12,11:48,normal_sale,active,Sai Snacks Corner,Amul Masti Dahi 400g,1,piece,40,40,8,5,0,108.53,43,65.53,21.53,cash:43
KOS-2026-005259,2026-06-12,11:46,normal_sale,active,Walk-in,Kurkure Masala Munch 70g,1,piece,20,20,3.5,12,0,20,20,0,3.5,cash:20
KOS-2026-005258,2026-06-12,11:30,normal_sale,active,Walk-in,Potato,0.5,kg,27.6,13.8,4.8,0,0,13.8,13.8,0,4.8,upi:13.8
KOS-2026-005257,2026-06-12,11:12,normal_sale,active,Walk-in,Match Box,2,piece,2.12,4.24,2.04,18,0,1134.03,1134,0,183.8,cash:1134
KOS-2026-005257,2026-06-12,11:12,normal_sale,active,Walk-in,Sunfeast Dark Fantasy 75g,1,piece,42.8,42.8,8.8,18,0,1134.03,1134,0,183.8,cash:1134
KOS-2026-005257,2026-06-12,11:12,normal_sale,active,Walk-in,Sprite 750ml,1,piece,42.51,42.51,10.51,28,0,1134.03,1134,0,183.8,cash:1134
KOS-2026-005257,2026-06-12,11:12,normal_sale,active,Walk-in,Nivea Cold Cream 60ml,4,piece,128,512,80,18,0,1134.03,1134,0,183.8,cash:1134
KOS-2026-005257,2026-06-12,11:12,normal_sale,active,Walk-in,Amul Butter 100g,1,piece,67.48,67.48,13.48,12,0,1134.03,1134,0,183.8,cash:1134
KOS-2026-005257,2026-06-12,11:12,normal_sale,active,Walk-in,Ariel Detergent 1kg,3,piece,155,465,69,18,0,1134.03,1134,0,183.8,cash:1134
KOS-2026-005256,2026-06-12,11:07,normal_sale,active,Sanjay Chavan,Maggi Noodles 8-pack,1,piece,108,108,16,12,0,188,188,0,32,upi:188
KOS-2026-005256,2026-06-12,11:07,normal_sale,active,Sanjay Chavan,Coca-Cola 750ml,2,piece,40,80,16,28,0,188,188,0,32,upi:188
KOS-2026-005255,2026-06-12,10:18,normal_sale,active,Arun Chavan,Maggi Noodles 70g,2,piece,14.47,28.94,5.94,12,0,28.94,28.94,0,5.94,upi:28.94
KOS-2026-005254,2026-06-12,09:40,normal_sale,active,Walk-in,Odonil Air Freshener 50g,1,piece,78,78,16,18,0,344.99,344.99,0,79.49,cash:344.99
KOS-2026-005254,2026-06-12,09:40,normal_sale,active,Walk-in,Potato,0.25,kg,27.6,6.9,2.4,0,0,344.99,344.99,0,79.49,cash:344.99
KOS-2026-005254,2026-06-12,09:40,normal_sale,active,Walk-in,Kissan Tomato Ketchup 500g,1,piece,119.13,119.13,31.13,12,0,344.99,344.99,0,79.49,cash:344.99
KOS-2026-005254,2026-06-12,09:40,normal_sale,active,Walk-in,Maggi Noodles 70g,2,piece,14.47,28.94,5.94,12,0,344.99,344.99,0,79.49,cash:344.99
KOS-2026-005254,2026-06-12,09:40,normal_sale,active,Walk-in,Harpic Toilet Cleaner 500ml,1,piece,112.02,112.02,24.02,18,0,344.99,344.99,0,79.49,cash:344.99
KOS-2026-005253,2026-06-12,09:34,normal_sale,active,Smita Rane,Wheat Atta (loose),0.5,kg,43.91,21.96,5.96,0,0,390.56,390.56,0,73.06,upi:390.56
KOS-2026-005253,2026-06-12,09:34,normal_sale,active,Smita Rane,Close Up Red 150g,1,piece,94.36,94.36,16.36,18,0,390.56,390.56,0,73.06,upi:390.56
KOS-2026-005253,2026-06-12,09:34,normal_sale,active,Smita Rane,Real Mixed Fruit Juice 1L,1,piece,131.29,131.29,26.29,12,0,390.56,390.56,0,73.06,upi:390.56
KOS-2026-005253,2026-06-12,09:34,normal_sale,active,Smita Rane,Sugar (loose),0.5,kg,49.89,24.95,4.45,5,0,390.56,390.56,0,73.06,upi:390.56
KOS-2026-005253,2026-06-12,09:34,normal_sale,active,Smita Rane,Vim Liquid 500ml,1,piece,118,118,20,18,0,390.56,390.56,0,73.06,upi:390.56
KOS-2026-005252,2026-06-12,09:07,normal_sale,active,Kiran Verma,Thums Up 750ml,1,piece,41.66,41.66,9.66,28,0,125.66,0,125.66,18.66,
KOS-2026-005252,2026-06-12,09:07,normal_sale,active,Kiran Verma,Amul Taaza Milk 500ml,3,piece,28,84,9,0,0,125.66,0,125.66,18.66,
KOS-2026-005251,2026-06-12,08:39,normal_sale,active,Sai Snacks Corner,Frooti 200ml,2,piece,10,20,3,12,0,813.14,813,0,129,cash:813
KOS-2026-005251,2026-06-12,08:39,normal_sale,active,Sai Snacks Corner,Amul Taaza Milk 500ml,1,piece,28,28,3,0,0,813.14,813,0,129,cash:813
KOS-2026-005251,2026-06-12,08:39,normal_sale,active,Sai Snacks Corner,Toor Dal (loose),0.5,kg,148,74,15,0,0,813.14,813,0,129,cash:813
KOS-2026-005251,2026-06-12,08:39,normal_sale,active,Sai Snacks Corner,Everest Turmeric 200g,2,piece,76,152,28,5,0,813.14,813,0,129,cash:813
KOS-2026-005251,2026-06-12,08:39,normal_sale,active,Sai Snacks Corner,Good Knight Refill 45ml,2,piece,92.07,184.14,40.14,18,0,813.14,813,0,129,cash:813
KOS-2026-005251,2026-06-12,08:39,normal_sale,active,Sai Snacks Corner,Amul Ghee 500ml,1,piece,355,355,40,12,0,813.14,813,0,129,cash:813
KOS-2026-005250,2026-06-12,08:30,normal_sale,active,Kiran Pawar,LED Bulb 9W,1,piece,99,99,21,12,0,410.57,410.57,0,87.07,upi:410.57
KOS-2026-005250,2026-06-12,08:30,normal_sale,active,Kiran Pawar,Amul Taaza Milk 500ml,2,piece,28,56,6,0,0,410.57,410.57,0,87.07,upi:410.57
KOS-2026-005250,2026-06-12,08:30,normal_sale,active,Kiran Pawar,Maggi Noodles 70g,1,piece,14.47,14.47,2.97,12,0,410.57,410.57,0,87.07,upi:410.57
KOS-2026-005250,2026-06-12,08:30,normal_sale,active,Kiran Pawar,Maggi Noodles 8-pack,1,piece,108,108,16,12,0,410.57,410.57,0,87.07,upi:410.57
KOS-2026-005250,2026-06-12,08:30,normal_sale,active,Kiran Pawar,Basmati Rice Premium (loose),1,kg,133.1,133.1,41.1,0,0,410.57,410.57,0,87.07,upi:410.57
KOS-2026-005249,2026-06-12,08:02,normal_sale,active,Swati Shaikh,Whisper Ultra 15 pads,1,piece,175,175,27,12,0,175,175,0,27,upi:175
KOS-2026-005248,2026-06-11,21:30,normal_sale,active,Walk-in,Urad Dal (loose),1,kg,139.94,139.94,34.94,0,0,139.94,139.94,0,34.94,upi:139.94
KOS-2026-005247,2026-06-11,21:25,normal_sale,active,Walk-in,Sunfeast Dark Fantasy 75g,4,piece,42.8,171.2,35.2,18,0,785.14,785.14,0,148.14,upi:785.14
KOS-2026-005247,2026-06-11,21:25,normal_sale,active,Walk-in,Amul Gold Milk 500ml,1,piece,37.73,37.73,7.73,0,0,785.14,785.14,0,148.14,upi:785.14
KOS-2026-005247,2026-06-11,21:25,normal_sale,active,Walk-in,Frooti 200ml,2,piece,10,20,3,12,0,785.14,785.14,0,148.14,upi:785.14
KOS-2026-005247,2026-06-11,21:25,normal_sale,active,Walk-in,Surf Excel Easy Wash 1kg,1,piece,155.05,155.05,37.05,18,0,785.14,785.14,0,148.14,upi:785.14
KOS-2026-005247,2026-06-11,21:25,normal_sale,active,Walk-in,Nescafe Classic 50g,2,piece,200.58,401.16,65.16,18,0,785.14,785.14,0,148.14,upi:785.14
KOS-2026-005246,2026-06-11,21:06,normal_sale,active,Balaji Khan,Sugar (loose),0.5,kg,49.89,24.95,4.45,5,0,266.85,266.85,0,61.35,upi:266.85
KOS-2026-005246,2026-06-11,21:06,normal_sale,active,Balaji Khan,Wheat Atta (loose),0.5,kg,43.91,21.96,5.96,0,0,266.85,266.85,0,61.35,upi:266.85
KOS-2026-005246,2026-06-11,21:06,normal_sale,active,Balaji Khan,Urad Dal (loose),1,kg,139.94,139.94,34.94,0,0,266.85,266.85,0,61.35,upi:266.85
KOS-2026-005246,2026-06-11,21:06,normal_sale,active,Balaji Khan,Amul Masti Dahi 400g,2,piece,40,80,16,5,0,266.85,266.85,0,61.35,upi:266.85
KOS-2026-005245,2026-06-11,20:04,normal_sale,active,Rakesh Shaikh,Clinic Plus Shampoo 175ml,2,piece,140,280,44,18,0,340.62,340,0,62,cash:340
KOS-2026-005245,2026-06-11,20:04,normal_sale,active,Rakesh Shaikh,Classmate Notebook 172pg,1,piece,60.62,60.62,18.62,12,0,340.62,340,0,62,cash:340
KOS-2026-005244,2026-06-11,20:02,normal_sale,active,Walk-in,Frooti 200ml,1,piece,10,10,1.5,12,0,318.11,318.11,0,73.61,cash:318.11
KOS-2026-005244,2026-06-11,20:02,normal_sale,active,Walk-in,Dairy Milk 50g,2,piece,43.88,87.76,19.76,18,0,318.11,318.11,0,73.61,cash:318.11
KOS-2026-005244,2026-06-11,20:02,normal_sale,active,Walk-in,Tata Salt 1kg,3,piece,30.94,92.82,20.82,0,0,318.11,318.11,0,73.61,cash:318.11
KOS-2026-005244,2026-06-11,20:02,normal_sale,active,Walk-in,Sprite 750ml,3,piece,42.51,127.53,31.53,28,0,318.11,318.11,0,73.61,cash:318.11
KOS-2026-005243,2026-06-11,20:00,normal_sale,active,Ganesh Verma,Center Fresh Gum (jar pc),2,piece,1.07,2.14,0.44,18,0,361.62,361.62,0,75.42,upi:361.62
KOS-2026-005243,2026-06-11,20:00,normal_sale,active,Ganesh Verma,Toor Dal (loose),2,kg,148,296,60,0,0,361.62,361.62,0,75.42,upi:361.62
KOS-2026-005243,2026-06-11,20:00,normal_sale,active,Ganesh Verma,Thums Up 750ml,1,piece,41.66,41.66,9.66,28,0,361.62,361.62,0,75.42,upi:361.62
KOS-2026-005243,2026-06-11,20:00,normal_sale,active,Ganesh Verma,Lays Classic Salted 52g,1,piece,21.82,21.82,5.32,12,0,361.62,361.62,0,75.42,upi:361.62
KOS-2026-005242,2026-06-11,19:43,normal_sale,active,Walk-in,Amul Cheese Slices 200g,3,piece,146.21,438.63,72.63,12,0,1016.52,1016.52,0,204.47,upi:1016.52
KOS-2026-005242,2026-06-11,19:43,normal_sale,active,Walk-in,Nirma Washing Powder 1kg,3,piece,75.9,227.7,53.7,18,0,1016.52,1016.52,0,204.47,upi:1016.52
KOS-2026-005242,2026-06-11,19:43,normal_sale,active,Walk-in,Parle-G Biscuit 100g,1,piece,11,11,2.7,18,0,1016.52,1016.52,0,204.47,upi:1016.52
KOS-2026-005242,2026-06-11,19:43,normal_sale,active,Walk-in,Frooti 200ml,2,piece,10,20,3,12,0,1016.52,1016.52,0,204.47,upi:1016.52
KOS-2026-005242,2026-06-11,19:43,normal_sale,active,Walk-in,Urad Dal (loose),0.25,kg,139.94,34.99,8.74,0,0,1016.52,1016.52,0,204.47,upi:1016.52
KOS-2026-005242,2026-06-11,19:43,normal_sale,active,Walk-in,Kurkure Masala Munch 70g,1,piece,20,20,3.5,12,0,1016.52,1016.52,0,204.47,upi:1016.52
KOS-2026-005242,2026-06-11,19:43,normal_sale,active,Walk-in,Dettol Antiseptic 250ml,1,piece,172.13,172.13,40.13,18,0,1016.52,1016.52,0,204.47,upi:1016.52
KOS-2026-005242,2026-06-11,19:43,normal_sale,active,Walk-in,Good Knight Refill 45ml,1,piece,92.07,92.07,20.07,18,0,1016.52,1016.52,0,204.47,upi:1016.52
KOS-2026-005241,2026-06-11,19:37,normal_sale,active,Sneha Chavan,Amul Gold Milk 500ml,2,piece,37.73,75.46,15.46,0,0,226.5,226.5,0,51.5,cash:226.5
KOS-2026-005241,2026-06-11,19:37,normal_sale,active,Sneha Chavan,Groundnut / Peanut (loose),0.5,kg,114.59,57.3,13.3,5,0,226.5,226.5,0,51.5,cash:226.5
KOS-2026-005241,2026-06-11,19:37,normal_sale,active,Sneha Chavan,Tata Salt 1kg,1,piece,30.94,30.94,6.94,0,0,226.5,226.5,0,51.5,cash:226.5
KOS-2026-005241,2026-06-11,19:37,normal_sale,active,Sneha Chavan,Sunfeast Dark Fantasy 75g,1,piece,42.8,42.8,8.8,18,0,226.5,226.5,0,51.5,cash:226.5
KOS-2026-005241,2026-06-11,19:37,normal_sale,active,Sneha Chavan,Bisleri Water 1L,1,piece,20,20,7,18,0,226.5,226.5,0,51.5,cash:226.5
KOS-2026-005240,2026-06-11,19:06,normal_sale,active,Ganesh Sharma,Coca-Cola 750ml,2,piece,40,80,16,28,0,236.48,236.48,0,47.98,bank:236.48
KOS-2026-005240,2026-06-11,19:06,normal_sale,active,Ganesh Sharma,Thums Up 750ml,1,piece,41.66,41.66,9.66,28,0,236.48,236.48,0,47.98,bank:236.48
KOS-2026-005240,2026-06-11,19:06,normal_sale,active,Ganesh Sharma,Maggi Noodles 70g,2,piece,14.47,28.94,5.94,12,0,236.48,236.48,0,47.98,bank:236.48
KOS-2026-005240,2026-06-11,19:06,normal_sale,active,Ganesh Sharma,Britannia Marie Gold 250g,1,piece,40.88,40.88,7.88,18,0,236.48,236.48,0,47.98,bank:236.48
KOS-2026-005240,2026-06-11,19:06,normal_sale,active,Ganesh Sharma,Lifebuoy Soap 125g,1,piece,35,35,7,18,0,236.48,236.48,0,47.98,bank:236.48
KOS-2026-005240,2026-06-11,19:06,normal_sale,active,Ganesh Sharma,Frooti 200ml,1,piece,10,10,1.5,12,0,236.48,236.48,0,47.98,bank:236.48
KOS-2026-005239,2026-06-11,17:43,normal_sale,active,Walk-in,Amul Masti Dahi 400g,1,piece,40,40,8,5,25,960.27,960.27,0,161.07,bank:960.27
KOS-2026-005239,2026-06-11,17:43,normal_sale,active,Walk-in,Nirma Washing Powder 1kg,1,piece,75.9,75.9,17.9,18,25,960.27,960.27,0,161.07,bank:960.27
KOS-2026-005239,2026-06-11,17:43,normal_sale,active,Walk-in,Harpic Toilet Cleaner 500ml,1,piece,112.02,112.02,24.02,18,25,960.27,960.27,0,161.07,bank:960.27
KOS-2026-005239,2026-06-11,17:43,normal_sale,active,Walk-in,Candle Pack (6 pc),1,piece,43.92,43.92,11.92,12,25,960.27,960.27,0,161.07,bank:960.27
KOS-2026-005239,2026-06-11,17:43,normal_sale,active,Walk-in,Everest Turmeric 200g,1,piece,76,76,14,5,25,960.27,960.27,0,161.07,bank:960.27
KOS-2026-005239,2026-06-11,17:43,normal_sale,active,Walk-in,Lemon,1,piece,5,5,1.8,0,25,960.27,960.27,0,161.07,bank:960.27
KOS-2026-005239,2026-06-11,17:43,normal_sale,active,Walk-in,Amul Taaza Milk 500ml,2,piece,28,56,6,0,25,960.27,960.27,0,161.07,bank:960.27
KOS-2026-005239,2026-06-11,17:43,normal_sale,active,Walk-in,Nescafe Classic 50g,1,piece,200.58,200.58,32.58,18,25,960.27,960.27,0,161.07,bank:960.27
KOS-2026-005239,2026-06-11,17:43,normal_sale,active,Walk-in,MDH Garam Masala 100g,2,piece,94.71,189.42,33.42,5,25,960.27,960.27,0,161.07,bank:960.27
KOS-2026-005239,2026-06-11,17:43,normal_sale,active,Walk-in,Close Up Red 150g,1,piece,94.36,94.36,16.36,18,25,960.27,960.27,0,161.07,bank:960.27
KOS-2026-005239,2026-06-11,17:43,normal_sale,active,Walk-in,Good Knight Refill 45ml,1,piece,92.07,92.07,20.07,18,25,960.27,960.27,0,161.07,bank:960.27
KOS-2026-005238,2026-06-11,17:19,normal_sale,active,Walk-in,Lemon,3,piece,5,15,5.4,0,0,760.94,760.94,0,145.34,upi:760.94
KOS-2026-005238,2026-06-11,17:19,normal_sale,active,Walk-in,Haldiram Bhujia 200g,3,piece,57.38,172.14,37.14,12,0,760.94,760.94,0,145.34,upi:760.94
KOS-2026-005238,2026-06-11,17:19,normal_sale,active,Walk-in,Kissan Mixed Fruit Jam 200g,2,piece,82,164,28,12,0,760.94,760.94,0,145.34,upi:760.94
KOS-2026-005238,2026-06-11,17:19,normal_sale,active,Walk-in,Fortune Sunflower Oil 1L,2,piece,167.9,335.8,59.8,5,0,760.94,760.94,0,145.34,upi:760.94
KOS-2026-005238,2026-06-11,17:19,normal_sale,active,Walk-in,Toor Dal (loose),0.5,kg,148,74,15,0,0,760.94,760.94,0,145.34,upi:760.94
KOS-2026-005237,2026-06-11,17:15,normal_sale,active,Walk-in,Kissan Tomato Ketchup 500g,2,piece,119.13,238.26,62.26,12,0,890.09,890.09,0,188.79,upi:890.09
KOS-2026-005237,2026-06-11,17:15,normal_sale,active,Walk-in,Tata Salt 1kg,1,piece,30.94,30.94,6.94,0,0,890.09,890.09,0,188.79,upi:890.09
KOS-2026-005237,2026-06-11,17:15,normal_sale,active,Walk-in,Tomato,0.5,kg,42.13,21.07,8.07,0,0,890.09,890.09,0,188.79,upi:890.09
KOS-2026-005237,2026-06-11,17:15,normal_sale,active,Walk-in,Parle-G Biscuit 100g,1,piece,11,11,2.7,18,0,890.09,890.09,0,188.79,upi:890.09
KOS-2026-005237,2026-06-11,17:15,normal_sale,active,Walk-in,Amul Taaza Milk 500ml,3,piece,28,84,9,0,0,890.09,890.09,0,188.79,upi:890.09
KOS-2026-005237,2026-06-11,17:15,normal_sale,active,Walk-in,Kurkure Masala Munch 70g,2,piece,20,40,7,12,0,890.09,890.09,0,188.79,upi:890.09
KOS-2026-005237,2026-06-11,17:15,normal_sale,active,Walk-in,Fortune Sunflower Oil 1L,2,piece,167.9,335.8,59.8,5,0,890.09,890.09,0,188.79,upi:890.09
KOS-2026-005237,2026-06-11,17:15,normal_sale,active,Walk-in,Moong Dal (loose),1,kg,129.02,129.02,33.02,0,0,890.09,890.09,0,188.79,upi:890.09
KOS-2026-005236,2026-06-11,17:04,normal_sale,active,Walk-in,Bingo Mad Angles 66g,1,piece,20.81,20.81,4.31,12,0,42.11,42,0,9.5,cash:42
KOS-2026-005236,2026-06-11,17:04,normal_sale,active,Walk-in,Vim Dishwash Bar 200g,1,piece,21.3,21.3,5.3,18,0,42.11,42,0,9.5,cash:42
KOS-2026-005235,2026-06-11,14:50,normal_sale,active,Harshada Bhosale,Britannia Brown Bread,1,piece,50,50,8,0,0,164.59,164.59,0,34.59,upi:164.59
KOS-2026-005235,2026-06-11,14:50,normal_sale,active,Harshada Bhosale,Groundnut / Peanut (loose),1,kg,114.59,114.59,26.59,5,0,164.59,164.59,0,34.59,upi:164.59
KOS-2026-005234,2026-06-11,14:43,normal_sale,active,Walk-in,Amul Masti Dahi 400g,1,piece,40,40,8,5,0,583.97,583.97,0,102.77,cash:583.97
KOS-2026-005234,2026-06-11,14:43,normal_sale,active,Walk-in,Farm Eggs,1,piece,8.58,8.58,2.38,0,0,583.97,583.97,0,102.77,cash:583.97
KOS-2026-005234,2026-06-11,14:43,normal_sale,active,Walk-in,Vim Liquid 500ml,4,piece,118,472,80,18,0,583.97,583.97,0,102.77,cash:583.97
KOS-2026-005234,2026-06-11,14:43,normal_sale,active,Walk-in,KitKat 4-finger,3,piece,21.13,63.39,12.39,18,0,583.97,583.97,0,102.77,cash:583.97
KOS-2026-005233,2026-06-11,14:38,normal_sale,active,Walk-in,Good Knight Refill 45ml,4,piece,92.07,368.28,80.28,18,0,368.28,368.28,0,80.28,upi:368.28
KOS-2026-005232,2026-06-11,14:36,normal_sale,active,Walk-in,Amul Cheese Slices 200g,3,piece,146.21,438.63,72.63,12,25,793.87,793.87,0,142.87,upi:793.87
KOS-2026-005232,2026-06-11,14:36,normal_sale,active,Walk-in,Britannia Brown Bread,1,piece,50,50,8,0,25,793.87,793.87,0,142.87,upi:793.87
KOS-2026-005232,2026-06-11,14:36,normal_sale,active,Walk-in,Lays Classic Salted 52g,2,piece,21.82,43.64,10.64,12,25,793.87,793.87,0,142.87,upi:793.87
KOS-2026-005232,2026-06-11,14:36,normal_sale,active,Walk-in,Rava / Sooji (loose),5,kg,50.32,251.6,71.6,5,25,793.87,793.87,0,142.87,upi:793.87
KOS-2026-005232,2026-06-11,14:36,normal_sale,active,Walk-in,Oreo Biscuit 120g,1,piece,35,35,5,18,25,793.87,793.87,0,142.87,upi:793.87
KOS-2026-005231,2026-06-11,14:35,normal_sale,active,Walk-in,Moong Dal (loose),1,kg,129.02,129.02,33.02,0,0,129.02,129,0,33,cash:129
KOS-2026-005230,2026-06-11,13:59,normal_sale,active,Walk-in,Lifebuoy Soap 125g,1,piece,35,35,7,18,0,100.4,100.4,0,19.7,upi:100.4
KOS-2026-005230,2026-06-11,13:59,normal_sale,active,Walk-in,Farm Eggs,1,piece,8.58,8.58,2.38,0,0,100.4,100.4,0,19.7,upi:100.4
KOS-2026-005230,2026-06-11,13:59,normal_sale,active,Walk-in,Lays Classic Salted 52g,1,piece,21.82,21.82,5.32,12,0,100.4,100.4,0,19.7,upi:100.4
KOS-2026-005230,2026-06-11,13:59,normal_sale,active,Walk-in,Oreo Biscuit 120g,1,piece,35,35,5,18,0,100.4,100.4,0,19.7,upi:100.4
EST-2026-000058,2026-06-11,13:08,estimate,active,Walk-in,Lays Classic Salted 52g,1,piece,21.82,21.82,5.32,12,0,294.25,294.25,0,58.75,cash:294.25
EST-2026-000058,2026-06-11,13:08,estimate,active,Walk-in,KitKat 4-finger,11,piece,21.13,232.43,45.43,18,0,294.25,294.25,0,58.75,cash:294.25
EST-2026-000058,2026-06-11,13:08,estimate,active,Walk-in,Amul Masti Dahi 400g,1,piece,40,40,8,5,0,294.25,294.25,0,58.75,cash:294.25
KOS-2026-005229,2026-06-11,12:21,normal_sale,active,Nitin Kadam,Aashirvaad Atta 5kg,2,piece,285,570,80,5,0,970.4,970,0,148,cash:970
KOS-2026-005229,2026-06-11,12:21,normal_sale,active,Nitin Kadam,Lays Classic Salted 52g,1,piece,21.82,21.82,5.32,12,0,970.4,970,0,148,cash:970
KOS-2026-005229,2026-06-11,12:21,normal_sale,active,Nitin Kadam,Vim Liquid 500ml,1,piece,118,118,20,18,0,970.4,970,0,148,cash:970
KOS-2026-005229,2026-06-11,12:21,normal_sale,active,Nitin Kadam,Kurkure Masala Munch 70g,3,piece,20,60,10.5,12,0,970.4,970,0,148,cash:970
KOS-2026-005229,2026-06-11,12:21,normal_sale,active,Nitin Kadam,Nescafe Classic 50g,1,piece,200.58,200.58,32.58,18,0,970.4,970,0,148,cash:970
KOS-2026-005228,2026-06-11,11:51,normal_sale,active,Annapurna Mess & Canteen,Tata Salt 1kg,2,piece,30.94,61.88,13.88,0,0,61.88,61,0,13,cash:61
KOS-2026-005227,2026-06-11,11:46,normal_sale,active,Walk-in,Wheat Atta (loose),0.25,kg,43.91,10.98,2.98,0,0,1559.25,1559.25,0,239.05,upi:1559.25
KOS-2026-005227,2026-06-11,11:46,normal_sale,active,Walk-in,Amul Gold Milk 500ml,1,piece,37.73,37.73,7.73,0,0,1559.25,1559.25,0,239.05,upi:1559.25
KOS-2026-005227,2026-06-11,11:46,normal_sale,active,Walk-in,Ariel Detergent 1kg,1,piece,155,155,23,18,0,1559.25,1559.25,0,239.05,upi:1559.25
KOS-2026-005227,2026-06-11,11:46,normal_sale,active,Walk-in,Aashirvaad Atta 5kg,4,piece,285,1140,160,5,0,1559.25,1559.25,0,239.05,upi:1559.25
KOS-2026-005227,2026-06-11,11:46,normal_sale,active,Walk-in,Vim Liquid 500ml,1,piece,118,118,20,18,0,1559.25,1559.25,0,239.05,upi:1559.25
KOS-2026-005227,2026-06-11,11:46,normal_sale,active,Walk-in,Maggi Noodles 70g,2,piece,14.47,28.94,5.94,12,0,1559.25,1559.25,0,239.05,upi:1559.25
KOS-2026-005227,2026-06-11,11:46,normal_sale,active,Walk-in,Lemon,1,piece,5,5,1.8,0,0,1559.25,1559.25,0,239.05,upi:1559.25
KOS-2026-005227,2026-06-11,11:46,normal_sale,active,Walk-in,Sona Masoori Rice (loose),1,kg,63.6,63.6,17.6,0,0,1559.25,1559.25,0,239.05,upi:1559.25
KOS-2026-005226,2026-06-11,11:15,normal_sale,active,Manisha Rane,Dove Soap 100g,1,piece,68,68,13,18,0,434.98,434.98,0,87.48,upi:434.98
KOS-2026-005226,2026-06-11,11:15,normal_sale,active,Manisha Rane,Coca-Cola 750ml,1,piece,40,40,8,28,0,434.98,434.98,0,87.48,upi:434.98
KOS-2026-005226,2026-06-11,11:15,normal_sale,active,Manisha Rane,Maggi Noodles 70g,3,piece,14.47,43.41,8.91,12,0,434.98,434.98,0,87.48,upi:434.98
KOS-2026-005226,2026-06-11,11:15,normal_sale,active,Manisha Rane,Chana Dal (loose),1,kg,92,92,18,0,0,434.98,434.98,0,87.48,upi:434.98
KOS-2026-005226,2026-06-11,11:15,normal_sale,active,Manisha Rane,Dhara Mustard Oil 1L,1,piece,191.57,191.57,39.57,5,0,434.98,434.98,0,87.48,upi:434.98
KOS-2026-005225,2026-06-11,10:16,normal_sale,active,Walk-in,Aashirvaad Atta 5kg,2,piece,285,570,80,5,0,733.93,733.93,0,120.43,upi:733.93
KOS-2026-005225,2026-06-11,10:16,normal_sale,active,Walk-in,Poha (loose),0.25,kg,56,14,3.5,5,0,733.93,733.93,0,120.43,upi:733.93
KOS-2026-005225,2026-06-11,10:16,normal_sale,active,Walk-in,Kissan Tomato Ketchup 500g,1,piece,119.13,119.13,31.13,12,0,733.93,733.93,0,120.43,upi:733.93
KOS-2026-005225,2026-06-11,10:16,normal_sale,active,Walk-in,Britannia Good Day 100g,1,piece,30.8,30.8,5.8,18,0,733.93,733.93,0,120.43,upi:733.93
KOS-2026-005224,2026-06-11,10:12,normal_sale,active,Walk-in,Dairy Milk 50g,2,piece,43.88,87.76,19.76,18,0,147.64,147.64,0,32.64,cash:147.64
KOS-2026-005224,2026-06-11,10:12,normal_sale,active,Walk-in,Tata Salt 1kg,1,piece,30.94,30.94,6.94,0,0,147.64,147.64,0,32.64,cash:147.64
KOS-2026-005224,2026-06-11,10:12,normal_sale,active,Walk-in,Maggi Noodles 70g,2,piece,14.47,28.94,5.94,12,0,147.64,147.64,0,32.64,cash:147.64
KOS-2026-005223,2026-06-11,10:11,normal_sale,active,Jyoti Salunkhe,Parle-G Biscuit 100g,2,piece,11,22,5.4,18,0,133.88,133,0,28.4,cash:133
KOS-2026-005223,2026-06-11,10:11,normal_sale,active,Jyoti Salunkhe,Kurkure Masala Munch 70g,1,piece,20,20,3.5,12,0,133.88,133,0,28.4,cash:133
KOS-2026-005223,2026-06-11,10:11,normal_sale,active,Jyoti Salunkhe,Toor Dal (loose),0.5,kg,148,74,15,0,0,133.88,133,0,28.4,cash:133
KOS-2026-005223,2026-06-11,10:11,normal_sale,active,Jyoti Salunkhe,Wheat Atta (loose),0.25,kg,43.91,10.98,2.98,0,0,133.88,133,0,28.4,cash:133
KOS-2026-005223,2026-06-11,10:11,normal_sale,active,Jyoti Salunkhe,Potato,0.25,kg,27.6,6.9,2.4,0,0,133.88,133,0,28.4,cash:133
KOS-2026-005222,2026-06-11,10:09,normal_sale,active,Walk-in,Yippee Noodles 70g,1,piece,14.96,14.96,3.96,12,0,144.61,144.61,0,36.51,upi:144.61
KOS-2026-005222,2026-06-11,10:09,normal_sale,active,Walk-in,Sprite 750ml,3,piece,42.51,127.53,31.53,28,0,144.61,144.61,0,36.51,upi:144.61
KOS-2026-005222,2026-06-11,10:09,normal_sale,active,Walk-in,Match Box,1,piece,2.12,2.12,1.02,18,0,144.61,144.61,0,36.51,upi:144.61
KOS-2026-005221,2026-06-11,09:35,normal_sale,active,Walk-in,Tomato,1,kg,42.13,42.13,16.13,0,0,647.53,647,0,128.9,cash:647
KOS-2026-005221,2026-06-11,09:35,normal_sale,active,Walk-in,Good Knight Refill 45ml,1,piece,92.07,92.07,20.07,18,0,647.53,647,0,128.9,cash:647
KOS-2026-005221,2026-06-11,09:35,normal_sale,active,Walk-in,Sprite 750ml,1,piece,42.51,42.51,10.51,28,0,647.53,647,0,128.9,cash:647
KOS-2026-005221,2026-06-11,09:35,normal_sale,active,Walk-in,5 Star 25g,1,piece,10.53,10.53,2.03,18,0,647.53,647,0,128.9,cash:647
KOS-2026-005221,2026-06-11,09:35,normal_sale,active,Walk-in,MDH Garam Masala 100g,1,piece,94.71,94.71,16.71,5,0,647.53,647,0,128.9,cash:647
KOS-2026-005221,2026-06-11,09:35,normal_sale,active,Walk-in,Toor Dal (loose),0.5,kg,148,74,15,0,0,647.53,647,0,128.9,cash:647
KOS-2026-005221,2026-06-11,09:35,normal_sale,active,Walk-in,Ariel Detergent 1kg,1,piece,155,155,23,18,0,647.53,647,0,128.9,cash:647
KOS-2026-005221,2026-06-11,09:35,normal_sale,active,Walk-in,Vim Liquid 500ml,1,piece,118,118,20,18,0,647.53,647,0,128.9,cash:647
KOS-2026-005221,2026-06-11,09:35,normal_sale,active,Walk-in,Lemon,2,piece,5,10,3.6,0,0,647.53,647,0,128.9,cash:647
KOS-2026-005221,2026-06-11,09:35,normal_sale,active,Walk-in,Farm Eggs,1,piece,8.58,8.58,2.38,0,0,647.53,647,0,128.9,cash:647
KOS-2026-005220,2026-06-11,09:14,normal_sale,active,Lata Kulkarni,Amul Taaza Milk 500ml,1,piece,28,28,3,0,175,526.25,526.25,0,-28.75,bank:526.25
KOS-2026-005220,2026-06-11,09:14,normal_sale,active,Lata Kulkarni,Everest Turmeric 200g,1,piece,76,76,14,5,175,526.25,526.25,0,-28.75,bank:526.25
KOS-2026-005220,2026-06-11,09:14,normal_sale,active,Lata Kulkarni,Kissan Tomato Ketchup 500g,2,piece,119.13,238.26,62.26,12,175,526.25,526.25,0,-28.75,bank:526.25
KOS-2026-005220,2026-06-11,09:14,normal_sale,active,Lata Kulkarni,Bournvita 500g,1,piece,282.99,282.99,50.99,18,175,526.25,526.25,0,-28.75,bank:526.25
KOS-2026-005220,2026-06-11,09:14,normal_sale,active,Lata Kulkarni,AA Battery (2 pc),1,piece,36,36,8,18,175,526.25,526.25,0,-28.75,bank:526.25
KOS-2026-005220,2026-06-11,09:14,normal_sale,active,Lata Kulkarni,Coca-Cola 750ml,1,piece,40,40,8,28,175,526.25,526.25,0,-28.75,bank:526.25
KOS-2026-005219,2026-06-11,08:50,normal_sale,active,Mahesh Singh,Parle-G Biscuit 100g,2,piece,11,22,5.4,18,25,545.21,545.21,0,111.11,upi:545.21
KOS-2026-005219,2026-06-11,08:50,normal_sale,active,Mahesh Singh,Haldiram Bhujia 200g,2,piece,57.38,114.76,24.76,12,25,545.21,545.21,0,111.11,upi:545.21
KOS-2026-005219,2026-06-11,08:50,normal_sale,active,Mahesh Singh,Tata Salt 1kg,2,piece,30.94,61.88,13.88,0,25,545.21,545.21,0,111.11,upi:545.21
KOS-2026-005219,2026-06-11,08:50,normal_sale,active,Mahesh Singh,Maggi Noodles 70g,1,piece,14.47,14.47,2.97,12,25,545.21,545.21,0,111.11,upi:545.21
KOS-2026-005219,2026-06-11,08:50,normal_sale,active,Mahesh Singh,Vim Dishwash Bar 200g,2,piece,21.3,42.6,10.6,18,25,545.21,545.21,0,111.11,upi:545.21
KOS-2026-005219,2026-06-11,08:50,normal_sale,active,Mahesh Singh,Frooti 200ml,2,piece,10,20,3,12,25,545.21,545.21,0,111.11,upi:545.21
KOS-2026-005219,2026-06-11,08:50,normal_sale,active,Mahesh Singh,Thums Up 750ml,1,piece,41.66,41.66,9.66,28,25,545.21,545.21,0,111.11,upi:545.21
KOS-2026-005219,2026-06-11,08:50,normal_sale,active,Mahesh Singh,Classmate Notebook 172pg,2,piece,60.62,121.24,37.24,12,25,545.21,545.21,0,111.11,upi:545.21
KOS-2026-005219,2026-06-11,08:50,normal_sale,active,Mahesh Singh,Amul Masti Dahi 400g,1,piece,40,40,8,5,25,545.21,545.21,0,111.11,upi:545.21
KOS-2026-005219,2026-06-11,08:50,normal_sale,active,Mahesh Singh,Sona Masoori Rice (loose),1,kg,63.6,63.6,17.6,0,25,545.21,545.21,0,111.11,upi:545.21
KOS-2026-005219,2026-06-11,08:50,normal_sale,active,Mahesh Singh,Amul Taaza Milk 500ml,1,piece,28,28,3,0,25,545.21,545.21,0,111.11,upi:545.21
KOS-2026-005218,2026-06-10,21:47,normal_sale,active,Maria Khan,Lizol Floor Cleaner 500ml,4,piece,125,500,80,18,25,959.93,959,0,158,cash:959
KOS-2026-005218,2026-06-10,21:47,normal_sale,active,Maria Khan,Surf Excel Easy Wash 1kg,1,piece,155.05,155.05,37.05,18,25,959.93,959,0,158,cash:959
KOS-2026-005218,2026-06-10,21:47,normal_sale,active,Maria Khan,Colgate Strong Teeth 200g,2,piece,114.06,228.12,44.12,18,25,959.93,959,0,158,cash:959
KOS-2026-005218,2026-06-10,21:47,normal_sale,active,Maria Khan,Bisleri Water 1L,1,piece,20,20,7,18,25,959.93,959,0,158,cash:959
KOS-2026-005218,2026-06-10,21:47,normal_sale,active,Maria Khan,Britannia Marie Gold 250g,2,piece,40.88,81.76,15.76,18,25,959.93,959,0,158,cash:959
KOS-2026-005217,2026-06-10,21:43,normal_sale,active,Walk-in,Nirma Washing Powder 1kg,1,piece,75.9,75.9,17.9,18,0,157.2,157.2,0,44.2,upi:157.2
KOS-2026-005217,2026-06-10,21:43,normal_sale,active,Walk-in,Vim Dishwash Bar 200g,1,piece,21.3,21.3,5.3,18,0,157.2,157.2,0,44.2,upi:157.2
KOS-2026-005217,2026-06-10,21:43,normal_sale,active,Walk-in,Bisleri Water 1L,3,piece,20,60,21,18,0,157.2,157.2,0,44.2,upi:157.2
KOS-2026-005216,2026-06-10,21:12,normal_sale,active,Walk-in,Tata Salt 1kg,1,piece,30.94,30.94,6.94,0,0,732.54,732.54,0,152.04,upi:732.54
KOS-2026-005216,2026-06-10,21:12,normal_sale,active,Walk-in,Surf Excel Easy Wash 1kg,1,piece,155.05,155.05,37.05,18,0,732.54,732.54,0,152.04,upi:732.54
KOS-2026-005216,2026-06-10,21:12,normal_sale,active,Walk-in,Kurkure Masala Munch 70g,1,piece,20,20,3.5,12,0,732.54,732.54,0,152.04,upi:732.54
KOS-2026-005216,2026-06-10,21:12,normal_sale,active,Walk-in,Moong Dal (loose),0.25,kg,129.02,32.26,8.26,0,0,732.54,732.54,0,152.04,upi:732.54
KOS-2026-005216,2026-06-10,21:12,normal_sale,active,Walk-in,Frooti 200ml,1,piece,10,10,1.5,12,0,732.54,732.54,0,152.04,upi:732.54
KOS-2026-005216,2026-06-10,21:12,normal_sale,active,Walk-in,Sona Masoori Rice (loose),0.5,kg,63.6,31.8,8.8,0,0,732.54,732.54,0,152.04,upi:732.54
KOS-2026-005216,2026-06-10,21:12,normal_sale,active,Walk-in,5 Star 25g,1,piece,10.53,10.53,2.03,18,0,732.54,732.54,0,152.04,upi:732.54
KOS-2026-005216,2026-06-10,21:12,normal_sale,active,Walk-in,Sugar (loose),2,kg,49.89,99.78,17.78,5,0,732.54,732.54,0,152.04,upi:732.54
KOS-2026-005216,2026-06-10,21:12,normal_sale,active,Walk-in,Colgate Strong Teeth 200g,3,piece,114.06,342.18,66.18,18,0,732.54,732.54,0,152.04,upi:732.54
KOS-2026-005215,2026-06-10,20:58,normal_sale,active,Rohit Bhosale,Lays Classic Salted 52g,1,piece,21.82,21.82,5.32,12,25,848.52,848,0,132.7,cash:848
KOS-2026-005215,2026-06-10,20:58,normal_sale,active,Rohit Bhosale,Parle-G Biscuit 100g,11,piece,11,121,29.7,18,25,848.52,848,0,132.7,cash:848
KOS-2026-005215,2026-06-10,20:58,normal_sale,active,Rohit Bhosale,Amul Masti Dahi 400g,1,piece,40,40,8,5,25,848.52,848,0,132.7,cash:848
KOS-2026-005215,2026-06-10,20:58,normal_sale,active,Rohit Bhosale,Chana Dal (loose),0.25,kg,92,23,4.5,0,25,848.52,848,0,132.7,cash:848
KOS-2026-005215,2026-06-10,20:58,normal_sale,active,Rohit Bhosale,Saffola Gold Oil 1L,1,piece,190,190,25,5,25,848.52,848,0,132.7,cash:848
KOS-2026-005215,2026-06-10,20:58,normal_sale,active,Rohit Bhosale,Haldiram Bhujia 200g,2,piece,57.38,114.76,24.76,12,25,848.52,848,0,132.7,cash:848
KOS-2026-005215,2026-06-10,20:58,normal_sale,active,Rohit Bhosale,Lizol Floor Cleaner 500ml,2,piece,125,250,40,18,25,848.52,848,0,132.7,cash:848
KOS-2026-005215,2026-06-10,20:58,normal_sale,active,Rohit Bhosale,Tata Salt 1kg,1,piece,30.94,30.94,6.94,0,25,848.52,848,0,132.7,cash:848
KOS-2026-005215,2026-06-10,20:58,normal_sale,active,Rohit Bhosale,Kissan Mixed Fruit Jam 200g,1,piece,82,82,14,12,25,848.52,848,0,132.7,cash:848
KOS-2026-005214,2026-06-10,20:48,normal_sale,active,Nilesh Kulkarni,Bisleri Water 1L,1,piece,20,20,7,18,20.92,97.69,97,0,5.75,cash:97
KOS-2026-005214,2026-06-10,20:48,normal_sale,active,Nilesh Kulkarni,Frooti 200ml,3,piece,10,30,4.5,12,20.92,97.69,97,0,5.75,cash:97
KOS-2026-005214,2026-06-10,20:48,normal_sale,active,Nilesh Kulkarni,Wheat Atta (loose),0.25,kg,43.91,10.98,2.98,0,20.92,97.69,97,0,5.75,cash:97
KOS-2026-005214,2026-06-10,20:48,normal_sale,active,Nilesh Kulkarni,Kurkure Masala Munch 70g,1,piece,20,20,3.5,12,20.92,97.69,97,0,5.75,cash:97
KOS-2026-005214,2026-06-10,20:48,normal_sale,active,Nilesh Kulkarni,Sugar (loose),0.25,kg,49.89,12.47,2.22,5,20.92,97.69,97,0,5.75,cash:97
KOS-2026-005214,2026-06-10,20:48,normal_sale,active,Nilesh Kulkarni,Rava / Sooji (loose),0.5,kg,50.32,25.16,7.16,5,20.92,97.69,97,0,5.75,cash:97
KOS-2026-005213,2026-06-10,20:14,normal_sale,active,Walk-in,Lifebuoy Soap 125g,2,piece,35,70,14,18,0,391.67,391.67,0,93.17,upi:391.67
KOS-2026-005213,2026-06-10,20:14,normal_sale,active,Walk-in,Kissan Tomato Ketchup 500g,2,piece,119.13,238.26,62.26,12,0,391.67,391.67,0,93.17,upi:391.67
KOS-2026-005213,2026-06-10,20:14,normal_sale,active,Walk-in,Maggi Noodles 70g,3,piece,14.47,43.41,8.91,12,0,391.67,391.67,0,93.17,upi:391.67
KOS-2026-005213,2026-06-10,20:14,normal_sale,active,Walk-in,Coca-Cola 750ml,1,piece,40,40,8,28,0,391.67,391.67,0,93.17,upi:391.67
RET-2026-000011,2026-06-10,19:55,sales_return,active,Meena Deshmukh,Lizol Floor Cleaner 500ml,-1,piece,125,-125,-20,18,0,-125,-125,0,-20,cash:-125
KOS-2026-005212,2026-06-10,19:49,normal_sale,active,Vijay Bhosale,Parle-G Biscuit 100g,1,piece,11,11,2.7,18,0,212.67,212.67,0,53.37,upi:212.67
KOS-2026-005212,2026-06-10,19:49,normal_sale,active,Vijay Bhosale,Mustard Oil (loose),0.5,l,175.42,87.71,23.71,5,0,212.67,212.67,0,53.37,upi:212.67
KOS-2026-005212,2026-06-10,19:49,normal_sale,active,Vijay Bhosale,Maggi Noodles 70g,2,piece,14.47,28.94,5.94,12,0,212.67,212.67,0,53.37,upi:212.67
KOS-2026-005212,2026-06-10,19:49,normal_sale,active,Vijay Bhosale,Sprite 750ml,2,piece,42.51,85.02,21.02,28,0,212.67,212.67,0,53.37,upi:212.67
KOS-2026-005211,2026-06-10,19:37,normal_sale,active,Walk-in,Kissan Tomato Ketchup 500g,1,piece,119.13,119.13,31.13,12,25,1576.54,1576.54,0,226.79,cash:1576.54
KOS-2026-005211,2026-06-10,19:37,normal_sale,active,Walk-in,Amul Ghee 500ml,3,piece,355,1065,120,12,25,1576.54,1576.54,0,226.79,cash:1576.54
KOS-2026-005211,2026-06-10,19:37,normal_sale,active,Walk-in,Surf Excel Easy Wash 1kg,1,piece,155.05,155.05,37.05,18,25,1576.54,1576.54,0,226.79,cash:1576.54
KOS-2026-005211,2026-06-10,19:37,normal_sale,active,Walk-in,Rajma (loose),1,kg,138,138,30,0,25,1576.54,1576.54,0,226.79,cash:1576.54
KOS-2026-005211,2026-06-10,19:37,normal_sale,active,Walk-in,KitKat 4-finger,1,piece,21.13,21.13,4.13,18,25,1576.54,1576.54,0,226.79,cash:1576.54
KOS-2026-005211,2026-06-10,19:37,normal_sale,active,Walk-in,5 Star 25g,1,piece,10.53,10.53,2.03,18,25,1576.54,1576.54,0,226.79,cash:1576.54
KOS-2026-005211,2026-06-10,19:37,normal_sale,active,Walk-in,Urad Dal (loose),0.25,kg,139.94,34.99,8.74,0,25,1576.54,1576.54,0,226.79,cash:1576.54
KOS-2026-005211,2026-06-10,19:37,normal_sale,active,Walk-in,Ginger,0.5,kg,115.42,57.71,18.71,0,25,1576.54,1576.54,0,226.79,cash:1576.54
KOS-2026-005210,2026-06-10,18:50,normal_sale,active,Walk-in,Kurkure Masala Munch 70g,1,piece,20,20,3.5,12,0,183,183,0,34.1,cash:183
KOS-2026-005210,2026-06-10,18:50,normal_sale,active,Walk-in,Vim Liquid 500ml,1,piece,118,118,20,18,0,183,183,0,34.1,cash:183
KOS-2026-005210,2026-06-10,18:50,normal_sale,active,Walk-in,Lemon,2,piece,5,10,3.6,0,0,183,183,0,34.1,cash:183
KOS-2026-005210,2026-06-10,18:50,normal_sale,active,Walk-in,Lifebuoy Soap 125g,1,piece,35,35,7,18,0,183,183,0,34.1,cash:183
KOS-2026-005209,2026-06-10,18:28,normal_sale,active,Walk-in,Fortune Sunflower Oil 1L,2,piece,167.9,335.8,59.8,5,40.08,295.72,295.72,0,19.72,upi:295.72
KOS-2026-005208,2026-06-10,17:41,normal_sale,active,Vaishali Sharma,Maggi Noodles 70g,2,piece,14.47,28.94,5.94,12,0,358.74,358,0,66,cash:358
KOS-2026-005208,2026-06-10,17:41,normal_sale,active,Vaishali Sharma,Potato,0.5,kg,27.6,13.8,4.8,0,0,358.74,358,0,66,cash:358
KOS-2026-005208,2026-06-10,17:41,normal_sale,active,Vaishali Sharma,Coca-Cola 750ml,2,piece,40,80,16,28,0,358.74,358,0,66,cash:358
KOS-2026-005208,2026-06-10,17:41,normal_sale,active,Vaishali Sharma,Vim Liquid 500ml,2,piece,118,236,40,18,0,358.74,358,0,66,cash:358
KOS-2026-005207,2026-06-10,13:57,normal_sale,active,Shalini Jadhav,Everest Turmeric 200g,1,piece,76,76,14,5,0,207.17,207,0,51.5,cash:207
KOS-2026-005207,2026-06-10,13:57,normal_sale,active,Shalini Jadhav,Bisleri Water 1L,1,piece,20,20,7,18,0,207.17,207,0,51.5,cash:207
KOS-2026-005207,2026-06-10,13:57,normal_sale,active,Shalini Jadhav,5 Star 25g,1,piece,10.53,10.53,2.03,18,0,207.17,207,0,51.5,cash:207
KOS-2026-005207,2026-06-10,13:57,normal_sale,active,Shalini Jadhav,Rava / Sooji (loose),2,kg,50.32,100.64,28.64,5,0,207.17,207,0,51.5,cash:207
KOS-2026-005206,2026-06-10,12:57,normal_sale,active,Walk-in,Close Up Red 150g,2,piece,94.36,188.72,32.72,18,36.29,694.94,694.94,0,105.44,cash:694.94
KOS-2026-005206,2026-06-10,12:57,normal_sale,active,Walk-in,5 Star 25g,1,piece,10.53,10.53,2.03,18,36.29,694.94,694.94,0,105.44,cash:694.94
KOS-2026-005206,2026-06-10,12:57,normal_sale,active,Walk-in,Frooti 200ml,2,piece,10,20,3,12,36.29,694.94,694.94,0,105.44,cash:694.94
KOS-2026-005206,2026-06-10,12:57,normal_sale,active,Walk-in,LED Bulb 9W,4,piece,99,396,84,12,36.29,694.94,694.94,0,105.44,cash:694.94
KOS-2026-005206,2026-06-10,12:57,normal_sale,active,Walk-in,Mother Dairy Paneer 200g,1,piece,105,105,17,5,36.29,694.94,694.94,0,105.44,cash:694.94
KOS-2026-005206,2026-06-10,12:57,normal_sale,active,Walk-in,Wheat Atta (loose),0.25,kg,43.91,10.98,2.98,0,36.29,694.94,694.94,0,105.44,cash:694.94
KOS-2026-005205,2026-06-10,12:55,normal_sale,active,Rohit Bhosale,LED Bulb 9W,1,piece,99,99,21,12,0,321.71,321.71,0,68.21,upi:321.71
KOS-2026-005205,2026-06-10,12:55,normal_sale,active,Rohit Bhosale,Parachute Coconut Oil 200ml,2,piece,104.12,208.24,44.24,18,0,321.71,321.71,0,68.21,upi:321.71
KOS-2026-005205,2026-06-10,12:55,normal_sale,active,Rohit Bhosale,Maggi Noodles 70g,1,piece,14.47,14.47,2.97,12,0,321.71,321.71,0,68.21,upi:321.71
KOS-2026-005204,2026-06-10,12:37,normal_sale,active,Jyoti Singh,Horlicks 500g,1,piece,312.9,312.9,67.9,18,25,908.21,908,0,167,cash:908
KOS-2026-005204,2026-06-10,12:37,normal_sale,active,Jyoti Singh,Potato,2,kg,27.6,55.2,19.2,0,25,908.21,908,0,167,cash:908
KOS-2026-005204,2026-06-10,12:37,normal_sale,active,Jyoti Singh,Amul Masti Dahi 400g,2,piece,40,80,16,5,25,908.21,908,0,167,cash:908
KOS-2026-005204,2026-06-10,12:37,normal_sale,active,Jyoti Singh,Colgate Strong Teeth 200g,1,piece,114.06,114.06,22.06,18,25,908.21,908,0,167,cash:908
KOS-2026-005204,2026-06-10,12:37,normal_sale,active,Jyoti Singh,Lizol Floor Cleaner 500ml,2,piece,125,250,40,18,25,908.21,908,0,167,cash:908
KOS-2026-005204,2026-06-10,12:37,normal_sale,active,Jyoti Singh,Amul Gold Milk 500ml,1,piece,37.73,37.73,7.73,0,25,908.21,908,0,167,cash:908
KOS-2026-005204,2026-06-10,12:37,normal_sale,active,Jyoti Singh,Thums Up 750ml,2,piece,41.66,83.32,19.32,28,25,908.21,908,0,167,cash:908
KOS-2026-005203,2026-06-10,12:36,normal_sale,active,Walk-in,Potato,1,kg,27.6,27.6,9.6,0,25,440.54,440.54,0,67.24,cash:440.54
KOS-2026-005203,2026-06-10,12:36,normal_sale,active,Walk-in,Tata Salt 1kg,1,piece,30.94,30.94,6.94,0,25,440.54,440.54,0,67.24,cash:440.54
KOS-2026-005203,2026-06-10,12:36,normal_sale,active,Walk-in,Bisleri Water 1L,2,piece,20,40,14,18,25,440.54,440.54,0,67.24,cash:440.54
KOS-2026-005203,2026-06-10,12:36,normal_sale,active,Walk-in,Parle-G Biscuit 100g,1,piece,11,11,2.7,18,25,440.54,440.54,0,67.24,cash:440.54
KOS-2026-005203,2026-06-10,12:36,normal_sale,active,Walk-in,Amul Taaza Milk 500ml,1,piece,28,28,3,0,25,440.54,440.54,0,67.24,cash:440.54
KOS-2026-005203,2026-06-10,12:36,normal_sale,active,Walk-in,Kissan Mixed Fruit Jam 200g,4,piece,82,328,56,12,25,440.54,440.54,0,67.24,cash:440.54
KOS-2026-005202,2026-06-10,12:32,normal_sale,active,Walk-in,Lemon,1,piece,5,5,1.8,0,0,19.47,19.47,0,4.77,cash:19.47
KOS-2026-005202,2026-06-10,12:32,normal_sale,active,Walk-in,Maggi Noodles 70g,1,piece,14.47,14.47,2.97,12,0,19.47,19.47,0,4.77,cash:19.47
KOS-2026-005201,2026-06-10,11:16,normal_sale,active,Walk-in,Surf Excel Easy Wash 1kg,1,piece,155.05,155.05,37.05,18,33.19,258.53,258.53,0,31.53,upi:258.53
KOS-2026-005201,2026-06-10,11:16,normal_sale,active,Walk-in,Agarbatti Pack (20 sticks),1,piece,30,30,6,12,33.19,258.53,258.53,0,31.53,upi:258.53
KOS-2026-005201,2026-06-10,11:16,normal_sale,active,Walk-in,Amul Gold Milk 500ml,1,piece,37.73,37.73,7.73,0,33.19,258.53,258.53,0,31.53,upi:258.53
KOS-2026-005201,2026-06-10,11:16,normal_sale,active,Walk-in,Maggi Noodles 70g,2,piece,14.47,28.94,5.94,12,33.19,258.53,258.53,0,31.53,upi:258.53
KOS-2026-005201,2026-06-10,11:16,normal_sale,active,Walk-in,Amul Masti Dahi 400g,1,piece,40,40,8,5,33.19,258.53,258.53,0,31.53,upi:258.53
KOS-2026-005200,2026-06-10,11:03,normal_sale,active,Sanjay Kulkarni,Lux Soap 100g,1,piece,39.81,39.81,9.81,18,63.02,345.55,345,0,45,cash:345
KOS-2026-005200,2026-06-10,11:03,normal_sale,active,Sanjay Kulkarni,Classmate Notebook 172pg,3,piece,60.62,181.86,55.86,12,63.02,345.55,345,0,45,cash:345
KOS-2026-005200,2026-06-10,11:03,normal_sale,active,Sanjay Kulkarni,Tata Salt 1kg,2,piece,30.94,61.88,13.88,0,63.02,345.55,345,0,45,cash:345
KOS-2026-005200,2026-06-10,11:03,normal_sale,active,Sanjay Kulkarni,Amul Masti Dahi 400g,1,piece,40,40,8,5,63.02,345.55,345,0,45,cash:345
KOS-2026-005200,2026-06-10,11:03,normal_sale,active,Sanjay Kulkarni,Sprite 750ml,2,piece,42.51,85.02,21.02,28,63.02,345.55,345,0,45,cash:345
KOS-2026-005199,2026-06-10,10:51,normal_sale,active,Shalini Pawar,Harpic Toilet Cleaner 500ml,2,piece,112.02,224.04,48.04,18,0,236.51,236.51,0,50.26,upi:236.51
KOS-2026-005199,2026-06-10,10:51,normal_sale,active,Shalini Pawar,Sugar (loose),0.25,kg,49.89,12.47,2.22,5,0,236.51,236.51,0,50.26,upi:236.51
KOS-2026-005198,2026-06-10,10:11,normal_sale,active,Ganesh Sharma,Nivea Cold Cream 60ml,1,piece,128,128,20,18,0,170.8,170.8,0,28.8,cash:170.8
KOS-2026-005198,2026-06-10,10:11,normal_sale,active,Ganesh Sharma,Sunfeast Dark Fantasy 75g,1,piece,42.8,42.8,8.8,18,0,170.8,170.8,0,28.8,cash:170.8
KOS-2026-005197,2026-06-10,09:38,normal_sale,active,Vaishali Singh,Lifebuoy Soap 125g,3,piece,35,105,21,18,8.3,280.84,280.84,0,52.84,cash:280.84
KOS-2026-005197,2026-06-10,09:38,normal_sale,active,Vaishali Singh,Good Knight Refill 45ml,2,piece,92.07,184.14,40.14,18,8.3,280.84,280.84,0,52.84,cash:280.84
KOS-2026-005196,2026-06-10,09:09,normal_sale,active,Annapurna Mess & Canteen,Fortune Sunflower Oil 1L,2,piece,167.9,335.8,59.8,5,34.19,381.61,0,381.61,41.61,
KOS-2026-005196,2026-06-10,09:09,normal_sale,active,Annapurna Mess & Canteen,Coca-Cola 750ml,2,piece,40,80,16,28,34.19,381.61,0,381.61,41.61,
KOS-2026-005195,2026-06-10,08:45,normal_sale,active,Walk-in,AA Battery (2 pc),3,piece,36,108,24,18,0,108,108,0,24,upi:108
KOS-2026-005194,2026-06-10,08:30,normal_sale,active,Walk-in,5 Star 25g,1,piece,10.53,10.53,2.03,18,0,334.12,334.12,0,72.62,upi:334.12
KOS-2026-005194,2026-06-10,08:30,normal_sale,active,Walk-in,Dhara Mustard Oil 1L,1,piece,191.57,191.57,39.57,5,0,334.12,334.12,0,72.62,upi:334.12
KOS-2026-005194,2026-06-10,08:30,normal_sale,active,Walk-in,Harpic Toilet Cleaner 500ml,1,piece,112.02,112.02,24.02,18,0,334.12,334.12,0,72.62,upi:334.12
KOS-2026-005194,2026-06-10,08:30,normal_sale,active,Walk-in,Bisleri Water 1L,1,piece,20,20,7,18,0,334.12,334.12,0,72.62,upi:334.12
KOS-2026-005193,2026-06-10,08:24,normal_sale,active,Walk-in,Red Label Tea 250g,1,piece,155.56,155.56,27.56,5,0,206.28,206.28,0,39.28,upi:206.28
KOS-2026-005193,2026-06-10,08:24,normal_sale,active,Walk-in,Besan (loose),0.5,kg,101.44,50.72,11.72,5,0,206.28,206.28,0,39.28,upi:206.28
KOS-2026-005192,2026-06-10,08:08,normal_sale,active,Meena Deshmukh,Sprite 750ml,1,piece,42.51,42.51,10.51,28,0,628.51,0,628.51,109.01,
KOS-2026-005192,2026-06-10,08:08,normal_sale,active,Meena Deshmukh,Lizol Floor Cleaner 500ml,2,piece,125,250,40,18,0,628.51,0,628.51,109.01,
KOS-2026-005192,2026-06-10,08:08,normal_sale,active,Meena Deshmukh,Vim Liquid 500ml,2,piece,118,236,40,18,0,628.51,0,628.51,109.01,
KOS-2026-005192,2026-06-10,08:08,normal_sale,active,Meena Deshmukh,Toor Dal (loose),0.25,kg,148,37,7.5,0,0,628.51,0,628.51,109.01,
KOS-2026-005192,2026-06-10,08:08,normal_sale,active,Meena Deshmukh,Kurkure Masala Munch 70g,1,piece,20,20,3.5,12,0,628.51,0,628.51,109.01,
KOS-2026-005192,2026-06-10,08:08,normal_sale,active,Meena Deshmukh,Frooti 200ml,2,piece,10,20,3,12,0,628.51,0,628.51,109.01,
KOS-2026-005192,2026-06-10,08:08,normal_sale,active,Meena Deshmukh,Chana Dal (loose),0.25,kg,92,23,4.5,0,0,628.51,0,628.51,109.01,
KOS-2026-005191,2026-06-09,20:52,normal_sale,active,Walk-in,Amul Butter 100g,4,piece,67.48,269.92,53.92,12,0,649.24,649,0,121,cash:649
KOS-2026-005191,2026-06-09,20:52,normal_sale,active,Walk-in,Thums Up 750ml,2,piece,41.66,83.32,19.32,28,0,649.24,649,0,121,cash:649
KOS-2026-005191,2026-06-09,20:52,normal_sale,active,Walk-in,Coca-Cola 750ml,1,piece,40,40,8,28,0,649.24,649,0,121,cash:649
KOS-2026-005191,2026-06-09,20:52,normal_sale,active,Walk-in,Nivea Cold Cream 60ml,2,piece,128,256,40,18,0,649.24,649,0,121,cash:649
KOS-2026-005190,2026-06-09,20:40,normal_sale,active,Madhuri Jadhav,Kurkure Masala Munch 70g,3,piece,20,60,10.5,12,0,216.41,216,0,43.1,cash:216
KOS-2026-005190,2026-06-09,20:40,normal_sale,active,Madhuri Jadhav,Amul Masti Dahi 400g,2,piece,40,80,16,5,0,216.41,216,0,43.1,cash:216
KOS-2026-005190,2026-06-09,20:40,normal_sale,active,Madhuri Jadhav,Parle-G Biscuit 100g,3,piece,11,33,8.1,18,0,216.41,216,0,43.1,cash:216
KOS-2026-005190,2026-06-09,20:40,normal_sale,active,Madhuri Jadhav,Maggi Noodles 70g,3,piece,14.47,43.41,8.91,12,0,216.41,216,0,43.1,cash:216
KOS-2026-005189,2026-06-09,20:29,normal_sale,active,Yogesh Sharma,Odonil Air Freshener 50g,1,piece,78,78,16,18,0,78,78,0,16,upi:78
KOS-2026-005188,2026-06-09,20:21,normal_sale,active,Ganesh Verma,Dairy Milk 50g,1,piece,43.88,43.88,9.88,18,0,43.88,43,0,9,cash:43
KOS-2026-005187,2026-06-09,19:59,normal_sale,active,Walk-in,Sona Masoori Rice (loose),0.25,kg,63.6,15.9,4.4,0,0,149.77,149.77,0,35.57,cash:57|upi:92.77
KOS-2026-005187,2026-06-09,19:59,normal_sale,active,Walk-in,Haldiram Bhujia 200g,2,piece,57.38,114.76,24.76,12,0,149.77,149.77,0,35.57,cash:57|upi:92.77
KOS-2026-005187,2026-06-09,19:59,normal_sale,active,Walk-in,Tomato,0.25,kg,42.13,10.53,4.03,0,0,149.77,149.77,0,35.57,cash:57|upi:92.77
KOS-2026-005187,2026-06-09,19:59,normal_sale,active,Walk-in,Farm Eggs,1,piece,8.58,8.58,2.38,0,0,149.77,149.77,0,35.57,cash:57|upi:92.77
KOS-2026-005186,2026-06-09,19:51,normal_sale,active,Sanjay Chavan,Tata Tea Gold 500g,3,piece,305,915,120,5,25,1038.47,1038,0,127.6,cash:1038
KOS-2026-005186,2026-06-09,19:51,normal_sale,active,Sanjay Chavan,Match Box,2,piece,2.12,4.24,2.04,18,25,1038.47,1038,0,127.6,cash:1038
KOS-2026-005186,2026-06-09,19:51,normal_sale,active,Sanjay Chavan,Garlic,0.25,kg,153.4,38.35,10.35,0,25,1038.47,1038,0,127.6,cash:1038
KOS-2026-005186,2026-06-09,19:51,normal_sale,active,Sanjay Chavan,Britannia Marie Gold 250g,1,piece,40.88,40.88,7.88,18,25,1038.47,1038,0,127.6,cash:1038
KOS-2026-005186,2026-06-09,19:51,normal_sale,active,Sanjay Chavan,Lemon,1,piece,5,5,1.8,0,25,1038.47,1038,0,127.6,cash:1038
KOS-2026-005186,2026-06-09,19:51,normal_sale,active,Sanjay Chavan,Coca-Cola 750ml,1,piece,40,40,8,28,25,1038.47,1038,0,127.6,cash:1038
KOS-2026-005186,2026-06-09,19:51,normal_sale,active,Sanjay Chavan,Frooti 200ml,2,piece,10,20,3,12,25,1038.47,1038,0,127.6,cash:1038
KOS-2026-005185,2026-06-09,19:46,normal_sale,active,Walk-in,Tomato,0.25,kg,42.13,10.53,4.03,0,0,188.74,188.74,0,36.29,upi:188.74
KOS-2026-005185,2026-06-09,19:46,normal_sale,active,Walk-in,Center Fresh Gum (jar pc),3,piece,1.07,3.21,0.66,18,0,188.74,188.74,0,36.29,upi:188.74
KOS-2026-005185,2026-06-09,19:46,normal_sale,active,Walk-in,Lemon,2,piece,5,10,3.6,0,0,188.74,188.74,0,36.29,upi:188.74
KOS-2026-005185,2026-06-09,19:46,normal_sale,active,Walk-in,Amul Masti Dahi 400g,1,piece,40,40,8,5,0,188.74,188.74,0,36.29,upi:188.74
KOS-2026-005185,2026-06-09,19:46,normal_sale,active,Walk-in,Lizol Floor Cleaner 500ml,1,piece,125,125,20,18,0,188.74,188.74,0,36.29,upi:188.74
KOS-2026-005184,2026-06-09,19:25,normal_sale,active,Walk-in,Parle-G Biscuit 100g,1,piece,11,11,2.7,18,0,859.32,859.32,0,125.02,cash:342|upi:517.32
KOS-2026-005184,2026-06-09,19:25,normal_sale,active,Walk-in,Thums Up 750ml,2,piece,41.66,83.32,19.32,28,0,859.32,859.32,0,125.02,cash:342|upi:517.32
KOS-2026-005184,2026-06-09,19:25,normal_sale,active,Walk-in,Ariel Detergent 1kg,1,piece,155,155,23,18,0,859.32,859.32,0,125.02,cash:342|upi:517.32
KOS-2026-005184,2026-06-09,19:25,normal_sale,active,Walk-in,Tata Tea Gold 500g,2,piece,305,610,80,5,0,859.32,859.32,0,125.02,cash:342|upi:517.32
KOS-2026-005183,2026-06-09,18:49,normal_sale,active,Ashok Pawar,Maggi Noodles 8-pack,1,piece,108,108,16,12,0,321.59,321.59,0,58.59,upi:321.59
KOS-2026-005183,2026-06-09,18:49,normal_sale,active,Ashok Pawar,KitKat 4-finger,1,piece,21.13,21.13,4.13,18,0,321.59,321.59,0,58.59,upi:321.59
KOS-2026-005183,2026-06-09,18:49,normal_sale,active,Ashok Pawar,Frooti 200ml,1,piece,10,10,1.5,12,0,321.59,321.59,0,58.59,upi:321.59
KOS-2026-005183,2026-06-09,18:49,normal_sale,active,Ashok Pawar,Red Label Tea 250g,1,piece,155.56,155.56,27.56,5,0,321.59,321.59,0,58.59,upi:321.59
KOS-2026-005183,2026-06-09,18:49,normal_sale,active,Ashok Pawar,Bisleri Water 1L,1,piece,20,20,7,18,0,321.59,321.59,0,58.59,upi:321.59
KOS-2026-005183,2026-06-09,18:49,normal_sale,active,Ashok Pawar,Potato,0.25,kg,27.6,6.9,2.4,0,0,321.59,321.59,0,58.59,upi:321.59
KOS-2026-005182,2026-06-09,17:51,normal_sale,active,Walk-in,Garlic,0.25,kg,153.4,38.35,10.35,0,0,439.96,439.96,0,89.36,upi:439.96
KOS-2026-005182,2026-06-09,17:51,normal_sale,active,Walk-in,Britannia Brown Bread,3,piece,50,150,24,0,0,439.96,439.96,0,89.36,upi:439.96
KOS-2026-005182,2026-06-09,17:51,normal_sale,active,Walk-in,Agarbatti Pack (20 sticks),1,piece,30,30,6,12,0,439.96,439.96,0,89.36,upi:439.96
KOS-2026-005182,2026-06-09,17:51,normal_sale,active,Walk-in,Bingo Mad Angles 66g,1,piece,20.81,20.81,4.31,12,0,439.96,439.96,0,89.36,upi:439.96
KOS-2026-005182,2026-06-09,17:51,normal_sale,active,Walk-in,Gillette Guard Razor,1,piece,36.91,36.91,8.91,18,0,439.96,439.96,0,89.36,upi:439.96
KOS-2026-005182,2026-06-09,17:51,normal_sale,active,Walk-in,Vim Dishwash Bar 200g,2,piece,21.3,42.6,10.6,18,0,439.96,439.96,0,89.36,upi:439.96
KOS-2026-005182,2026-06-09,17:51,normal_sale,active,Walk-in,Sugar (loose),1,kg,49.89,49.89,8.89,5,0,439.96,439.96,0,89.36,upi:439.96
KOS-2026-005182,2026-06-09,17:51,normal_sale,active,Walk-in,Onion,0.5,kg,35.9,17.95,5.95,0,0,439.96,439.96,0,89.36,upi:439.96
KOS-2026-005182,2026-06-09,17:51,normal_sale,active,Walk-in,Frooti 200ml,1,piece,10,10,1.5,12,0,439.96,439.96,0,89.36,upi:439.96
KOS-2026-005182,2026-06-09,17:51,normal_sale,active,Walk-in,5 Star 25g,1,piece,10.53,10.53,2.03,18,0,439.96,439.96,0,89.36,upi:439.96
KOS-2026-005182,2026-06-09,17:51,normal_sale,active,Walk-in,Britannia Good Day 100g,1,piece,30.8,30.8,5.8,18,0,439.96,439.96,0,89.36,upi:439.96
KOS-2026-005182,2026-06-09,17:51,normal_sale,active,Walk-in,Match Box,1,piece,2.12,2.12,1.02,18,0,439.96,439.96,0,89.36,upi:439.96
KOS-2026-005181,2026-06-09,17:40,normal_sale,active,Walk-in,Britannia Marie Gold 250g,2,piece,40.88,81.76,15.76,18,25,547.25,547.25,0,109.9,upi:547.25
KOS-2026-005181,2026-06-09,17:40,normal_sale,active,Walk-in,Surf Excel Easy Wash 1kg,2,piece,155.05,310.1,74.1,18,25,547.25,547.25,0,109.9,upi:547.25
KOS-2026-005181,2026-06-09,17:40,normal_sale,active,Walk-in,Sona Masoori Rice (loose),0.25,kg,63.6,15.9,4.4,0,25,547.25,547.25,0,109.9,upi:547.25
KOS-2026-005181,2026-06-09,17:40,normal_sale,active,Walk-in,Lemon,8,piece,5,40,14.4,0,25,547.25,547.25,0,109.9,upi:547.25
KOS-2026-005181,2026-06-09,17:40,normal_sale,active,Walk-in,Harpic Toilet Cleaner 500ml,1,piece,112.02,112.02,24.02,18,25,547.25,547.25,0,109.9,upi:547.25
KOS-2026-005181,2026-06-09,17:40,normal_sale,active,Walk-in,Sugar (loose),0.25,kg,49.89,12.47,2.22,5,25,547.25,547.25,0,109.9,upi:547.25
KOS-2026-005180,2026-06-09,17:29,normal_sale,active,Walk-in,Clinic Plus Shampoo 175ml,2,piece,140,280,44,18,0,729.38,729.38,0,128.38,cash:729.38
KOS-2026-005180,2026-06-09,17:29,normal_sale,active,Walk-in,Sprite 750ml,2,piece,42.51,85.02,21.02,28,0,729.38,729.38,0,128.38,cash:729.38
KOS-2026-005180,2026-06-09,17:29,normal_sale,active,Walk-in,Wheat Atta (loose),0.5,kg,43.91,21.96,5.96,0,0,729.38,729.38,0,128.38,cash:729.38
KOS-2026-005180,2026-06-09,17:29,normal_sale,active,Walk-in,Britannia Good Day 100g,3,piece,30.8,92.4,17.4,18,0,729.38,729.38,0,128.38,cash:729.38
KOS-2026-005180,2026-06-09,17:29,normal_sale,active,Walk-in,Lizol Floor Cleaner 500ml,2,piece,125,250,40,18,0,729.38,729.38,0,128.38,cash:729.38
KOS-2026-005179,2026-06-09,17:25,normal_sale,active,Gurpreet Dsouza,Amul Gold Milk 500ml,1,piece,37.73,37.73,7.73,0,0,93.73,93.73,0,13.73,cash:93.73
KOS-2026-005179,2026-06-09,17:25,normal_sale,active,Gurpreet Dsouza,Amul Taaza Milk 500ml,2,piece,28,56,6,0,0,93.73,93.73,0,13.73,cash:93.73
KOS-2026-005178,2026-06-09,17:21,normal_sale,active,Deepak Kadam,Haldiram Bhujia 200g,1,piece,57.38,57.38,12.38,12,0,315.14,315,0,65.5,cash:315
KOS-2026-005178,2026-06-09,17:21,normal_sale,active,Deepak Kadam,Amul Masti Dahi 400g,1,piece,40,40,8,5,0,315.14,315,0,65.5,cash:315
KOS-2026-005178,2026-06-09,17:21,normal_sale,active,Deepak Kadam,LED Bulb 9W,1,piece,99,99,21,12,0,315.14,315,0,65.5,cash:315
KOS-2026-005178,2026-06-09,17:21,normal_sale,active,Deepak Kadam,Dove Soap 100g,1,piece,68,68,13,18,0,315.14,315,0,65.5,cash:315
KOS-2026-005178,2026-06-09,17:21,normal_sale,active,Deepak Kadam,Maggi Noodles 70g,2,piece,14.47,28.94,5.94,12,0,315.14,315,0,65.5,cash:315
KOS-2026-005178,2026-06-09,17:21,normal_sale,active,Deepak Kadam,Lays Classic Salted 52g,1,piece,21.82,21.82,5.32,12,0,315.14,315,0,65.5,cash:315
KOS-2026-005177,2026-06-09,17:21,normal_sale,active,Simran Bhosale,Haldiram Bhujia 200g,1,piece,57.38,57.38,12.38,12,0,117.38,117.38,0,23.88,cash:117.38
KOS-2026-005177,2026-06-09,17:21,normal_sale,active,Simran Bhosale,Coca-Cola 750ml,1,piece,40,40,8,28,0,117.38,117.38,0,23.88,cash:117.38
KOS-2026-005177,2026-06-09,17:21,normal_sale,active,Simran Bhosale,Kurkure Masala Munch 70g,1,piece,20,20,3.5,12,0,117.38,117.38,0,23.88,cash:117.38
KOS-2026-005176,2026-06-09,16:27,normal_sale,active,Balaji Dsouza,Frooti 200ml,2,piece,10,20,3,12,0,399.01,399.01,0,82.71,cash:152|upi:247.01
KOS-2026-005176,2026-06-09,16:27,normal_sale,active,Balaji Dsouza,Parle-G Biscuit 100g,1,piece,11,11,2.7,18,0,399.01,399.01,0,82.71,cash:152|upi:247.01
KOS-2026-005176,2026-06-09,16:27,normal_sale,active,Balaji Dsouza,Amul Masti Dahi 400g,2,piece,40,80,16,5,0,399.01,399.01,0,82.71,cash:152|upi:247.01
KOS-2026-005176,2026-06-09,16:27,normal_sale,active,Balaji Dsouza,Surf Excel Easy Wash 1kg,1,piece,155.05,155.05,37.05,18,0,399.01,399.01,0,82.71,cash:152|upi:247.01
KOS-2026-005176,2026-06-09,16:27,normal_sale,active,Balaji Dsouza,Yippee Noodles 70g,1,piece,14.96,14.96,3.96,12,0,399.01,399.01,0,82.71,cash:152|upi:247.01
KOS-2026-005176,2026-06-09,16:27,normal_sale,active,Balaji Dsouza,Vim Liquid 500ml,1,piece,118,118,20,18,0,399.01,399.01,0,82.71,cash:152|upi:247.01
KOS-2026-005175,2026-06-09,16:01,normal_sale,active,Walk-in,Bisleri Water 1L,2,piece,20,40,14,18,8.19,83.93,83.93,0,16.33,upi:83.93
KOS-2026-005175,2026-06-09,16:01,normal_sale,active,Walk-in,Coca-Cola 750ml,1,piece,40,40,8,28,8.19,83.93,83.93,0,16.33,upi:83.93
KOS-2026-005175,2026-06-09,16:01,normal_sale,active,Walk-in,Match Box,1,piece,2.12,2.12,1.02,18,8.19,83.93,83.93,0,16.33,upi:83.93
KOS-2026-005175,2026-06-09,16:01,normal_sale,active,Walk-in,Frooti 200ml,1,piece,10,10,1.5,12,8.19,83.93,83.93,0,16.33,upi:83.93
KOS-2026-005174,2026-06-09,12:57,normal_sale,active,Jyoti Salunkhe,Sprite 750ml,1,piece,42.51,42.51,10.51,28,0,721.63,721.63,0,152.43,upi:721.63
KOS-2026-005174,2026-06-09,12:57,normal_sale,active,Jyoti Salunkhe,Good Knight Refill 45ml,1,piece,92.07,92.07,20.07,18,0,721.63,721.63,0,152.43,upi:721.63
KOS-2026-005174,2026-06-09,12:57,normal_sale,active,Jyoti Salunkhe,Coca-Cola 750ml,1,piece,40,40,8,28,0,721.63,721.63,0,152.43,upi:721.63
KOS-2026-005174,2026-06-09,12:57,normal_sale,active,Jyoti Salunkhe,Surf Excel Easy Wash 1kg,1,piece,155.05,155.05,37.05,18,0,721.63,721.63,0,152.43,upi:721.63
KOS-2026-005174,2026-06-09,12:57,normal_sale,active,Jyoti Salunkhe,Odonil Air Freshener 50g,3,piece,78,234,48,18,0,721.63,721.63,0,152.43,upi:721.63
KOS-2026-005174,2026-06-09,12:57,normal_sale,active,Jyoti Salunkhe,Lifebuoy Soap 125g,1,piece,35,35,7,18,0,721.63,721.63,0,152.43,upi:721.63
KOS-2026-005174,2026-06-09,12:57,normal_sale,active,Jyoti Salunkhe,Lemon,1,piece,5,5,1.8,0,0,721.63,721.63,0,152.43,upi:721.63
KOS-2026-005174,2026-06-09,12:57,normal_sale,active,Jyoti Salunkhe,Vim Liquid 500ml,1,piece,118,118,20,18,0,721.63,721.63,0,152.43,upi:721.63
KOS-2026-005173,2026-06-09,12:49,normal_sale,active,Walk-in,AA Battery (2 pc),2,piece,36,72,16,18,0,72,72,0,16,upi:72
KOS-2026-005172,2026-06-09,12:14,normal_sale,active,Walk-in,Oreo Biscuit 120g,2,piece,35,70,10,18,0,573.7,573.7,0,99.7,upi:573.7
KOS-2026-005172,2026-06-09,12:14,normal_sale,active,Walk-in,Fortune Sunflower Oil 1L,3,piece,167.9,503.7,89.7,5,0,573.7,573.7,0,99.7,upi:573.7
KOS-2026-005171,2026-06-09,11:30,normal_sale,active,Walk-in,Close Up Red 150g,1,piece,94.36,94.36,16.36,18,0,273.33,273.33,0,65.33,upi:273.33
KOS-2026-005171,2026-06-09,11:30,normal_sale,active,Walk-in,MDH Garam Masala 100g,1,piece,94.71,94.71,16.71,5,0,273.33,273.33,0,65.33,upi:273.33
KOS-2026-005171,2026-06-09,11:30,normal_sale,active,Walk-in,Tomato,2,kg,42.13,84.26,32.26,0,0,273.33,273.33,0,65.33,upi:273.33
KOS-2026-005170,2026-06-09,10:52,normal_sale,active,Shalini Pawar,Lemon,1,piece,5,5,1.8,0,0,338.71,338,0,64.8,cash:338
KOS-2026-005170,2026-06-09,10:52,normal_sale,active,Shalini Pawar,Bisleri Water 1L,1,piece,20,20,7,18,0,338.71,338,0,64.8,cash:338
KOS-2026-005170,2026-06-09,10:52,normal_sale,active,Shalini Pawar,Britannia Marie Gold 250g,1,piece,40.88,40.88,7.88,18,0,338.71,338,0,64.8,cash:338
KOS-2026-005170,2026-06-09,10:52,normal_sale,active,Shalini Pawar,Lifebuoy Soap 125g,1,piece,35,35,7,18,0,338.71,338,0,64.8,cash:338
KOS-2026-005170,2026-06-09,10:52,normal_sale,active,Shalini Pawar,Amul Masti Dahi 400g,1,piece,40,40,8,5,0,338.71,338,0,64.8,cash:338
KOS-2026-005170,2026-06-09,10:52,normal_sale,active,Shalini Pawar,Parachute Coconut Oil 200ml,2,piece,104.12,197.83,33.83,18,0,338.71,338,0,64.8,cash:338
KOS-2026-005169,2026-06-09,10:37,normal_sale,active,Walk-in,Oreo Biscuit 120g,4,piece,35,140,20,18,0,201.6,201.6,0,31.6,upi:201.6
KOS-2026-005169,2026-06-09,10:37,normal_sale,active,Walk-in,Britannia Good Day 100g,2,piece,30.8,61.6,11.6,18,0,201.6,201.6,0,31.6,upi:201.6
KOS-2026-005168,2026-06-09,09:56,normal_sale,active,Walk-in,Britannia Good Day 100g,1,piece,30.8,30.8,5.8,18,0,30.8,30.8,0,5.8,cash:20|upi:10.8
KOS-2026-005167,2026-06-09,09:45,normal_sale,active,Walk-in,Clinic Plus Shampoo 175ml,2,piece,140,280,44,18,0,482.14,482,0,99.15,cash:482
KOS-2026-005167,2026-06-09,09:45,normal_sale,active,Walk-in,Lux Soap 100g,1,piece,39.81,39.81,9.81,18,0,482.14,482,0,99.15,cash:482
KOS-2026-005167,2026-06-09,09:45,normal_sale,active,Walk-in,Lays Classic Salted 52g,2,piece,21.82,43.64,10.64,12,0,482.14,482,0,99.15,cash:482
KOS-2026-005167,2026-06-09,09:45,normal_sale,active,Walk-in,Tomato,0.5,kg,42.13,21.07,8.07,0,0,482.14,482,0,99.15,cash:482
KOS-2026-005167,2026-06-09,09:45,normal_sale,active,Walk-in,Frooti 200ml,2,piece,10,20,3,12,0,482.14,482,0,99.15,cash:482
KOS-2026-005167,2026-06-09,09:45,normal_sale,active,Walk-in,Basmati Rice Premium (loose),0.5,kg,133.1,66.55,20.55,0,0,482.14,482,0,99.15,cash:482
KOS-2026-005167,2026-06-09,09:45,normal_sale,active,Walk-in,Center Fresh Gum (jar pc),1,piece,1.07,1.07,0.22,18,0,482.14,482,0,99.15,cash:482
KOS-2026-005167,2026-06-09,09:45,normal_sale,active,Walk-in,Reynolds Pen,1,piece,10,10,3,12,0,482.14,482,0,99.15,cash:482
KOS-2026-005166,2026-06-09,08:58,normal_sale,active,Walk-in,Onion,0.25,kg,35.9,8.98,2.98,0,11.62,47.32,47.32,0,0.32,upi:47.32
KOS-2026-005166,2026-06-09,08:58,normal_sale,active,Walk-in,Amul Taaza Milk 500ml,1,piece,28,28,3,0,11.62,47.32,47.32,0,0.32,upi:47.32
KOS-2026-005166,2026-06-09,08:58,normal_sale,active,Walk-in,Wheat Atta (loose),0.5,kg,43.91,21.96,5.96,0,11.62,47.32,47.32,0,0.32,upi:47.32
KOS-2026-005165,2026-06-09,08:55,normal_sale,active,Salim Verma,Center Fresh Gum (jar pc),1,piece,1.07,1.07,0.22,18,0,144.5,144,0,26.65,cash:144
KOS-2026-005165,2026-06-09,08:55,normal_sale,active,Salim Verma,Amul Gold Milk 500ml,1,piece,37.73,37.73,7.73,0,0,144.5,144,0,26.65,cash:144
KOS-2026-005165,2026-06-09,08:55,normal_sale,active,Salim Verma,Britannia Good Day 100g,1,piece,30.8,30.8,5.8,18,0,144.5,144,0,26.65,cash:144
KOS-2026-005165,2026-06-09,08:55,normal_sale,active,Salim Verma,Potato,0.25,kg,27.6,6.9,2.4,0,0,144.5,144,0,26.65,cash:144
KOS-2026-005165,2026-06-09,08:55,normal_sale,active,Salim Verma,Amul Masti Dahi 400g,1,piece,40,40,8,5,0,144.5,144,0,26.65,cash:144
KOS-2026-005165,2026-06-09,08:55,normal_sale,active,Salim Verma,Amul Taaza Milk 500ml,1,piece,28,28,3,0,0,144.5,144,0,26.65,cash:144
KOS-2026-005164,2026-06-09,08:43,normal_sale,active,Gurpreet Dsouza,Fortune Sunflower Oil 1L,2,piece,167.9,335.8,59.8,5,0,1515.24,1515.24,0,227.74,upi:1515.24
KOS-2026-005164,2026-06-09,08:43,normal_sale,active,Gurpreet Dsouza,Tata Tea Gold 500g,3,piece,305,915,120,5,0,1515.24,1515.24,0,227.74,upi:1515.24
KOS-2026-005164,2026-06-09,08:43,normal_sale,active,Gurpreet Dsouza,5 Star 25g,1,piece,10.53,10.53,2.03,18,0,1515.24,1515.24,0,227.74,upi:1515.24
KOS-2026-005164,2026-06-09,08:43,normal_sale,active,Gurpreet Dsouza,Mother Dairy Paneer 200g,2,piece,105,210,34,5,0,1515.24,1515.24,0,227.74,upi:1515.24
KOS-2026-005164,2026-06-09,08:43,normal_sale,active,Gurpreet Dsouza,Wheat Atta (loose),1,kg,43.91,43.91,11.91,0,0,1515.24,1515.24,0,227.74,upi:1515.24
KOS-2026-005163,2026-06-09,08:12,normal_sale,active,Smita Bhosale,Mother Dairy Paneer 200g,1,piece,105,105,17,5,0,1151.28,1151,0,254,cash:1151
KOS-2026-005163,2026-06-09,08:12,normal_sale,active,Smita Bhosale,Groundnut / Peanut (loose),5,kg,114.59,572.95,132.95,5,0,1151.28,1151,0,254,cash:1151
KOS-2026-005163,2026-06-09,08:12,normal_sale,active,Smita Bhosale,Onion,1,kg,35.9,35.9,11.9,0,0,1151.28,1151,0,254,cash:1151
KOS-2026-005163,2026-06-09,08:12,normal_sale,active,Smita Bhosale,Sprite 750ml,3,piece,42.51,127.53,31.53,28,0,1151.28,1151,0,254,cash:1151
KOS-2026-005163,2026-06-09,08:12,normal_sale,active,Smita Bhosale,Amul Butter 100g,3,piece,67.48,202.44,40.44,12,0,1151.28,1151,0,254,cash:1151
KOS-2026-005163,2026-06-09,08:12,normal_sale,active,Smita Bhosale,Thums Up 750ml,1,piece,41.66,41.66,9.66,28,0,1151.28,1151,0,254,cash:1151
KOS-2026-005163,2026-06-09,08:12,normal_sale,active,Smita Bhosale,Britannia Good Day 100g,1,piece,30.8,30.8,5.8,18,0,1151.28,1151,0,254,cash:1151
KOS-2026-005163,2026-06-09,08:12,normal_sale,active,Smita Bhosale,Oreo Biscuit 120g,1,piece,35,35,5,18,0,1151.28,1151,0,254,cash:1151
KOS-2026-005162,2026-06-09,08:05,normal_sale,active,Walk-in,Lemon,3,piece,5,15,5.4,0,0,15,15,0,5.4,cash:9|upi:6
KOS-2026-005161,2026-06-09,08:02,normal_sale,active,Sanjay More,Toor Dal (loose),0.5,kg,148,74,15,0,0,280.86,280.86,0,60.86,upi:280.86
KOS-2026-005161,2026-06-09,08:02,normal_sale,active,Sanjay More,Kissan Mixed Fruit Jam 200g,1,piece,82,82,14,12,0,280.86,280.86,0,60.86,upi:280.86
KOS-2026-005161,2026-06-09,08:02,normal_sale,active,Sanjay More,Amul Taaza Milk 500ml,1,piece,28,28,3,0,0,280.86,280.86,0,60.86,upi:280.86
KOS-2026-005161,2026-06-09,08:02,normal_sale,active,Sanjay More,Potato,2,kg,27.6,55.2,19.2,0,0,280.86,280.86,0,60.86,upi:280.86
KOS-2026-005161,2026-06-09,08:02,normal_sale,active,Sanjay More,Thums Up 750ml,1,piece,41.66,41.66,9.66,28,0,280.86,280.86,0,60.86,upi:280.86
KOS-2026-005160,2026-06-08,21:28,normal_sale,active,Walk-in,Fortune Sunflower Oil 1L,1,piece,167.9,167.9,29.9,5,0,848.46,848.46,0,192.46,upi:848.46
KOS-2026-005160,2026-06-08,21:28,normal_sale,active,Walk-in,Sugar (loose),1,kg,49.89,49.89,8.89,5,0,848.46,848.46,0,192.46,upi:848.46
KOS-2026-005160,2026-06-08,21:28,normal_sale,active,Walk-in,Candle Pack (6 pc),1,piece,43.92,43.92,11.92,12,0,848.46,848.46,0,192.46,upi:848.46
KOS-2026-005160,2026-06-08,21:28,normal_sale,active,Walk-in,Tata Salt 1kg,2,piece,30.94,61.88,13.88,0,0,848.46,848.46,0,192.46,upi:848.46
KOS-2026-005160,2026-06-08,21:28,normal_sale,active,Walk-in,Coca-Cola 750ml,1,piece,40,40,8,28,0,848.46,848.46,0,192.46,upi:848.46
KOS-2026-005160,2026-06-08,21:28,normal_sale,active,Walk-in,Kissan Tomato Ketchup 500g,2,piece,119.13,238.26,62.26,12,0,848.46,848.46,0,192.46,upi:848.46
KOS-2026-005160,2026-06-08,21:28,normal_sale,active,Walk-in,KitKat 4-finger,1,piece,21.13,21.13,4.13,18,0,848.46,848.46,0,192.46,upi:848.46
KOS-2026-005160,2026-06-08,21:28,normal_sale,active,Walk-in,Sona Masoori Rice (loose),0.5,kg,63.6,31.8,8.8,0,0,848.46,848.46,0,192.46,upi:848.46
KOS-2026-005160,2026-06-08,21:28,normal_sale,active,Walk-in,Kurkure Masala Munch 70g,1,piece,20,20,3.5,12,0,848.46,848.46,0,192.46,upi:848.46
KOS-2026-005160,2026-06-08,21:28,normal_sale,active,Walk-in,AA Battery (2 pc),3,piece,36,108,24,18,0,848.46,848.46,0,192.46,upi:848.46
KOS-2026-005160,2026-06-08,21:28,normal_sale,active,Walk-in,Mustard Oil (loose),0.25,l,175.42,43.86,11.86,5,0,848.46,848.46,0,192.46,upi:848.46
KOS-2026-005160,2026-06-08,21:28,normal_sale,active,Walk-in,Lays Classic Salted 52g,1,piece,21.82,21.82,5.32,12,0,848.46,848.46,0,192.46,upi:848.46
KOS-2026-005159,2026-06-08,21:08,normal_sale,active,Walk-in,Ariel Detergent 1kg,3,piece,155,465,69,18,0,984.37,984,0,187.25,cash:984
KOS-2026-005159,2026-06-08,21:08,normal_sale,active,Walk-in,Bournvita 500g,1,piece,282.99,282.99,50.99,18,0,984.37,984,0,187.25,cash:984
KOS-2026-005159,2026-06-08,21:08,normal_sale,active,Walk-in,Onion,1,kg,35.9,35.9,11.9,0,0,984.37,984,0,187.25,cash:984
KOS-2026-005159,2026-06-08,21:08,normal_sale,active,Walk-in,Reynolds Pen,1,piece,10,10,3,12,0,984.37,984,0,187.25,cash:984
KOS-2026-005159,2026-06-08,21:08,normal_sale,active,Walk-in,Sugar (loose),0.25,kg,49.89,12.47,2.22,5,0,984.37,984,0,187.25,cash:984
KOS-2026-005159,2026-06-08,21:08,normal_sale,active,Walk-in,Bisleri Water 1L,3,piece,20,60,21,18,0,984.37,984,0,187.25,cash:984
KOS-2026-005159,2026-06-08,21:08,normal_sale,active,Walk-in,Sona Masoori Rice (loose),1,kg,63.6,63.6,17.6,0,0,984.37,984,0,187.25,cash:984
KOS-2026-005159,2026-06-08,21:08,normal_sale,active,Walk-in,5 Star 25g,1,piece,10.53,10.53,2.03,18,0,984.37,984,0,187.25,cash:984
KOS-2026-005159,2026-06-08,21:08,normal_sale,active,Walk-in,Dairy Milk 50g,1,piece,43.88,43.88,9.88,18,0,984.37,984,0,187.25,cash:984
KOS-2026-005158,2026-06-08,21:01,normal_sale,active,Kavita Dsouza,Bournvita 500g,1,piece,282.99,282.99,50.99,18,25,444.38,444.38,0,65.38,cash:444.38
KOS-2026-005158,2026-06-08,21:01,normal_sale,active,Kavita Dsouza,Maggi Noodles 70g,1,piece,14.47,14.47,2.97,12,25,444.38,444.38,0,65.38,cash:444.38
KOS-2026-005158,2026-06-08,21:01,normal_sale,active,Kavita Dsouza,Sprite 750ml,1,piece,42.51,42.51,10.51,28,25,444.38,444.38,0,65.38,cash:444.38
KOS-2026-005158,2026-06-08,21:01,normal_sale,active,Kavita Dsouza,Odonil Air Freshener 50g,1,piece,78,78,16,18,25,444.38,444.38,0,65.38,cash:444.38
KOS-2026-005158,2026-06-08,21:01,normal_sale,active,Kavita Dsouza,Britannia Marie Gold 250g,1,piece,40.88,40.88,7.88,18,25,444.38,444.38,0,65.38,cash:444.38
KOS-2026-005158,2026-06-08,21:01,normal_sale,active,Kavita Dsouza,5 Star 25g,1,piece,10.53,10.53,2.03,18,25,444.38,444.38,0,65.38,cash:444.38
KOS-2026-005157,2026-06-08,20:09,normal_sale,active,Vijay More,5 Star 25g,2,piece,10.53,21.06,4.06,18,0,238.35,238,0,53.4,cash:238
KOS-2026-005157,2026-06-08,20:09,normal_sale,active,Vijay More,Maggi Noodles 70g,1,piece,14.47,14.47,2.97,12,0,238.35,238,0,53.4,cash:238
KOS-2026-005157,2026-06-08,20:09,normal_sale,active,Vijay More,Parle-G Biscuit 100g,2,piece,11,22,5.4,18,0,238.35,238,0,53.4,cash:238
KOS-2026-005157,2026-06-08,20:09,normal_sale,active,Vijay More,Harpic Toilet Cleaner 500ml,1,piece,112.02,112.02,24.02,18,0,238.35,238,0,53.4,cash:238
KOS-2026-005157,2026-06-08,20:09,normal_sale,active,Vijay More,Tomato,0.5,kg,42.13,21.07,8.07,0,0,238.35,238,0,53.4,cash:238
KOS-2026-005157,2026-06-08,20:09,normal_sale,active,Vijay More,Amul Gold Milk 500ml,1,piece,37.73,37.73,7.73,0,0,238.35,238,0,53.4,cash:238
KOS-2026-005157,2026-06-08,20:09,normal_sale,active,Vijay More,Frooti 200ml,1,piece,10,10,1.5,12,0,238.35,238,0,53.4,cash:238
KOS-2026-005156,2026-06-08,19:31,normal_sale,active,Walk-in,Britannia Good Day 100g,3,piece,30.8,92.4,17.4,18,0,93.47,93.47,0,17.62,upi:93.47
KOS-2026-005156,2026-06-08,19:31,normal_sale,active,Walk-in,Center Fresh Gum (jar pc),1,piece,1.07,1.07,0.22,18,0,93.47,93.47,0,17.62,upi:93.47
KOS-2026-005155,2026-06-08,18:56,normal_sale,active,Walk-in,Britannia Marie Gold 250g,2,piece,40.88,81.76,15.76,18,0,509.94,509,0,83.5,cash:509
KOS-2026-005155,2026-06-08,18:56,normal_sale,active,Walk-in,Potato,1,kg,27.6,27.6,9.6,0,0,509.94,509,0,83.5,cash:509
KOS-2026-005155,2026-06-08,18:56,normal_sale,active,Walk-in,Tata Tea Gold 500g,1,piece,305,305,40,5,0,509.94,509,0,83.5,cash:509
KOS-2026-005155,2026-06-08,18:56,normal_sale,active,Walk-in,Everest Turmeric 200g,1,piece,76,76,14,5,0,509.94,509,0,83.5,cash:509
KOS-2026-005155,2026-06-08,18:56,normal_sale,active,Walk-in,Parle-G Biscuit 100g,1,piece,11,11,2.7,18,0,509.94,509,0,83.5,cash:509
KOS-2026-005155,2026-06-08,18:56,normal_sale,active,Walk-in,Farm Eggs,1,piece,8.58,8.58,2.38,0,0,509.94,509,0,83.5,cash:509
KOS-2026-005154,2026-06-08,18:42,normal_sale,active,Madhuri Shaikh,Dettol Antiseptic 250ml,1,piece,172.13,172.13,40.13,18,0,183.11,183.11,0,43.11,upi:183.11
KOS-2026-005154,2026-06-08,18:42,normal_sale,active,Madhuri Shaikh,Wheat Atta (loose),0.25,kg,43.91,10.98,2.98,0,0,183.11,183.11,0,43.11,upi:183.11
KOS-2026-005153,2026-06-08,18:21,normal_sale,active,Walk-in,Thums Up 750ml,1,piece,41.66,41.66,9.66,28,0,1591.42,1591,0,330.5,cash:1591
KOS-2026-005153,2026-06-08,18:21,normal_sale,active,Walk-in,AA Battery (2 pc),2,piece,36,72,16,18,0,1591.42,1591,0,330.5,cash:1591
KOS-2026-005153,2026-06-08,18:21,normal_sale,active,Walk-in,Vim Liquid 500ml,3,piece,118,354,60,18,0,1591.42,1591,0,330.5,cash:1591
KOS-2026-005153,2026-06-08,18:21,normal_sale,active,Walk-in,Classmate Notebook 172pg,1,piece,60.62,60.62,18.62,12,0,1591.42,1591,0,330.5,cash:1591
KOS-2026-005153,2026-06-08,18:21,normal_sale,active,Walk-in,Rajma (loose),5,kg,138,690,150,0,0,1591.42,1591,0,330.5,cash:1591
KOS-2026-005153,2026-06-08,18:21,normal_sale,active,Walk-in,Sugar (loose),2,kg,49.89,99.78,17.78,5,0,1591.42,1591,0,330.5,cash:1591
KOS-2026-005153,2026-06-08,18:21,normal_sale,active,Walk-in,Everest Turmeric 200g,1,piece,76,76,14,5,0,1591.42,1591,0,330.5,cash:1591
KOS-2026-005153,2026-06-08,18:21,normal_sale,active,Walk-in,Lays Classic Salted 52g,3,piece,21.82,65.46,15.96,12,0,1591.42,1591,0,330.5,cash:1591
KOS-2026-005153,2026-06-08,18:21,normal_sale,active,Walk-in,Dove Soap 100g,1,piece,68,68,13,18,0,1591.42,1591,0,330.5,cash:1591
KOS-2026-005153,2026-06-08,18:21,normal_sale,active,Walk-in,Vim Dishwash Bar 200g,3,piece,21.3,63.9,15.9,18,0,1591.42,1591,0,330.5,cash:1591
KOS-2026-005152,2026-06-08,17:20,normal_sale,active,Ashwini Salunkhe,Amul Ghee 500ml,1,piece,355,355,40,12,0,614.2,614.2,0,100.2,cash:614.2
KOS-2026-005152,2026-06-08,17:20,normal_sale,active,Ashwini Salunkhe,Bisleri Water 1L,2,piece,20,40,14,18,0,614.2,614.2,0,100.2,cash:614.2
KOS-2026-005152,2026-06-08,17:20,normal_sale,active,Ashwini Salunkhe,Maggi Noodles 70g,2,piece,14.47,28.94,5.94,12,0,614.2,614.2,0,100.2,cash:614.2
KOS-2026-005152,2026-06-08,17:20,normal_sale,active,Ashwini Salunkhe,Agarbatti Pack (20 sticks),2,piece,30,60,12,12,0,614.2,614.2,0,100.2,cash:614.2
KOS-2026-005152,2026-06-08,17:20,normal_sale,active,Ashwini Salunkhe,Close Up Red 150g,1,piece,94.36,94.36,16.36,18,0,614.2,614.2,0,100.2,cash:614.2
KOS-2026-005152,2026-06-08,17:20,normal_sale,active,Ashwini Salunkhe,Onion,1,kg,35.9,35.9,11.9,0,0,614.2,614.2,0,100.2,cash:614.2
KOS-2026-005151,2026-06-08,13:05,normal_sale,active,Walk-in,Haldiram Bhujia 200g,2,piece,57.38,114.76,24.76,12,0,501.11,501.11,0,100.11,cash:501.11
KOS-2026-005151,2026-06-08,13:05,normal_sale,active,Walk-in,Amul Taaza Milk 500ml,4,piece,28,112,12,0,0,501.11,501.11,0,100.11,cash:501.11
KOS-2026-005151,2026-06-08,13:05,normal_sale,active,Walk-in,Sprite 750ml,2,piece,42.51,85.02,21.02,28,0,501.11,501.11,0,100.11,cash:501.11
KOS-2026-005151,2026-06-08,13:05,normal_sale,active,Walk-in,Bisleri Water 1L,1,piece,20,20,7,18,0,501.11,501.11,0,100.11,cash:501.11
KOS-2026-005151,2026-06-08,13:05,normal_sale,active,Walk-in,KitKat 4-finger,2,piece,21.13,42.26,8.26,18,0,501.11,501.11,0,100.11,cash:501.11
KOS-2026-005151,2026-06-08,13:05,normal_sale,active,Walk-in,Good Knight Refill 45ml,1,piece,92.07,92.07,20.07,18,0,501.11,501.11,0,100.11,cash:501.11
KOS-2026-005151,2026-06-08,13:05,normal_sale,active,Walk-in,Lifebuoy Soap 125g,1,piece,35,35,7,18,0,501.11,501.11,0,100.11,cash:501.11
KOS-2026-005150,2026-06-08,12:52,normal_sale,active,Walk-in,Sprite 750ml,2,piece,42.51,85.02,21.02,28,0,301.02,301.02,0,53.02,cash:301.02
KOS-2026-005150,2026-06-08,12:52,normal_sale,active,Walk-in,Maggi Noodles 8-pack,2,piece,108,216,32,12,0,301.02,301.02,0,53.02,cash:301.02
KOS-2026-005149,2026-06-08,12:30,normal_sale,active,Walk-in,Maggi Noodles 70g,2,piece,14.47,28.94,5.94,12,0,765.23,765,0,147.1,cash:765
KOS-2026-005149,2026-06-08,12:30,normal_sale,active,Walk-in,Lemon,2,piece,5,10,3.6,0,0,765.23,765,0,147.1,cash:765
KOS-2026-005149,2026-06-08,12:30,normal_sale,active,Walk-in,Tata Salt 1kg,1,piece,30.94,30.94,6.94,0,0,765.23,765,0,147.1,cash:765
KOS-2026-005149,2026-06-08,12:30,normal_sale,active,Walk-in,Tata Tea Gold 500g,1,piece,305,289.75,24.75,5,0,765.23,765,0,147.1,cash:765
KOS-2026-005149,2026-06-08,12:30,normal_sale,active,Walk-in,AA Battery (2 pc),3,piece,36,108,24,18,0,765.23,765,0,147.1,cash:765
KOS-2026-005149,2026-06-08,12:30,normal_sale,active,Walk-in,Kurkure Masala Munch 70g,1,piece,20,20,3.5,12,0,765.23,765,0,147.1,cash:765
KOS-2026-005149,2026-06-08,12:30,normal_sale,active,Walk-in,Sona Masoori Rice (loose),1,kg,63.6,63.6,17.6,0,0,765.23,765,0,147.1,cash:765
KOS-2026-005149,2026-06-08,12:30,normal_sale,active,Walk-in,Amul Taaza Milk 500ml,2,piece,28,56,6,0,0,765.23,765,0,147.1,cash:765
KOS-2026-005149,2026-06-08,12:30,normal_sale,active,Walk-in,Potato,5,kg,27.6,138,48,0,0,765.23,765,0,147.1,cash:765
KOS-2026-005149,2026-06-08,12:30,normal_sale,active,Walk-in,Bisleri Water 1L,1,piece,20,20,7,18,0,765.23,765,0,147.1,cash:765
KOS-2026-005148,2026-06-08,12:28,normal_sale,active,Jyoti Kulkarni,Chana Dal (loose),0.5,kg,92,46,9,0,0,46,46,0,9,upi:46
KOS-2026-005147,2026-06-08,12:19,normal_sale,active,Sanjay Gupta,Sugar (loose),0.25,kg,49.89,12.47,2.22,5,10.6,56.55,56.55,0,4.3,upi:56.55
KOS-2026-005147,2026-06-08,12:19,normal_sale,active,Sanjay Gupta,Potato,0.5,kg,27.6,13.8,4.8,0,10.6,56.55,56.55,0,4.3,upi:56.55
KOS-2026-005147,2026-06-08,12:19,normal_sale,active,Sanjay Gupta,Britannia Marie Gold 250g,1,piece,40.88,40.88,7.88,18,10.6,56.55,56.55,0,4.3,upi:56.55
KOS-2026-005146,2026-06-08,12:16,normal_sale,active,Walk-in,Britannia Brown Bread,1,piece,50,50,8,0,0,50,50,0,8,upi:50
KOS-2026-005145,2026-06-08,12:16,normal_sale,active,Walk-in,Vim Liquid 500ml,1,piece,118,118,20,18,25,575.85,575.85,0,96.55,bank:575.85
KOS-2026-005145,2026-06-08,12:16,normal_sale,active,Walk-in,Real Mixed Fruit Juice 1L,1,piece,131.29,131.29,26.29,12,25,575.85,575.85,0,96.55,bank:575.85
KOS-2026-005145,2026-06-08,12:16,normal_sale,active,Walk-in,Amul Gold Milk 500ml,1,piece,37.73,37.73,7.73,0,25,575.85,575.85,0,96.55,bank:575.85
KOS-2026-005145,2026-06-08,12:16,normal_sale,active,Walk-in,Parle-G Biscuit 100g,1,piece,11,11,2.7,18,25,575.85,575.85,0,96.55,bank:575.85
KOS-2026-005145,2026-06-08,12:16,normal_sale,active,Walk-in,Kurkure Masala Munch 70g,1,piece,20,20,3.5,12,25,575.85,575.85,0,96.55,bank:575.85
KOS-2026-005145,2026-06-08,12:16,normal_sale,active,Walk-in,Tomato,1,kg,42.13,42.13,16.13,0,25,575.85,575.85,0,96.55,bank:575.85
KOS-2026-005145,2026-06-08,12:16,normal_sale,active,Walk-in,Lays Classic Salted 52g,1,piece,21.82,21.82,5.32,12,25,575.85,575.85,0,96.55,bank:575.85
KOS-2026-005145,2026-06-08,12:16,normal_sale,active,Walk-in,Bisleri Water 1L,1,piece,20,20,7,18,25,575.85,575.85,0,96.55,bank:575.85
KOS-2026-005145,2026-06-08,12:16,normal_sale,active,Walk-in,Dairy Milk 50g,1,piece,43.88,43.88,9.88,18,25,575.85,575.85,0,96.55,bank:575.85
KOS-2026-005145,2026-06-08,12:16,normal_sale,active,Walk-in,Ariel Detergent 1kg,1,piece,155,155,23,18,25,575.85,575.85,0,96.55,bank:575.85
KOS-2026-005144,2026-06-08,12:01,normal_sale,active,Sunita Kulkarni,Sunfeast Dark Fantasy 75g,1,piece,42.8,42.8,8.8,18,0,577.93,0,577.93,105.93,
KOS-2026-005144,2026-06-08,12:01,normal_sale,active,Sunita Kulkarni,Poha (loose),0.5,kg,56,28,7,5,0,577.93,0,577.93,105.93,
KOS-2026-005144,2026-06-08,12:01,normal_sale,active,Sunita Kulkarni,Mother Dairy Paneer 200g,1,piece,105,105,17,5,0,577.93,0,577.93,105.93,
KOS-2026-005144,2026-06-08,12:01,normal_sale,active,Sunita Kulkarni,MDH Garam Masala 100g,1,piece,94.71,94.71,16.71,5,0,577.93,0,577.93,105.93,
KOS-2026-005144,2026-06-08,12:01,normal_sale,active,Sunita Kulkarni,Amul Masti Dahi 400g,3,piece,40,120,24,5,0,577.93,0,577.93,105.93,
KOS-2026-005144,2026-06-08,12:01,normal_sale,active,Sunita Kulkarni,Sugar (loose),0.5,kg,49.89,24.95,4.45,5,0,577.93,0,577.93,105.93,
KOS-2026-005144,2026-06-08,12:01,normal_sale,active,Sunita Kulkarni,Oreo Biscuit 120g,1,piece,35,35,5,18,0,577.93,0,577.93,105.93,
KOS-2026-005144,2026-06-08,12:01,normal_sale,active,Sunita Kulkarni,5 Star 25g,2,piece,10.53,21.06,4.06,18,0,577.93,0,577.93,105.93,
KOS-2026-005144,2026-06-08,12:01,normal_sale,active,Sunita Kulkarni,Lifebuoy Soap 125g,1,piece,35,35,7,18,0,577.93,0,577.93,105.93,
KOS-2026-005144,2026-06-08,12:01,normal_sale,active,Sunita Kulkarni,Amul Taaza Milk 500ml,1,piece,28,28,3,0,0,577.93,0,577.93,105.93,
KOS-2026-005144,2026-06-08,12:01,normal_sale,active,Sunita Kulkarni,Maggi Noodles 70g,3,piece,14.47,43.41,8.91,12,0,577.93,0,577.93,105.93,
KOS-2026-005143,2026-06-08,11:50,normal_sale,active,Deepak Kadam,Sugar (loose),0.5,kg,49.89,24.95,4.45,5,0,29.95,29.95,0,6.25,upi:29.95
KOS-2026-005143,2026-06-08,11:50,normal_sale,active,Deepak Kadam,Lemon,1,piece,5,5,1.8,0,0,29.95,29.95,0,6.25,upi:29.95
KOS-2026-005142,2026-06-08,11:18,normal_sale,active,Kavita Shinde,Britannia Good Day 100g,3,piece,30.8,92.4,17.4,18,0,1905.57,1905.57,0,332.72,cash:1905.57
KOS-2026-005142,2026-06-08,11:18,normal_sale,active,Kavita Shinde,Nescafe Classic 50g,1,piece,200.58,200.58,32.58,18,0,1905.57,1905.57,0,332.72,cash:1905.57
KOS-2026-005142,2026-06-08,11:18,normal_sale,active,Kavita Shinde,Onion,2,kg,35.9,71.8,23.8,0,0,1905.57,1905.57,0,332.72,cash:1905.57
KOS-2026-005142,2026-06-08,11:18,normal_sale,active,Kavita Shinde,Lays Classic Salted 52g,1,piece,21.82,21.82,5.32,12,0,1905.57,1905.57,0,332.72,cash:1905.57
KOS-2026-005142,2026-06-08,11:18,normal_sale,active,Kavita Shinde,Frooti 200ml,1,piece,10,10,1.5,12,0,1905.57,1905.57,0,332.72,cash:1905.57
KOS-2026-005142,2026-06-08,11:18,normal_sale,active,Kavita Shinde,Center Fresh Gum (jar pc),1,piece,1.07,1.07,0.22,18,0,1905.57,1905.57,0,332.72,cash:1905.57
KOS-2026-005142,2026-06-08,11:18,normal_sale,active,Kavita Shinde,Kissan Tomato Ketchup 500g,3,piece,119.13,357.39,93.39,12,0,1905.57,1905.57,0,332.72,cash:1905.57
KOS-2026-005142,2026-06-08,11:18,normal_sale,active,Kavita Shinde,Ariel Detergent 1kg,2,piece,155,310,46,18,0,1905.57,1905.57,0,332.72,cash:1905.57
KOS-2026-005142,2026-06-08,11:18,normal_sale,active,Kavita Shinde,Mustard Oil (loose),0.5,l,175.42,87.71,23.71,5,0,1905.57,1905.57,0,332.72,cash:1905.57
KOS-2026-005142,2026-06-08,11:18,normal_sale,active,Kavita Shinde,Sunfeast Dark Fantasy 75g,1,piece,42.8,42.8,8.8,18,0,1905.57,1905.57,0,332.72,cash:1905.57
KOS-2026-005142,2026-06-08,11:18,normal_sale,active,Kavita Shinde,Amul Ghee 500ml,2,piece,355,710,80,12,0,1905.57,1905.57,0,332.72,cash:1905.57
KOS-2026-005141,2026-06-08,11:10,normal_sale,active,Vaishali Singh,Dettol Antiseptic 250ml,1,piece,172.13,172.13,40.13,18,0,172.13,172.13,0,40.13,cash:172.13
KOS-2026-005140,2026-06-08,10:39,normal_sale,active,Sai Snacks Corner,Sona Masoori Rice (loose),1,kg,63.6,63.6,17.6,0,0,1044.58,618,426.58,158.58,upi:618
KOS-2026-005140,2026-06-08,10:39,normal_sale,active,Sai Snacks Corner,Close Up Red 150g,2,piece,94.36,188.72,32.72,18,0,1044.58,618,426.58,158.58,upi:618
KOS-2026-005140,2026-06-08,10:39,normal_sale,active,Sai Snacks Corner,Moong Dal (loose),0.25,kg,129.02,32.26,8.26,0,0,1044.58,618,426.58,158.58,upi:618
KOS-2026-005140,2026-06-08,10:39,normal_sale,active,Sai Snacks Corner,Saffola Gold Oil 1L,4,piece,190,760,100,5,0,1044.58,618,426.58,158.58,upi:618
KOS-2026-005139,2026-06-08,10:09,normal_sale,active,Hotel Green Leaf,Amul Masti Dahi 400g,3,piece,40,120,24,5,0,403.64,403.64,0,77.04,upi:403.64
KOS-2026-005139,2026-06-08,10:09,normal_sale,active,Hotel Green Leaf,Amul Taaza Milk 500ml,4,piece,28,112,12,0,0,403.64,403.64,0,77.04,upi:403.64
KOS-2026-005139,2026-06-08,10:09,normal_sale,active,Hotel Green Leaf,Surf Excel Easy Wash 1kg,1,piece,155.05,155.05,37.05,18,0,403.64,403.64,0,77.04,upi:403.64
KOS-2026-005139,2026-06-08,10:09,normal_sale,active,Hotel Green Leaf,Maggi Noodles 70g,1,piece,14.47,14.47,2.97,12,0,403.64,403.64,0,77.04,upi:403.64
KOS-2026-005139,2026-06-08,10:09,normal_sale,active,Hotel Green Leaf,Match Box,1,piece,2.12,2.12,1.02,18,0,403.64,403.64,0,77.04,upi:403.64
KOS-2026-005138,2026-06-08,09:29,normal_sale,active,Sunita Kulkarni,Amul Butter 100g,1,piece,67.48,67.48,13.48,12,0,67.48,67.48,0,13.48,cash:67.48
KOS-2026-005137,2026-06-08,08:50,normal_sale,active,Walk-in,Surf Excel Easy Wash 1kg,3,piece,155.05,465.15,111.15,18,25,989.08,989.08,0,169.48,bank:989.08
KOS-2026-005137,2026-06-08,08:50,normal_sale,active,Walk-in,Ariel Detergent 1kg,2,piece,155,310,46,18,25,989.08,989.08,0,169.48,bank:989.08
KOS-2026-005137,2026-06-08,08:50,normal_sale,active,Walk-in,Match Box,1,piece,2.12,2.12,1.02,18,25,989.08,989.08,0,169.48,bank:989.08
KOS-2026-005137,2026-06-08,08:50,normal_sale,active,Walk-in,Maggi Noodles 8-pack,2,piece,108,216,32,12,25,989.08,989.08,0,169.48,bank:989.08
KOS-2026-005137,2026-06-08,08:50,normal_sale,active,Walk-in,Bingo Mad Angles 66g,1,piece,20.81,20.81,4.31,12,25,989.08,989.08,0,169.48,bank:989.08
KOS-2026-005136,2026-06-08,08:06,normal_sale,active,Walk-in,Lays Classic Salted 52g,1,piece,21.82,21.82,5.32,12,25,542.89,542.89,0,95.59,upi:542.89
KOS-2026-005136,2026-06-08,08:06,normal_sale,active,Walk-in,Amul Masti Dahi 400g,1,piece,40,40,8,5,25,542.89,542.89,0,95.59,upi:542.89
KOS-2026-005136,2026-06-08,08:06,normal_sale,active,Walk-in,Sprite 750ml,2,piece,42.51,85.02,21.02,28,25,542.89,542.89,0,95.59,upi:542.89
KOS-2026-005136,2026-06-08,08:06,normal_sale,active,Walk-in,Lemon,4,piece,5,20,7.2,0,25,542.89,542.89,0,95.59,upi:542.89
KOS-2026-005136,2026-06-08,08:06,normal_sale,active,Walk-in,Surf Excel Easy Wash 1kg,1,piece,155.05,155.05,37.05,18,25,542.89,542.89,0,95.59,upi:542.89
KOS-2026-005136,2026-06-08,08:06,normal_sale,active,Walk-in,Kissan Mixed Fruit Jam 200g,3,piece,82,246,42,12,25,542.89,542.89,0,95.59,upi:542.89
KOS-2026-005135,2026-06-07,21:34,normal_sale,active,Ganesh Chavan,Fortune Sunflower Oil 1L,3,piece,167.9,503.7,89.7,5,25,856.7,856.7,0,144.7,upi:856.7
KOS-2026-005135,2026-06-07,21:34,normal_sale,active,Ganesh Chavan,AA Battery (2 pc),4,piece,36,144,32,18,25,856.7,856.7,0,144.7,upi:856.7
KOS-2026-005135,2026-06-07,21:34,normal_sale,active,Ganesh Chavan,Odonil Air Freshener 50g,3,piece,78,234,48,18,25,856.7,856.7,0,144.7,upi:856.7
KOS-2026-005134,2026-06-07,21:23,normal_sale,active,Kavita Shinde,Britannia Marie Gold 250g,2,piece,40.88,81.76,15.76,18,0,460.26,460.26,0,112.26,upi:460.26
KOS-2026-005134,2026-06-07,21:23,normal_sale,active,Kavita Shinde,Britannia Brown Bread,2,piece,50,100,16,0,0,460.26,460.26,0,112.26,upi:460.26
KOS-2026-005134,2026-06-07,21:23,normal_sale,active,Kavita Shinde,LED Bulb 9W,1,piece,99,99,21,12,0,460.26,460.26,0,112.26,upi:460.26
KOS-2026-005134,2026-06-07,21:23,normal_sale,active,Kavita Shinde,Onion,5,kg,35.9,179.5,59.5,0,0,460.26,460.26,0,112.26,upi:460.26
KOS-2026-005133,2026-06-07,21:09,normal_sale,active,Walk-in,Thums Up 750ml,3,piece,41.66,124.98,28.98,28,0,334.39,334.39,0,73.39,upi:334.39
KOS-2026-005133,2026-06-07,21:09,normal_sale,active,Walk-in,Sprite 750ml,1,piece,42.51,42.51,10.51,28,0,334.39,334.39,0,73.39,upi:334.39
KOS-2026-005133,2026-06-07,21:09,normal_sale,active,Walk-in,Oreo Biscuit 120g,1,piece,35,35,5,18,0,334.39,334.39,0,73.39,upi:334.39
KOS-2026-005133,2026-06-07,21:09,normal_sale,active,Walk-in,Onion,1,kg,35.9,35.9,11.9,0,0,334.39,334.39,0,73.39,upi:334.39
KOS-2026-005133,2026-06-07,21:09,normal_sale,active,Walk-in,Chana Dal (loose),0.5,kg,92,46,9,0,0,334.39,334.39,0,73.39,upi:334.39
KOS-2026-005133,2026-06-07,21:09,normal_sale,active,Walk-in,Britannia Brown Bread,1,piece,50,50,8,0,0,334.39,334.39,0,73.39,upi:334.39
KOS-2026-005132,2026-06-07,20:58,normal_sale,active,Sunita Kulkarni,Coca-Cola 750ml,1,piece,40,40,8,28,0,70.94,70.94,0,14.94,bank:70.94
KOS-2026-005132,2026-06-07,20:58,normal_sale,active,Sunita Kulkarni,Tata Salt 1kg,1,piece,30.94,30.94,6.94,0,0,70.94,70.94,0,14.94,bank:70.94
KOS-2026-005131,2026-06-07,20:56,normal_sale,active,Walk-in,Candle Pack (6 pc),3,piece,43.92,131.76,35.76,12,0,839.17,839.17,0,213.17,upi:839.17
KOS-2026-005131,2026-06-07,20:56,normal_sale,active,Walk-in,Kissan Tomato Ketchup 500g,2,piece,119.13,238.26,62.26,12,0,839.17,839.17,0,213.17,upi:839.17
KOS-2026-005131,2026-06-07,20:56,normal_sale,active,Walk-in,Tata Salt 1kg,1,piece,30.94,30.94,6.94,0,0,839.17,839.17,0,213.17,upi:839.17
KOS-2026-005131,2026-06-07,20:56,normal_sale,active,Walk-in,Moong Dal (loose),0.5,kg,129.02,64.51,16.51,0,0,839.17,839.17,0,213.17,upi:839.17
KOS-2026-005131,2026-06-07,20:56,normal_sale,active,Walk-in,Sona Masoori Rice (loose),1,kg,63.6,63.6,17.6,0,0,839.17,839.17,0,213.17,upi:839.17
KOS-2026-005131,2026-06-07,20:56,normal_sale,active,Walk-in,Surf Excel Easy Wash 1kg,2,piece,155.05,310.1,74.1,18,0,839.17,839.17,0,213.17,upi:839.17
KOS-2026-005130,2026-06-07,19:39,normal_sale,active,Walk-in,Sugar (loose),1,kg,49.89,49.89,8.89,5,0,149.86,149,0,30,cash:149
KOS-2026-005130,2026-06-07,19:39,normal_sale,active,Walk-in,Frooti 200ml,3,piece,10,30,4.5,12,0,149.86,149,0,30,cash:149
KOS-2026-005130,2026-06-07,19:39,normal_sale,active,Walk-in,Urad Dal (loose),0.5,kg,139.94,69.97,17.47,0,0,149.86,149,0,30,cash:149
KOS-2026-005129,2026-06-07,19:24,normal_sale,active,Dattatray Chavan,Good Knight Refill 45ml,1,piece,92.07,92.07,20.07,18,52.38,331.04,331,0,29.3,cash:331
KOS-2026-005129,2026-06-07,19:24,normal_sale,active,Dattatray Chavan,Lifebuoy Soap 125g,1,piece,35,35,7,18,52.38,331.04,331,0,29.3,cash:331
KOS-2026-005129,2026-06-07,19:24,normal_sale,active,Dattatray Chavan,Onion,0.5,kg,35.9,17.95,5.95,0,52.38,331.04,331,0,29.3,cash:331
KOS-2026-005129,2026-06-07,19:24,normal_sale,active,Dattatray Chavan,Farm Eggs,1,piece,8.58,8.58,2.38,0,52.38,331.04,331,0,29.3,cash:331
KOS-2026-005129,2026-06-07,19:24,normal_sale,active,Dattatray Chavan,Amul Masti Dahi 400g,1,piece,40,40,8,5,52.38,331.04,331,0,29.3,cash:331
KOS-2026-005129,2026-06-07,19:24,normal_sale,active,Dattatray Chavan,Frooti 200ml,2,piece,10,20,3,12,52.38,331.04,331,0,29.3,cash:331
KOS-2026-005129,2026-06-07,19:24,normal_sale,active,Dattatray Chavan,Toor Dal (loose),1,kg,148,148,30,0,52.38,331.04,331,0,29.3,cash:331
KOS-2026-005129,2026-06-07,19:24,normal_sale,active,Dattatray Chavan,Lays Classic Salted 52g,1,piece,21.82,21.82,5.32,12,52.38,331.04,331,0,29.3,cash:331
KOS-2026-005128,2026-06-07,18:56,normal_sale,active,Walk-in,Besan (loose),1,kg,101.44,101.44,23.44,5,0,334.24,334.24,0,57.24,upi:334.24
KOS-2026-005128,2026-06-07,18:56,normal_sale,active,Walk-in,Saffola Gold Oil 1L,1,piece,190,190,25,5,0,334.24,334.24,0,57.24,upi:334.24
KOS-2026-005128,2026-06-07,18:56,normal_sale,active,Walk-in,Sunfeast Dark Fantasy 75g,1,piece,42.8,42.8,8.8,18,0,334.24,334.24,0,57.24,upi:334.24
KOS-2026-005127,2026-06-07,18:55,normal_sale,active,Walk-in,Amul Butter 100g,1,piece,67.48,67.48,13.48,12,0,262.48,262.48,0,52.18,upi:262.48
KOS-2026-005127,2026-06-07,18:55,normal_sale,active,Walk-in,Chana Dal (loose),2,kg,92,184,36,0,0,262.48,262.48,0,52.18,upi:262.48
KOS-2026-005127,2026-06-07,18:55,normal_sale,active,Walk-in,Parle-G Biscuit 100g,1,piece,11,11,2.7,18,0,262.48,262.48,0,52.18,upi:262.48
KOS-2026-005126,2026-06-07,18:13,normal_sale,active,Walk-in,Colgate Strong Teeth 200g,1,piece,114.06,114.06,22.06,18,0,239.59,239,0,44.5,cash:239
KOS-2026-005126,2026-06-07,18:13,normal_sale,active,Walk-in,Sunfeast Dark Fantasy 75g,1,piece,42.8,42.8,8.8,18,0,239.59,239,0,44.5,cash:239
KOS-2026-005126,2026-06-07,18:13,normal_sale,active,Walk-in,Amul Gold Milk 500ml,1,piece,37.73,37.73,7.73,0,0,239.59,239,0,44.5,cash:239
KOS-2026-005126,2026-06-07,18:13,normal_sale,active,Walk-in,Oreo Biscuit 120g,1,piece,35,35,5,18,0,239.59,239,0,44.5,cash:239
KOS-2026-005126,2026-06-07,18:13,normal_sale,active,Walk-in,Frooti 200ml,1,piece,10,10,1.5,12,0,239.59,239,0,44.5,cash:239
KOS-2026-005125,2026-06-07,17:56,normal_sale,active,Kiran Verma,Coca-Cola 750ml,3,piece,40,120,24,28,0,164.23,73,91.23,34.63,cash:73
KOS-2026-005125,2026-06-07,17:56,normal_sale,active,Kiran Verma,Bingo Mad Angles 66g,1,piece,20.81,20.81,4.31,12,0,164.23,73,91.23,34.63,cash:73
KOS-2026-005125,2026-06-07,17:56,normal_sale,active,Kiran Verma,Vim Dishwash Bar 200g,1,piece,21.3,21.3,5.3,18,0,164.23,73,91.23,34.63,cash:73
KOS-2026-005125,2026-06-07,17:56,normal_sale,active,Kiran Verma,Match Box,1,piece,2.12,2.12,1.02,18,0,164.23,73,91.23,34.63,cash:73
KOS-2026-005124,2026-06-07,17:46,normal_sale,active,Walk-in,Whisper Ultra 15 pads,1,piece,175,175,27,12,0,589.34,589,0,133,cash:589
KOS-2026-005124,2026-06-07,17:46,normal_sale,active,Walk-in,Tomato,2,kg,42.13,84.26,32.26,0,0,589.34,589,0,133,cash:589
KOS-2026-005124,2026-06-07,17:46,normal_sale,active,Walk-in,Wheat Atta (loose),0.25,kg,43.91,10.98,2.98,0,0,589.34,589,0,133,cash:589
KOS-2026-005124,2026-06-07,17:46,normal_sale,active,Walk-in,Dhara Mustard Oil 1L,1,piece,191.57,191.57,39.57,5,0,589.34,589,0,133,cash:589
KOS-2026-005124,2026-06-07,17:46,normal_sale,active,Walk-in,Sprite 750ml,3,piece,42.51,127.53,31.53,28,0,589.34,589,0,133,cash:589
KOS-2026-005123,2026-06-07,17:22,normal_sale,active,Walk-in,Lifebuoy Soap 125g,2,piece,35,70,14,18,0,1196.72,1196.72,0,248.72,upi:1196.72
KOS-2026-005123,2026-06-07,17:22,normal_sale,active,Walk-in,Surf Excel Easy Wash 1kg,4,piece,155.05,620.2,148.2,18,0,1196.72,1196.72,0,248.72,upi:1196.72
KOS-2026-005123,2026-06-07,17:22,normal_sale,active,Walk-in,Maggi Noodles 8-pack,2,piece,108,216,32,12,0,1196.72,1196.72,0,248.72,upi:1196.72
KOS-2026-005123,2026-06-07,17:22,normal_sale,active,Walk-in,Red Label Tea 250g,1,piece,155.56,155.56,27.56,5,0,1196.72,1196.72,0,248.72,upi:1196.72
KOS-2026-005123,2026-06-07,17:22,normal_sale,active,Walk-in,Amul Butter 100g,2,piece,67.48,134.96,26.96,12,0,1196.72,1196.72,0,248.72,upi:1196.72
KOS-2026-005122,2026-06-07,17:02,normal_sale,active,Walk-in,Parle-G Biscuit 100g,1,piece,11,11,2.7,18,15.75,185.25,185.25,0,11.95,upi:185.25
KOS-2026-005122,2026-06-07,17:02,normal_sale,active,Walk-in,Saffola Gold Oil 1L,1,piece,190,190,25,5,15.75,185.25,185.25,0,11.95,upi:185.25
KOS-2026-005121,2026-06-07,13:54,normal_sale,active,Walk-in,Aashirvaad Atta 5kg,2,piece,285,570,80,5,0,610,610,0,94,cash:610
KOS-2026-005121,2026-06-07,13:54,normal_sale,active,Walk-in,Bisleri Water 1L,2,piece,20,40,14,18,0,610,610,0,94,cash:610
KOS-2026-005120,2026-06-07,12:52,normal_sale,active,Walk-in,Amul Ghee 500ml,3,piece,355,1065,120,12,0,1303.93,1303.93,0,162.93,bank:1303.93
KOS-2026-005120,2026-06-07,12:52,normal_sale,active,Walk-in,Nescafe Classic 50g,1,piece,200.58,200.58,32.58,18,0,1303.93,1303.93,0,162.93,bank:1303.93
KOS-2026-005120,2026-06-07,12:52,normal_sale,active,Walk-in,Garlic,0.25,kg,153.4,38.35,10.35,0,0,1303.93,1303.93,0,162.93,bank:1303.93
KOS-2026-005119,2026-06-07,12:32,normal_sale,active,Arun Deshmukh,Candle Pack (6 pc),2,piece,43.92,87.84,23.84,12,0,972.41,972.41,0,220.51,upi:972.41
KOS-2026-005119,2026-06-07,12:32,normal_sale,active,Arun Deshmukh,Surf Excel Easy Wash 1kg,1,piece,155.05,155.05,37.05,18,0,972.41,972.41,0,220.51,upi:972.41
KOS-2026-005119,2026-06-07,12:32,normal_sale,active,Arun Deshmukh,Tata Salt 1kg,1,piece,30.94,30.94,6.94,0,0,972.41,972.41,0,220.51,upi:972.41
KOS-2026-005119,2026-06-07,12:32,normal_sale,active,Arun Deshmukh,Amul Cheese Slices 200g,2,piece,146.21,292.42,48.42,12,0,972.41,972.41,0,220.51,upi:972.41
KOS-2026-005119,2026-06-07,12:32,normal_sale,active,Arun Deshmukh,Potato,1,kg,27.6,27.6,9.6,0,0,972.41,972.41,0,220.51,upi:972.41
KOS-2026-005119,2026-06-07,12:32,normal_sale,active,Arun Deshmukh,Good Knight Refill 45ml,2,piece,92.07,184.14,40.14,18,0,972.41,972.41,0,220.51,upi:972.41
KOS-2026-005119,2026-06-07,12:32,normal_sale,active,Arun Deshmukh,Chana Dal (loose),0.5,kg,92,46,9,0,0,972.41,972.41,0,220.51,upi:972.41
KOS-2026-005119,2026-06-07,12:32,normal_sale,active,Arun Deshmukh,Parle-G Biscuit 100g,3,piece,11,33,8.1,18,0,972.41,972.41,0,220.51,upi:972.41
KOS-2026-005119,2026-06-07,12:32,normal_sale,active,Arun Deshmukh,Ginger,1,kg,115.42,115.42,37.42,0,0,972.41,972.41,0,220.51,upi:972.41
KOS-2026-005118,2026-06-07,12:24,normal_sale,active,Nasreen Singh,Agarbatti Pack (20 sticks),1,piece,30,30,6,12,0,213.46,213.46,0,37.46,upi:213.46
KOS-2026-005118,2026-06-07,12:24,normal_sale,active,Nasreen Singh,Amul Gold Milk 500ml,2,piece,37.73,75.46,15.46,0,0,213.46,213.46,0,37.46,upi:213.46
KOS-2026-005118,2026-06-07,12:24,normal_sale,active,Nasreen Singh,Maggi Noodles 8-pack,1,piece,108,108,16,12,0,213.46,213.46,0,37.46,upi:213.46
KOS-2026-005117,2026-06-07,12:03,normal_sale,active,Walk-in,Thums Up 750ml,1,piece,41.66,41.66,9.66,28,0,153.68,153.68,0,33.68,upi:153.68
KOS-2026-005117,2026-06-07,12:03,normal_sale,active,Walk-in,Harpic Toilet Cleaner 500ml,1,piece,112.02,112.02,24.02,18,0,153.68,153.68,0,33.68,upi:153.68
KOS-2026-005116,2026-06-07,11:45,normal_sale,active,Deepak Kadam,Vim Dishwash Bar 200g,2,piece,21.3,42.6,10.6,18,0,221.6,221.6,0,47.6,upi:221.6
KOS-2026-005116,2026-06-07,11:45,normal_sale,active,Deepak Kadam,AA Battery (2 pc),4,piece,36,144,32,18,0,221.6,221.6,0,47.6,upi:221.6
KOS-2026-005116,2026-06-07,11:45,normal_sale,active,Deepak Kadam,Oreo Biscuit 120g,1,piece,35,35,5,18,0,221.6,221.6,0,47.6,upi:221.6
KOS-2026-005115,2026-06-07,11:20,normal_sale,active,Walk-in,Dettol Antiseptic 250ml,1,piece,172.13,172.13,40.13,18,0,216.05,216.05,0,52.05,upi:216.05
KOS-2026-005115,2026-06-07,11:20,normal_sale,active,Walk-in,Candle Pack (6 pc),1,piece,43.92,43.92,11.92,12,0,216.05,216.05,0,52.05,upi:216.05
KOS-2026-005114,2026-06-07,11:16,normal_sale,active,Mahesh Singh,Tata Salt 1kg,1,piece,30.94,30.94,6.94,0,0,334.54,334.54,0,78.54,cash:100|upi:234.54
KOS-2026-005114,2026-06-07,11:16,normal_sale,active,Mahesh Singh,Nirma Washing Powder 1kg,4,piece,75.9,303.6,71.6,18,0,334.54,334.54,0,78.54,cash:100|upi:234.54
KOS-2026-005113,2026-06-07,10:51,normal_sale,active,Deepak Rane,5 Star 25g,1,piece,10.53,10.53,2.03,18,0,129.37,129.37,0,27.87,cash:65|upi:64.37
KOS-2026-005113,2026-06-07,10:51,normal_sale,active,Deepak Rane,Maggi Noodles 70g,1,piece,14.47,14.47,2.97,12,0,129.37,129.37,0,27.87,cash:65|upi:64.37
KOS-2026-005113,2026-06-07,10:51,normal_sale,active,Deepak Rane,Chana Dal (loose),0.25,kg,92,23,4.5,0,0,129.37,129.37,0,27.87,cash:65|upi:64.37
KOS-2026-005113,2026-06-07,10:51,normal_sale,active,Deepak Rane,Amul Gold Milk 500ml,1,piece,37.73,37.73,7.73,0,0,129.37,129.37,0,27.87,cash:65|upi:64.37
KOS-2026-005113,2026-06-07,10:51,normal_sale,active,Deepak Rane,Lays Classic Salted 52g,2,piece,21.82,43.64,10.64,12,0,129.37,129.37,0,27.87,cash:65|upi:64.37
KOS-2026-005112,2026-06-07,10:40,normal_sale,active,Walk-in,Real Mixed Fruit Juice 1L,1,piece,131.29,131.29,26.29,12,0,450.92,450.92,0,93.42,upi:450.92
KOS-2026-005112,2026-06-07,10:40,normal_sale,active,Walk-in,Mustard Oil (loose),0.5,l,175.42,87.71,23.71,5,0,450.92,450.92,0,93.42,upi:450.92
KOS-2026-005112,2026-06-07,10:40,normal_sale,active,Walk-in,Coca-Cola 750ml,1,piece,40,40,8,28,0,450.92,450.92,0,93.42,upi:450.92
KOS-2026-005112,2026-06-07,10:40,normal_sale,active,Walk-in,Lizol Floor Cleaner 500ml,1,piece,125,125,20,18,0,450.92,450.92,0,93.42,upi:450.92
KOS-2026-005112,2026-06-07,10:40,normal_sale,active,Walk-in,Toor Dal (loose),0.25,kg,148,37,7.5,0,0,450.92,450.92,0,93.42,upi:450.92
KOS-2026-005112,2026-06-07,10:40,normal_sale,active,Walk-in,Yippee Noodles 70g,2,piece,14.96,29.92,7.92,12,0,450.92,450.92,0,93.42,upi:450.92
KOS-2026-005111,2026-06-07,10:04,normal_sale,active,Gurpreet Shinde,Frooti 200ml,2,piece,10,20,3,12,0,103.32,103.32,0,22.32,upi:103.32
KOS-2026-005111,2026-06-07,10:04,normal_sale,active,Gurpreet Shinde,Thums Up 750ml,2,piece,41.66,83.32,19.32,28,0,103.32,103.32,0,22.32,upi:103.32
KOS-2026-005110,2026-06-07,09:05,normal_sale,active,Meena More,Tomato,1,kg,42.13,42.13,16.13,0,0,204.61,204.61,0,50.41,cash:116|upi:88.61
KOS-2026-005110,2026-06-07,09:05,normal_sale,active,Meena More,Lemon,1,piece,5,5,1.8,0,0,204.61,204.61,0,50.41,cash:116|upi:88.61
KOS-2026-005110,2026-06-07,09:05,normal_sale,active,Meena More,Reynolds Pen,1,piece,10,10,3,12,0,204.61,204.61,0,50.41,cash:116|upi:88.61
KOS-2026-005110,2026-06-07,09:05,normal_sale,active,Meena More,Amul Butter 100g,1,piece,67.48,67.48,13.48,12,0,204.61,204.61,0,50.41,cash:116|upi:88.61
KOS-2026-005110,2026-06-07,09:05,normal_sale,active,Meena More,Amul Masti Dahi 400g,2,piece,40,80,16,5,0,204.61,204.61,0,50.41,cash:116|upi:88.61
KOS-2026-005109,2026-06-07,09:03,normal_sale,active,Imran Dsouza,Sona Masoori Rice (loose),0.25,kg,63.6,15.9,4.4,0,0,793.28,793,0,154,cash:793
KOS-2026-005109,2026-06-07,09:03,normal_sale,active,Imran Dsouza,Haldiram Bhujia 200g,1,piece,57.38,57.38,12.38,12,0,793.28,793,0,154,cash:793
KOS-2026-005109,2026-06-07,09:03,normal_sale,active,Imran Dsouza,Real Mixed Fruit Juice 1L,1,piece,131.29,131.29,26.29,12,0,793.28,793,0,154,cash:793
KOS-2026-005109,2026-06-07,09:03,normal_sale,active,Imran Dsouza,Everest Turmeric 200g,1,piece,76,76,14,5,0,793.28,793,0,154,cash:793
KOS-2026-005109,2026-06-07,09:03,normal_sale,active,Imran Dsouza,Vim Liquid 500ml,1,piece,118,118,20,18,0,793.28,793,0,154,cash:793
KOS-2026-005109,2026-06-07,09:03,normal_sale,active,Imran Dsouza,Maggi Noodles 70g,3,piece,14.47,43.41,8.91,12,0,793.28,793,0,154,cash:793
KOS-2026-005109,2026-06-07,09:03,normal_sale,active,Imran Dsouza,Red Label Tea 250g,2,piece,155.56,311.12,55.12,5,0,793.28,793,0,154,cash:793
KOS-2026-005109,2026-06-07,09:03,normal_sale,active,Imran Dsouza,Potato,1,kg,27.6,27.6,9.6,0,0,793.28,793,0,154,cash:793
KOS-2026-005109,2026-06-07,09:03,normal_sale,active,Imran Dsouza,Rava / Sooji (loose),0.25,kg,50.32,12.58,3.58,5,0,793.28,793,0,154,cash:793
KOS-2026-005108,2026-06-07,08:58,normal_sale,active,Madhuri Sharma,Maggi Noodles 8-pack,3,piece,108,324,48,12,0,491.07,491.07,0,83.07,upi:491.07
KOS-2026-005108,2026-06-07,08:58,normal_sale,active,Madhuri Sharma,Amul Masti Dahi 400g,1,piece,40,40,8,5,0,491.07,491.07,0,83.07,upi:491.07
KOS-2026-005108,2026-06-07,08:58,normal_sale,active,Madhuri Sharma,Lifebuoy Soap 125g,1,piece,35,35,7,18,0,491.07,491.07,0,83.07,upi:491.07
KOS-2026-005108,2026-06-07,08:58,normal_sale,active,Madhuri Sharma,Good Knight Refill 45ml,1,piece,92.07,92.07,20.07,18,0,491.07,491.07,0,83.07,upi:491.07
KOS-2026-005107,2026-06-07,08:36,normal_sale,active,Walk-in,Close Up Red 150g,1,piece,94.36,94.36,16.36,18,0,948.42,948.42,0,188.42,upi:948.42
KOS-2026-005107,2026-06-07,08:36,normal_sale,active,Walk-in,Colgate Strong Teeth 200g,1,piece,114.06,114.06,22.06,18,0,948.42,948.42,0,188.42,upi:948.42
KOS-2026-005107,2026-06-07,08:36,normal_sale,active,Walk-in,Toor Dal (loose),5,kg,148,740,150,0,0,948.42,948.42,0,188.42,upi:948.42
KOS-2026-005106,2026-06-07,08:30,normal_sale,active,Sanjay Gupta,Lizol Floor Cleaner 500ml,1,piece,125,125,20,18,0,125,0,125,20,
KOS-2026-005105,2026-06-07,08:13,normal_sale,active,Simran Rane,Tomato,0.25,kg,42.13,10.53,4.03,0,0,272.14,272.14,0,63.04,cash:91|upi:181.14
KOS-2026-005105,2026-06-07,08:13,normal_sale,active,Simran Rane,Dettol Antiseptic 250ml,1,piece,172.13,172.13,40.13,18,0,272.14,272.14,0,63.04,cash:91|upi:181.14
KOS-2026-005105,2026-06-07,08:13,normal_sale,active,Simran Rane,Parle-G Biscuit 100g,2,piece,11,22,5.4,18,0,272.14,272.14,0,63.04,cash:91|upi:181.14
KOS-2026-005105,2026-06-07,08:13,normal_sale,active,Simran Rane,Amul Butter 100g,1,piece,67.48,67.48,13.48,12,0,272.14,272.14,0,63.04,cash:91|upi:181.14
KOS-2026-005104,2026-06-07,08:12,normal_sale,active,Walk-in,Haldiram Bhujia 200g,2,piece,57.38,114.76,24.76,12,0,150.6,150.6,0,33.1,upi:150.6
KOS-2026-005104,2026-06-07,08:12,normal_sale,active,Walk-in,Potato,0.25,kg,27.6,6.9,2.4,0,0,150.6,150.6,0,33.1,upi:150.6
KOS-2026-005104,2026-06-07,08:12,normal_sale,active,Walk-in,Maggi Noodles 70g,2,piece,14.47,28.94,5.94,12,0,150.6,150.6,0,33.1,upi:150.6
KOS-2026-005103,2026-06-06,21:42,normal_sale,active,Ganesh Chavan,Ginger,5,kg,115.42,577.1,187.1,0,0,789.9,789,0,249,cash:789
KOS-2026-005103,2026-06-06,21:42,normal_sale,active,Ganesh Chavan,Classmate Notebook 172pg,3,piece,60.62,181.86,55.86,12,0,789.9,789,0,249,cash:789
KOS-2026-005103,2026-06-06,21:42,normal_sale,active,Ganesh Chavan,Tata Salt 1kg,1,piece,30.94,30.94,6.94,0,0,789.9,789,0,249,cash:789
KOS-2026-005102,2026-06-06,21:14,normal_sale,active,Walk-in,Tata Salt 1kg,2,piece,30.94,61.88,13.88,0,0,61.88,61,0,13,cash:61
KOS-2026-005101,2026-06-06,21:03,normal_sale,active,Walk-in,Coca-Cola 750ml,1,piece,40,40,8,28,0,46.9,46.9,0,10.4,upi:46.9
KOS-2026-005101,2026-06-06,21:03,normal_sale,active,Walk-in,Potato,0.25,kg,27.6,6.9,2.4,0,0,46.9,46.9,0,10.4,upi:46.9
KOS-2026-005100,2026-06-06,20:56,normal_sale,active,Mahesh Sharma,Coca-Cola 750ml,1,piece,40,40,8,28,0,40,40,0,8,cash:40
KOS-2026-005099,2026-06-06,19:47,normal_sale,active,Walk-in,Dove Soap 100g,3,piece,68,204,39,18,25,345.63,345.63,0,50.13,upi:345.63
KOS-2026-005099,2026-06-06,19:47,normal_sale,active,Walk-in,Lifebuoy Soap 125g,3,piece,35,105,21,18,25,345.63,345.63,0,50.13,upi:345.63
KOS-2026-005099,2026-06-06,19:47,normal_sale,active,Walk-in,Lays Classic Salted 52g,1,piece,21.82,21.82,5.32,12,25,345.63,345.63,0,50.13,upi:345.63
KOS-2026-005099,2026-06-06,19:47,normal_sale,active,Walk-in,Lux Soap 100g,1,piece,39.81,39.81,9.81,18,25,345.63,345.63,0,50.13,upi:345.63
KOS-2026-005098,2026-06-06,19:39,normal_sale,active,Walk-in,Dove Soap 100g,2,piece,68,136,26,18,0,136,136,0,26,cash:136
KOS-2026-005097,2026-06-06,19:23,normal_sale,active,Walk-in,Toor Dal (loose),0.25,kg,148,37,7.5,0,0,460.77,460.77,0,93.02,upi:460.77
KOS-2026-005097,2026-06-06,19:23,normal_sale,active,Walk-in,Urad Dal (loose),0.25,kg,139.94,34.99,8.74,0,0,460.77,460.77,0,93.02,upi:460.77
KOS-2026-005097,2026-06-06,19:23,normal_sale,active,Walk-in,Camphor 50g,1,piece,58.45,58.45,16.45,12,0,460.77,460.77,0,93.02,upi:460.77
KOS-2026-005097,2026-06-06,19:23,normal_sale,active,Walk-in,Britannia Marie Gold 250g,1,piece,40.88,40.88,7.88,18,0,460.77,460.77,0,93.02,upi:460.77
KOS-2026-005097,2026-06-06,19:23,normal_sale,active,Walk-in,Sugar (loose),5,kg,49.89,249.45,44.45,5,0,460.77,460.77,0,93.02,upi:460.77
KOS-2026-005097,2026-06-06,19:23,normal_sale,active,Walk-in,Amul Masti Dahi 400g,1,piece,40,40,8,5,0,460.77,460.77,0,93.02,upi:460.77
KOS-2026-005096,2026-06-06,19:23,normal_sale,active,Walk-in,5 Star 25g,2,piece,10.53,21.06,4.06,18,0,61.06,61.06,0,12.06,upi:61.06
KOS-2026-005096,2026-06-06,19:23,normal_sale,active,Walk-in,Amul Masti Dahi 400g,1,piece,40,40,8,5,0,61.06,61.06,0,12.06,upi:61.06
KOS-2026-005095,2026-06-06,19:21,normal_sale,active,Manisha Rane,Surf Excel Easy Wash 1kg,2,piece,155.05,310.1,74.1,18,0,310.1,310,0,74,cash:310
KOS-2026-005094,2026-06-06,19:11,normal_sale,active,Walk-in,Coca-Cola 750ml,3,piece,40,120,24,28,0,769.65,769,0,166,cash:769
KOS-2026-005094,2026-06-06,19:11,normal_sale,active,Walk-in,Real Mixed Fruit Juice 1L,1,piece,131.29,131.29,26.29,12,0,769.65,769,0,166,cash:769
KOS-2026-005094,2026-06-06,19:11,normal_sale,active,Walk-in,Amul Taaza Milk 500ml,2,piece,28,56,6,0,0,769.65,769,0,166,cash:769
KOS-2026-005094,2026-06-06,19:11,normal_sale,active,Walk-in,Red Label Tea 250g,1,piece,155.56,155.56,27.56,5,0,769.65,769,0,166,cash:769
KOS-2026-005094,2026-06-06,19:11,normal_sale,active,Walk-in,Garlic,2,kg,153.4,306.8,82.8,0,0,769.65,769,0,166,cash:769
KOS-2026-005093,2026-06-06,18:57,normal_sale,active,Walk-in,Maggi Noodles 70g,1,piece,14.47,14.47,2.97,12,0,14.47,14.47,0,2.97,upi:14.47
KOS-2026-005092,2026-06-06,18:47,normal_sale,active,Swati Gupta,Sprite 750ml,1,piece,42.51,42.51,10.51,28,0,42.51,42.51,0,10.51,cash:42.51
KOS-2026-005091,2026-06-06,18:46,normal_sale,active,Walk-in,Coca-Cola 750ml,3,piece,40,120,24,28,0,120,120,0,24,cash:120
KOS-2026-005090,2026-06-06,18:37,normal_sale,active,Harshada Kadam,Colgate Strong Teeth 200g,1,piece,114.06,114.06,22.06,18,0,451.36,451.36,0,105.36,bank:451.36
KOS-2026-005090,2026-06-06,18:37,normal_sale,active,Harshada Kadam,Poha (loose),5,kg,56,280,70,5,0,451.36,451.36,0,105.36,bank:451.36
KOS-2026-005090,2026-06-06,18:37,normal_sale,active,Harshada Kadam,Groundnut / Peanut (loose),0.5,kg,114.59,57.3,13.3,5,0,451.36,451.36,0,105.36,bank:451.36
KOS-2026-005089,2026-06-06,18:24,normal_sale,active,Walk-in,Sugar (loose),1,kg,49.89,49.89,8.89,5,0,92.89,92.89,0,17.29,upi:92.89
KOS-2026-005089,2026-06-06,18:24,normal_sale,active,Walk-in,Lemon,3,piece,5,15,5.4,0,0,92.89,92.89,0,17.29,upi:92.89
KOS-2026-005089,2026-06-06,18:24,normal_sale,active,Walk-in,Amul Taaza Milk 500ml,1,piece,28,28,3,0,0,92.89,92.89,0,17.29,upi:92.89
KOS-2026-005088,2026-06-06,18:15,normal_sale,active,Walk-in,Amul Taaza Milk 500ml,1,piece,28,28,3,0,25,570.17,570.17,0,92.32,cash:570.17
KOS-2026-005088,2026-06-06,18:15,normal_sale,active,Walk-in,Sunfeast Dark Fantasy 75g,1,piece,42.8,42.8,8.8,18,25,570.17,570.17,0,92.32,cash:570.17
KOS-2026-005088,2026-06-06,18:15,normal_sale,active,Walk-in,Tata Salt 1kg,2,piece,30.94,61.88,13.88,0,25,570.17,570.17,0,92.32,cash:570.17
KOS-2026-005088,2026-06-06,18:15,normal_sale,active,Walk-in,Britannia Marie Gold 250g,2,piece,40.88,81.76,15.76,18,25,570.17,570.17,0,92.32,cash:570.17
KOS-2026-005088,2026-06-06,18:15,normal_sale,active,Walk-in,Center Fresh Gum (jar pc),1,piece,1.07,1.07,0.22,18,25,570.17,570.17,0,92.32,cash:570.17
KOS-2026-005088,2026-06-06,18:15,normal_sale,active,Walk-in,Ariel Detergent 1kg,1,piece,155,155,23,18,25,570.17,570.17,0,92.32,cash:570.17
KOS-2026-005088,2026-06-06,18:15,normal_sale,active,Walk-in,Yippee Noodles 70g,1,piece,14.96,14.96,3.96,12,25,570.17,570.17,0,92.32,cash:570.17
KOS-2026-005088,2026-06-06,18:15,normal_sale,active,Walk-in,Real Mixed Fruit Juice 1L,1,piece,131.29,131.29,26.29,12,25,570.17,570.17,0,92.32,cash:570.17
KOS-2026-005088,2026-06-06,18:15,normal_sale,active,Walk-in,Sprite 750ml,1,piece,42.51,42.51,10.51,28,25,570.17,570.17,0,92.32,cash:570.17
KOS-2026-005088,2026-06-06,18:15,normal_sale,active,Walk-in,Onion,1,kg,35.9,35.9,11.9,0,25,570.17,570.17,0,92.32,cash:570.17
KOS-2026-005087,2026-06-06,18:00,normal_sale,active,Walk-in,Dove Soap 100g,4,piece,68,272,52,18,0,272,272,0,52,cash:272
KOS-2026-005086,2026-06-06,17:49,normal_sale,active,Walk-in,Frooti 200ml,1,piece,10,10,1.5,12,0,10,10,0,1.5,cash:10
KOS-2026-005085,2026-06-06,17:39,normal_sale,active,Anita Singh,Kurkure Masala Munch 70g,3,piece,20,60,10.5,12,0,92.01,92.01,0,17.66,upi:92.01
KOS-2026-005085,2026-06-06,17:39,normal_sale,active,Anita Singh,Center Fresh Gum (jar pc),1,piece,1.07,1.07,0.22,18,0,92.01,92.01,0,17.66,upi:92.01
KOS-2026-005085,2026-06-06,17:39,normal_sale,active,Anita Singh,Tata Salt 1kg,1,piece,30.94,30.94,6.94,0,0,92.01,92.01,0,17.66,upi:92.01
KOS-2026-005084,2026-06-06,17:30,normal_sale,active,Walk-in,Sprite 750ml,1,piece,42.51,42.51,10.51,28,0,141.15,141.15,0,31.05,upi:141.15
KOS-2026-005084,2026-06-06,17:30,normal_sale,active,Walk-in,Amul Gold Milk 500ml,2,piece,37.73,75.46,15.46,0,0,141.15,141.15,0,31.05,upi:141.15
KOS-2026-005084,2026-06-06,17:30,normal_sale,active,Walk-in,5 Star 25g,2,piece,10.53,21.06,4.06,18,0,141.15,141.15,0,31.05,upi:141.15
KOS-2026-005084,2026-06-06,17:30,normal_sale,active,Walk-in,Match Box,1,piece,2.12,2.12,1.02,18,0,141.15,141.15,0,31.05,upi:141.15
KOS-2026-005083,2026-06-06,14:28,normal_sale,active,Walk-in,Toor Dal (loose),0.5,kg,148,74,15,0,0,74,74,0,15,cash:74
EST-2026-000057,2026-06-06,13:49,estimate,active,Balaji Khan,Kurkure Masala Munch 70g,1,piece,20,20,3.5,12,0,203.46,203.46,0,44.46,cash:203.46
EST-2026-000057,2026-06-06,13:49,estimate,active,Balaji Khan,Dairy Milk 50g,3,piece,43.88,131.64,29.64,18,0,203.46,203.46,0,44.46,cash:203.46
EST-2026-000057,2026-06-06,13:49,estimate,active,Balaji Khan,Lays Classic Salted 52g,1,piece,21.82,21.82,5.32,12,0,203.46,203.46,0,44.46,cash:203.46
EST-2026-000057,2026-06-06,13:49,estimate,active,Balaji Khan,Agarbatti Pack (20 sticks),1,piece,30,30,6,12,0,203.46,203.46,0,44.46,cash:203.46
KOS-2026-005082,2026-06-06,12:49,normal_sale,active,Gurpreet More,Onion,0.25,kg,35.9,8.98,2.98,0,0,186.11,186.11,0,39.61,cash:82|upi:104.11
KOS-2026-005082,2026-06-06,12:49,normal_sale,active,Gurpreet More,Lifebuoy Soap 125g,3,piece,35,105,21,18,0,186.11,186.11,0,39.61,cash:82|upi:104.11
KOS-2026-005082,2026-06-06,12:49,normal_sale,active,Gurpreet More,Tomato,0.25,kg,42.13,10.53,4.03,0,0,186.11,186.11,0,39.61,cash:82|upi:104.11
KOS-2026-005082,2026-06-06,12:49,normal_sale,active,Gurpreet More,Britannia Good Day 100g,2,piece,30.8,61.6,11.6,18,0,186.11,186.11,0,39.61,cash:82|upi:104.11
KOS-2026-005081,2026-06-06,12:39,normal_sale,active,Walk-in,Rava / Sooji (loose),0.5,kg,50.32,25.16,7.16,5,0,236.92,236.92,0,56.92,cash:236.92
KOS-2026-005081,2026-06-06,12:39,normal_sale,active,Walk-in,Urad Dal (loose),1,kg,139.94,139.94,34.94,0,0,236.92,236.92,0,56.92,cash:236.92
KOS-2026-005081,2026-06-06,12:39,normal_sale,active,Walk-in,Frooti 200ml,1,piece,10,10,1.5,12,0,236.92,236.92,0,56.92,cash:236.92
KOS-2026-005081,2026-06-06,12:39,normal_sale,active,Walk-in,Coca-Cola 750ml,1,piece,40,40,8,28,0,236.92,236.92,0,56.92,cash:236.92
KOS-2026-005081,2026-06-06,12:39,normal_sale,active,Walk-in,Lays Classic Salted 52g,1,piece,21.82,21.82,5.32,12,0,236.92,236.92,0,56.92,cash:236.92
KOS-2026-005080,2026-06-06,12:20,normal_sale,active,Walk-in,Coca-Cola 750ml,1,piece,40,40,8,28,0,178.83,178.83,0,34.58,upi:178.83
KOS-2026-005080,2026-06-06,12:20,normal_sale,active,Walk-in,Sugar (loose),0.25,kg,49.89,12.47,2.22,5,0,178.83,178.83,0,34.58,upi:178.83
KOS-2026-005080,2026-06-06,12:20,normal_sale,active,Walk-in,5 Star 25g,12,piece,10.53,126.36,24.36,18,0,178.83,178.83,0,34.58,upi:178.83
KOS-2026-005079,2026-06-06,11:51,normal_sale,active,Madhuri Shaikh,Maggi Noodles 8-pack,1,piece,108,108,16,12,43.41,167.97,167,0,-2,cash:167
KOS-2026-005079,2026-06-06,11:51,normal_sale,active,Madhuri Shaikh,Britannia Good Day 100g,1,piece,30.8,30.8,5.8,18,43.41,167.97,167,0,-2,cash:167
KOS-2026-005079,2026-06-06,11:51,normal_sale,active,Madhuri Shaikh,Sona Masoori Rice (loose),1,kg,63.6,63.6,17.6,0,43.41,167.97,167,0,-2,cash:167
KOS-2026-005079,2026-06-06,11:51,normal_sale,active,Madhuri Shaikh,Onion,0.25,kg,35.9,8.98,2.98,0,43.41,167.97,167,0,-2,cash:167
KOS-2026-005078,2026-06-06,11:27,normal_sale,active,Walk-in,Nescafe Classic 50g,1,piece,200.58,200.58,32.58,18,0,273.09,273,0,49,cash:273
KOS-2026-005078,2026-06-06,11:27,normal_sale,active,Walk-in,Agarbatti Pack (20 sticks),1,piece,30,30,6,12,0,273.09,273,0,49,cash:273
KOS-2026-005078,2026-06-06,11:27,normal_sale,active,Walk-in,Sprite 750ml,1,piece,42.51,42.51,10.51,28,0,273.09,273,0,49,cash:273
KOS-2026-005077,2026-06-06,11:16,normal_sale,active,Anita Salunkhe,Center Fresh Gum (jar pc),1,piece,1.07,1.07,0.22,18,0,621.78,621.78,0,138.93,upi:621.78
KOS-2026-005077,2026-06-06,11:16,normal_sale,active,Anita Salunkhe,Red Label Tea 250g,1,piece,155.56,155.56,27.56,5,0,621.78,621.78,0,138.93,upi:621.78
KOS-2026-005077,2026-06-06,11:16,normal_sale,active,Anita Salunkhe,Surf Excel Easy Wash 1kg,3,piece,155.05,465.15,111.15,18,0,621.78,621.78,0,138.93,upi:621.78
KOS-2026-005076,2026-06-06,10:56,normal_sale,active,Nilesh Kulkarni,Candle Pack (6 pc),1,piece,43.92,43.92,11.92,12,0,83.92,83.92,0,18.92,cash:55|upi:28.92
KOS-2026-005076,2026-06-06,10:56,normal_sale,active,Nilesh Kulkarni,Kurkure Masala Munch 70g,2,piece,20,40,7,12,0,83.92,83.92,0,18.92,cash:55|upi:28.92
KOS-2026-005075,2026-06-06,10:49,normal_sale,active,Manisha Chavan,Chana Dal (loose),1,kg,92,92,18,0,0,92,0,92,18,
KOS-2026-005074,2026-06-06,10:48,normal_sale,active,Mahesh Sharma,Kurkure Masala Munch 70g,2,piece,20,40,7,12,0,152.02,152.02,0,31.02,upi:152.02
KOS-2026-005074,2026-06-06,10:48,normal_sale,active,Mahesh Sharma,Harpic Toilet Cleaner 500ml,1,piece,112.02,112.02,24.02,18,0,152.02,152.02,0,31.02,upi:152.02
KOS-2026-005073,2026-06-06,10:33,normal_sale,active,Walk-in,Frooti 200ml,1,piece,10,10,1.5,12,0,38.98,38.98,0,11.48,upi:38.98
KOS-2026-005073,2026-06-06,10:33,normal_sale,active,Walk-in,Onion,0.25,kg,35.9,8.98,2.98,0,0,38.98,38.98,0,11.48,upi:38.98
KOS-2026-005073,2026-06-06,10:33,normal_sale,active,Walk-in,Bisleri Water 1L,1,piece,20,20,7,18,0,38.98,38.98,0,11.48,upi:38.98
KOS-2026-005072,2026-06-06,10:22,normal_sale,active,Walk-in,Aashirvaad Atta 5kg,1,piece,285,285,40,5,0,500.64,500,0,100,cash:500
KOS-2026-005072,2026-06-06,10:22,normal_sale,active,Walk-in,Classmate Notebook 172pg,2,piece,60.62,121.24,37.24,12,0,500.64,500,0,100,cash:500
KOS-2026-005072,2026-06-06,10:22,normal_sale,active,Walk-in,Britannia Good Day 100g,1,piece,30.8,30.8,5.8,18,0,500.64,500,0,100,cash:500
KOS-2026-005072,2026-06-06,10:22,normal_sale,active,Walk-in,Sona Masoori Rice (loose),1,kg,63.6,63.6,17.6,0,0,500.64,500,0,100,cash:500
KOS-2026-005071,2026-06-06,09:39,normal_sale,active,Harshada Bhosale,Good Knight Refill 45ml,1,piece,92.07,92.07,20.07,18,0,184.75,184.75,0,41.25,cash:184.75
KOS-2026-005071,2026-06-06,09:39,normal_sale,active,Harshada Bhosale,Onion,0.5,kg,35.9,17.95,5.95,0,0,184.75,184.75,0,41.25,cash:184.75
KOS-2026-005071,2026-06-06,09:39,normal_sale,active,Harshada Bhosale,Amul Gold Milk 500ml,1,piece,37.73,37.73,7.73,0,0,184.75,184.75,0,41.25,cash:184.75
KOS-2026-005071,2026-06-06,09:39,normal_sale,active,Harshada Bhosale,Toor Dal (loose),0.25,kg,148,37,7.5,0,0,184.75,184.75,0,41.25,cash:184.75
KOS-2026-005070,2026-06-06,09:37,normal_sale,active,Arun Deshmukh,Amul Masti Dahi 400g,1,piece,40,40,8,5,0,423.14,423.14,0,87.14,upi:423.14
KOS-2026-005070,2026-06-06,09:37,normal_sale,active,Arun Deshmukh,Dhara Mustard Oil 1L,2,piece,191.57,383.14,79.14,5,0,423.14,423.14,0,87.14,upi:423.14
KOS-2026-005069,2026-06-06,09:14,normal_sale,active,Walk-in,Reynolds Pen,2,piece,10,20,6,12,0,244.68,244,0,54.8,cash:244
KOS-2026-005069,2026-06-06,09:14,normal_sale,active,Walk-in,Lemon,1,piece,5,5,1.8,0,0,244.68,244,0,54.8,cash:244
KOS-2026-005069,2026-06-06,09:14,normal_sale,active,Walk-in,Yippee Noodles 70g,8,piece,14.96,119.68,31.68,12,0,244.68,244,0,54.8,cash:244
KOS-2026-005069,2026-06-06,09:14,normal_sale,active,Walk-in,Britannia Brown Bread,2,piece,50,100,16,0,0,244.68,244,0,54.8,cash:244
KOS-2026-005068,2026-06-06,08:44,normal_sale,active,Walk-in,Oreo Biscuit 120g,3,piece,35,105,15,18,0,345,345,0,55,cash:345
KOS-2026-005068,2026-06-06,08:44,normal_sale,active,Walk-in,Britannia Brown Bread,4,piece,50,200,32,0,0,345,345,0,55,cash:345
KOS-2026-005068,2026-06-06,08:44,normal_sale,active,Walk-in,Amul Masti Dahi 400g,1,piece,40,40,8,5,0,345,345,0,55,cash:345
KOS-2026-005067,2026-06-06,08:37,normal_sale,active,Walk-in,Amul Ghee 500ml,1,piece,355,355,40,12,25,537.9,537.9,0,52.9,cash:537.9
KOS-2026-005067,2026-06-06,08:37,normal_sale,active,Walk-in,Coca-Cola 750ml,1,piece,40,40,8,28,25,537.9,537.9,0,52.9,cash:537.9
KOS-2026-005067,2026-06-06,08:37,normal_sale,active,Walk-in,Fortune Sunflower Oil 1L,1,piece,167.9,167.9,29.9,5,25,537.9,537.9,0,52.9,cash:537.9
KOS-2026-005066,2026-06-05,21:30,normal_sale,active,Farida Dsouza,Reynolds Pen,1,piece,10,10,3,12,0,314.64,314.64,0,59.64,upi:314.64
KOS-2026-005066,2026-06-05,21:30,normal_sale,active,Farida Dsouza,Agarbatti Pack (20 sticks),3,piece,30,90,18,12,0,314.64,314.64,0,59.64,upi:314.64
KOS-2026-005066,2026-06-05,21:30,normal_sale,active,Farida Dsouza,Amul Gold Milk 500ml,1,piece,37.73,37.73,7.73,0,0,314.64,314.64,0,59.64,upi:314.64
KOS-2026-005066,2026-06-05,21:30,normal_sale,active,Farida Dsouza,Clinic Plus Shampoo 175ml,1,piece,140,140,22,18,0,314.64,314.64,0,59.64,upi:314.64
KOS-2026-005066,2026-06-05,21:30,normal_sale,active,Farida Dsouza,Gillette Guard Razor,1,piece,36.91,36.91,8.91,18,0,314.64,314.64,0,59.64,upi:314.64
KOS-2026-005065,2026-06-05,21:18,normal_sale,active,Walk-in,Chana Dal (loose),2,kg,92,184,36,0,0,962.14,962.14,0,169.14,cash:962.14
KOS-2026-005065,2026-06-05,21:18,normal_sale,active,Walk-in,Dhara Mustard Oil 1L,2,piece,191.57,383.14,79.14,5,0,962.14,962.14,0,169.14,cash:962.14
KOS-2026-005065,2026-06-05,21:18,normal_sale,active,Walk-in,Amul Ghee 500ml,1,piece,355,355,40,12,0,962.14,962.14,0,169.14,cash:962.14
KOS-2026-005065,2026-06-05,21:18,normal_sale,active,Walk-in,Bisleri Water 1L,2,piece,20,40,14,18,0,962.14,962.14,0,169.14,cash:962.14
KOS-2026-005064,2026-06-05,21:00,normal_sale,active,Walk-in,Sugar (loose),1,kg,49.89,49.89,8.89,5,0,1461.26,1461.26,0,280.06,upi:1461.26
KOS-2026-005064,2026-06-05,21:00,normal_sale,active,Walk-in,Tomato,2,kg,42.13,84.26,32.26,0,0,1461.26,1461.26,0,280.06,upi:1461.26
KOS-2026-005064,2026-06-05,21:00,normal_sale,active,Walk-in,Lays Classic Salted 52g,1,piece,21.82,21.82,5.32,12,0,1461.26,1461.26,0,280.06,upi:1461.26
KOS-2026-005064,2026-06-05,21:00,normal_sale,active,Walk-in,Match Box,2,piece,2.12,4.24,2.04,18,0,1461.26,1461.26,0,280.06,upi:1461.26
KOS-2026-005064,2026-06-05,21:00,normal_sale,active,Walk-in,Catch Red Chilli Powder 100g,1,piece,60,60,12,5,0,1461.26,1461.26,0,280.06,upi:1461.26
KOS-2026-005064,2026-06-05,21:00,normal_sale,active,Walk-in,Chana Dal (loose),1,kg,92,92,18,0,0,1461.26,1461.26,0,280.06,upi:1461.26
KOS-2026-005064,2026-06-05,21:00,normal_sale,active,Walk-in,Aashirvaad Atta 5kg,1,piece,285,285,40,5,0,1461.26,1461.26,0,280.06,upi:1461.26
KOS-2026-005064,2026-06-05,21:00,normal_sale,active,Walk-in,Dairy Milk 50g,2,piece,43.88,87.76,19.76,18,0,1461.26,1461.26,0,280.06,upi:1461.26
KOS-2026-005064,2026-06-05,21:00,normal_sale,active,Walk-in,Maggi Noodles 70g,11,piece,14.47,159.17,32.67,12,0,1461.26,1461.26,0,280.06,upi:1461.26
KOS-2026-005064,2026-06-05,21:00,normal_sale,active,Walk-in,Britannia Brown Bread,1,piece,50,50,8,0,0,1461.26,1461.26,0,280.06,upi:1461.26
KOS-2026-005064,2026-06-05,21:00,normal_sale,active,Walk-in,MDH Garam Masala 100g,3,piece,94.71,284.13,50.13,5,0,1461.26,1461.26,0,280.06,upi:1461.26
KOS-2026-005064,2026-06-05,21:00,normal_sale,active,Walk-in,Bournvita 500g,1,piece,282.99,282.99,50.99,18,0,1461.26,1461.26,0,280.06,upi:1461.26
KOS-2026-005063,2026-06-05,20:49,normal_sale,active,Sneha Chavan,Parle-G Biscuit 100g,2,piece,11,22,5.4,18,0,22,22,0,5.4,upi:22
KOS-2026-005062,2026-06-05,20:27,normal_sale,active,Nasreen Jadhav,Saffola Gold Oil 1L,1,piece,190,190,25,5,25,375.3,375,0,47.9,cash:375
KOS-2026-005062,2026-06-05,20:27,normal_sale,active,Nasreen Jadhav,Match Box,1,piece,2.12,2.12,1.02,18,25,375.3,375,0,47.9,cash:375
KOS-2026-005062,2026-06-05,20:27,normal_sale,active,Nasreen Jadhav,Amul Masti Dahi 400g,1,piece,40,40,8,5,25,375.3,375,0,47.9,cash:375
KOS-2026-005062,2026-06-05,20:27,normal_sale,active,Nasreen Jadhav,Vim Dishwash Bar 200g,2,piece,21.3,42.6,10.6,18,25,375.3,375,0,47.9,cash:375
KOS-2026-005062,2026-06-05,20:27,normal_sale,active,Nasreen Jadhav,Thums Up 750ml,1,piece,41.66,41.66,9.66,28,25,375.3,375,0,47.9,cash:375
KOS-2026-005062,2026-06-05,20:27,normal_sale,active,Nasreen Jadhav,Candle Pack (6 pc),1,piece,43.92,43.92,11.92,12,25,375.3,375,0,47.9,cash:375
KOS-2026-005062,2026-06-05,20:27,normal_sale,active,Nasreen Jadhav,Kurkure Masala Munch 70g,2,piece,20,40,7,12,25,375.3,375,0,47.9,cash:375
KOS-2026-005061,2026-06-05,20:18,normal_sale,active,Walk-in,Lifebuoy Soap 125g,1,piece,35,35,7,18,0,549.15,549,0,90.5,cash:549
KOS-2026-005061,2026-06-05,20:18,normal_sale,active,Walk-in,Classmate Notebook 172pg,1,piece,60.62,60.62,18.62,12,0,549.15,549,0,90.5,cash:549
KOS-2026-005061,2026-06-05,20:18,normal_sale,active,Walk-in,Reynolds Pen,1,piece,10,10,3,12,0,549.15,549,0,90.5,cash:549
KOS-2026-005061,2026-06-05,20:18,normal_sale,active,Walk-in,Aashirvaad Atta 5kg,1,piece,285,285,40,5,0,549.15,549,0,90.5,cash:549
KOS-2026-005061,2026-06-05,20:18,normal_sale,active,Walk-in,AA Battery (2 pc),1,piece,36,36,8,18,0,549.15,549,0,90.5,cash:549
KOS-2026-005061,2026-06-05,20:18,normal_sale,active,Walk-in,Amul Taaza Milk 500ml,4,piece,28,112,12,0,0,549.15,549,0,90.5,cash:549
KOS-2026-005061,2026-06-05,20:18,normal_sale,active,Walk-in,5 Star 25g,1,piece,10.53,10.53,2.03,18,0,549.15,549,0,90.5,cash:549
KOS-2026-005060,2026-06-05,20:07,normal_sale,active,Gurpreet Shinde,Sugar (loose),1,kg,49.89,49.89,8.89,5,0,590.05,590.05,0,146.15,upi:590.05
KOS-2026-005060,2026-06-05,20:07,normal_sale,active,Gurpreet Shinde,Coca-Cola 750ml,1,piece,40,40,8,28,0,590.05,590.05,0,146.15,upi:590.05
KOS-2026-005060,2026-06-05,20:07,normal_sale,active,Gurpreet Shinde,Garlic,1,kg,153.4,153.4,41.4,0,0,590.05,590.05,0,146.15,upi:590.05
KOS-2026-005060,2026-06-05,20:07,normal_sale,active,Gurpreet Shinde,Kurkure Masala Munch 70g,2,piece,20,40,7,12,0,590.05,590.05,0,146.15,upi:590.05
KOS-2026-005060,2026-06-05,20:07,normal_sale,active,Gurpreet Shinde,Frooti 200ml,1,piece,10,10,1.5,12,0,590.05,590.05,0,146.15,upi:590.05
KOS-2026-005060,2026-06-05,20:07,normal_sale,active,Gurpreet Shinde,Rava / Sooji (loose),5,kg,50.32,251.6,71.6,5,0,590.05,590.05,0,146.15,upi:590.05
KOS-2026-005060,2026-06-05,20:07,normal_sale,active,Gurpreet Shinde,Amul Taaza Milk 500ml,1,piece,28,28,3,0,0,590.05,590.05,0,146.15,upi:590.05
KOS-2026-005060,2026-06-05,20:07,normal_sale,active,Gurpreet Shinde,Farm Eggs,2,piece,8.58,17.16,4.76,0,0,590.05,590.05,0,146.15,upi:590.05
KOS-2026-005059,2026-06-05,20:02,normal_sale,active,Walk-in,Nirma Washing Powder 1kg,1,piece,75.9,75.9,17.9,18,0,345.9,345,0,61.5,cash:345
KOS-2026-005059,2026-06-05,20:02,normal_sale,active,Walk-in,Dove Soap 100g,2,piece,68,136,26,18,0,345.9,345,0,61.5,cash:345
KOS-2026-005059,2026-06-05,20:02,normal_sale,active,Walk-in,Frooti 200ml,1,piece,10,10,1.5,12,0,345.9,345,0,61.5,cash:345
KOS-2026-005059,2026-06-05,20:02,normal_sale,active,Walk-in,Amul Taaza Milk 500ml,3,piece,28,84,9,0,0,345.9,345,0,61.5,cash:345
KOS-2026-005059,2026-06-05,20:02,normal_sale,active,Walk-in,Coca-Cola 750ml,1,piece,40,40,8,28,0,345.9,345,0,61.5,cash:345
KOS-2026-005058,2026-06-05,19:42,normal_sale,active,Sachin Khan,Sugar (loose),1,kg,49.89,49.89,8.89,5,0,367.5,367.5,0,70,cash:367.5
KOS-2026-005058,2026-06-05,19:42,normal_sale,active,Sachin Khan,Everest Turmeric 200g,1,piece,76,76,14,5,0,367.5,367.5,0,70,cash:367.5
KOS-2026-005058,2026-06-05,19:42,normal_sale,active,Sachin Khan,Sprite 750ml,2,piece,42.51,85.02,21.02,28,0,367.5,367.5,0,70,cash:367.5
KOS-2026-005058,2026-06-05,19:42,normal_sale,active,Sachin Khan,Lizol Floor Cleaner 500ml,1,piece,125,125,20,18,0,367.5,367.5,0,70,cash:367.5
KOS-2026-005058,2026-06-05,19:42,normal_sale,active,Sachin Khan,5 Star 25g,3,piece,10.53,31.59,6.09,18,0,367.5,367.5,0,70,cash:367.5
KOS-2026-005057,2026-06-05,19:41,normal_sale,active,Walk-in,LED Bulb 9W,2,piece,99,198,42,12,25,545.82,545,0,80,cash:545
KOS-2026-005057,2026-06-05,19:41,normal_sale,active,Walk-in,Aashirvaad Atta 5kg,1,piece,285,285,40,5,25,545.82,545,0,80,cash:545
KOS-2026-005057,2026-06-05,19:41,normal_sale,active,Walk-in,Wheat Atta (loose),2,kg,43.91,87.82,23.82,0,25,545.82,545,0,80,cash:545
KOS-2026-005056,2026-06-05,19:33,normal_sale,active,Rakesh Shaikh,Ginger,0.25,kg,115.42,28.86,9.36,0,0,248.08,0,248.08,51.58,
KOS-2026-005056,2026-06-05,19:33,normal_sale,active,Rakesh Shaikh,Bingo Mad Angles 66g,6,piece,20.81,124.86,25.86,12,0,248.08,0,248.08,51.58,
KOS-2026-005056,2026-06-05,19:33,normal_sale,active,Rakesh Shaikh,Close Up Red 150g,1,piece,94.36,94.36,16.36,18,0,248.08,0,248.08,51.58,
KOS-2026-005055,2026-06-05,19:19,normal_sale,active,Walk-in,Bisleri Water 1L,1,piece,20,20,7,18,12.99,471.77,471.77,0,76.77,upi:471.77
KOS-2026-005055,2026-06-05,19:19,normal_sale,active,Walk-in,Nescafe Classic 50g,2,piece,200.58,401.16,65.16,18,12.99,471.77,471.77,0,76.77,upi:471.77
KOS-2026-005055,2026-06-05,19:19,normal_sale,active,Walk-in,Sona Masoori Rice (loose),1,kg,63.6,63.6,17.6,0,12.99,471.77,471.77,0,76.77,upi:471.77
KOS-2026-005054,2026-06-05,19:07,normal_sale,active,Amit Singh,Nirma Washing Powder 1kg,1,piece,75.9,75.9,17.9,18,0,154.73,154.73,0,35.63,upi:154.73
KOS-2026-005054,2026-06-05,19:07,normal_sale,active,Amit Singh,Maggi Noodles 70g,1,piece,14.47,14.47,2.97,12,0,154.73,154.73,0,35.63,upi:154.73
KOS-2026-005054,2026-06-05,19:07,normal_sale,active,Amit Singh,5 Star 25g,2,piece,10.53,21.06,4.06,18,0,154.73,154.73,0,35.63,upi:154.73
KOS-2026-005054,2026-06-05,19:07,normal_sale,active,Amit Singh,Parle-G Biscuit 100g,2,piece,11,22,5.4,18,0,154.73,154.73,0,35.63,upi:154.73
KOS-2026-005054,2026-06-05,19:07,normal_sale,active,Amit Singh,Vim Dishwash Bar 200g,1,piece,21.3,21.3,5.3,18,0,154.73,154.73,0,35.63,upi:154.73
KOS-2026-005053,2026-06-05,18:39,normal_sale,active,Deepak Kadam,Rajma (loose),0.25,kg,138,34.5,7.5,0,0,34.5,34.5,0,7.5,cash:34.5
KOS-2026-005052,2026-06-05,18:17,normal_sale,active,Walk-in,Britannia Marie Gold 250g,1,piece,40.88,40.88,7.88,18,0,382.12,382.12,0,93.12,cash:171|upi:211.12
KOS-2026-005052,2026-06-05,18:17,normal_sale,active,Walk-in,Coca-Cola 750ml,1,piece,40,40,8,28,0,382.12,382.12,0,93.12,cash:171|upi:211.12
KOS-2026-005052,2026-06-05,18:17,normal_sale,active,Walk-in,Sona Masoori Rice (loose),0.5,kg,63.6,31.8,8.8,0,0,382.12,382.12,0,93.12,cash:171|upi:211.12
KOS-2026-005052,2026-06-05,18:17,normal_sale,active,Walk-in,Sugar (loose),1,kg,49.89,49.89,8.89,5,0,382.12,382.12,0,93.12,cash:171|upi:211.12
KOS-2026-005052,2026-06-05,18:17,normal_sale,active,Walk-in,Wheat Atta (loose),5,kg,43.91,219.55,59.55,0,0,382.12,382.12,0,93.12,cash:171|upi:211.12
KOS-2026-005051,2026-06-05,17:15,normal_sale,active,Vijay Bhosale,Amul Taaza Milk 500ml,2,piece,28,56,6,0,0,1707.58,1707.58,0,305.58,cash:719|upi:988.58
KOS-2026-005051,2026-06-05,17:15,normal_sale,active,Vijay Bhosale,Vim Liquid 500ml,2,piece,118,236,40,18,0,1707.58,1707.58,0,305.58,cash:719|upi:988.58
KOS-2026-005051,2026-06-05,17:15,normal_sale,active,Vijay Bhosale,Red Label Tea 250g,1,piece,155.56,155.56,27.56,5,0,1707.58,1707.58,0,305.58,cash:719|upi:988.58
KOS-2026-005051,2026-06-05,17:15,normal_sale,active,Vijay Bhosale,Wheat Atta (loose),2,kg,43.91,87.82,23.82,0,0,1707.58,1707.58,0,305.58,cash:719|upi:988.58
KOS-2026-005051,2026-06-05,17:15,normal_sale,active,Vijay Bhosale,Toor Dal (loose),1,kg,148,148,30,0,0,1707.58,1707.58,0,305.58,cash:719|upi:988.58
KOS-2026-005051,2026-06-05,17:15,normal_sale,active,Vijay Bhosale,Moong Dal (loose),0.25,kg,129.02,32.26,8.26,0,0,1707.58,1707.58,0,305.58,cash:719|upi:988.58
KOS-2026-005051,2026-06-05,17:15,normal_sale,active,Vijay Bhosale,5 Star 25g,2,piece,10.53,21.06,4.06,18,0,1707.58,1707.58,0,305.58,cash:719|upi:988.58
KOS-2026-005051,2026-06-05,17:15,normal_sale,active,Vijay Bhosale,Harpic Toilet Cleaner 500ml,1,piece,112.02,112.02,24.02,18,0,1707.58,1707.58,0,305.58,cash:719|upi:988.58
KOS-2026-005051,2026-06-05,17:15,normal_sale,active,Vijay Bhosale,Chana Dal (loose),5,kg,92,460,90,0,0,1707.58,1707.58,0,305.58,cash:719|upi:988.58
KOS-2026-005051,2026-06-05,17:15,normal_sale,active,Vijay Bhosale,Amul Ghee 500ml,1,piece,355,355,40,12,0,1707.58,1707.58,0,305.58,cash:719|upi:988.58
KOS-2026-005051,2026-06-05,17:15,normal_sale,active,Vijay Bhosale,Mustard Oil (loose),0.25,l,175.42,43.86,11.86,5,0,1707.58,1707.58,0,305.58,cash:719|upi:988.58
KOS-2026-005050,2026-06-05,17:14,normal_sale,active,Walk-in,Rava / Sooji (loose),0.25,kg,50.32,12.58,3.58,5,0,142.58,142.58,0,31.18,cash:142.58
KOS-2026-005050,2026-06-05,17:14,normal_sale,active,Walk-in,Lemon,2,piece,5,10,3.6,0,0,142.58,142.58,0,31.18,cash:142.58
KOS-2026-005050,2026-06-05,17:14,normal_sale,active,Walk-in,Catch Red Chilli Powder 100g,2,piece,60,120,24,5,0,142.58,142.58,0,31.18,cash:142.58
KOS-2026-005049,2026-06-05,16:08,normal_sale,active,Annapurna Mess & Canteen,Dove Soap 100g,2,piece,68,136,26,18,0,327.03,327.03,0,78.53,upi:327.03
KOS-2026-005049,2026-06-05,16:08,normal_sale,active,Annapurna Mess & Canteen,Mustard Oil (loose),0.5,l,175.42,87.71,23.71,5,0,327.03,327.03,0,78.53,upi:327.03
KOS-2026-005049,2026-06-05,16:08,normal_sale,active,Annapurna Mess & Canteen,Bisleri Water 1L,2,piece,20,40,14,18,0,327.03,327.03,0,78.53,upi:327.03
KOS-2026-005049,2026-06-05,16:08,normal_sale,active,Annapurna Mess & Canteen,Sprite 750ml,1,piece,42.51,42.51,10.51,28,0,327.03,327.03,0,78.53,upi:327.03
KOS-2026-005049,2026-06-05,16:08,normal_sale,active,Annapurna Mess & Canteen,Bingo Mad Angles 66g,1,piece,20.81,20.81,4.31,12,0,327.03,327.03,0,78.53,upi:327.03
KOS-2026-005048,2026-06-05,12:55,normal_sale,active,Walk-in,Surf Excel Easy Wash 1kg,2,piece,155.05,310.1,74.1,18,0,320.1,320,0,77,cash:320
KOS-2026-005048,2026-06-05,12:55,normal_sale,active,Walk-in,Reynolds Pen,1,piece,10,10,3,12,0,320.1,320,0,77,cash:320
KOS-2026-005047,2026-06-05,12:54,normal_sale,active,Walk-in,Lux Soap 100g,2,piece,39.81,79.62,19.62,18,0,264.08,264.08,0,59.08,upi:264.08
KOS-2026-005047,2026-06-05,12:54,normal_sale,active,Walk-in,Toor Dal (loose),0.5,kg,148,74,15,0,0,264.08,264.08,0,59.08,upi:264.08
KOS-2026-005047,2026-06-05,12:54,normal_sale,active,Walk-in,Lays Classic Salted 52g,3,piece,21.82,65.46,15.96,12,0,264.08,264.08,0,59.08,upi:264.08
KOS-2026-005047,2026-06-05,12:54,normal_sale,active,Walk-in,Frooti 200ml,1,piece,10,10,1.5,12,0,264.08,264.08,0,59.08,upi:264.08
KOS-2026-005047,2026-06-05,12:54,normal_sale,active,Walk-in,Lifebuoy Soap 125g,1,piece,35,35,7,18,0,264.08,264.08,0,59.08,upi:264.08
KOS-2026-005046,2026-06-05,12:43,normal_sale,active,Joseph Dsouza,Bisleri Water 1L,2,piece,20,40,14,18,0,728.52,728.52,0,174.52,upi:728.52
KOS-2026-005046,2026-06-05,12:43,normal_sale,active,Joseph Dsouza,Dettol Antiseptic 250ml,4,piece,172.13,688.52,160.52,18,0,728.52,728.52,0,174.52,upi:728.52
KOS-2026-005045,2026-06-05,12:29,normal_sale,active,Mahesh Sharma,Odonil Air Freshener 50g,1,piece,78,78,16,18,0,454.71,454,0,97,cash:454
KOS-2026-005045,2026-06-05,12:29,normal_sale,active,Mahesh Sharma,Dairy Milk 50g,2,piece,43.88,87.76,19.76,18,0,454.71,454,0,97,cash:454
KOS-2026-005045,2026-06-05,12:29,normal_sale,active,Mahesh Sharma,Moong Dal (loose),0.5,kg,129.02,64.51,16.51,0,0,454.71,454,0,97,cash:454
KOS-2026-005045,2026-06-05,12:29,normal_sale,active,Mahesh Sharma,Maggi Noodles 8-pack,1,piece,108,108,16,12,0,454.71,454,0,97,cash:454
KOS-2026-005045,2026-06-05,12:29,normal_sale,active,Mahesh Sharma,Sugar (loose),1,kg,49.89,49.89,8.89,5,0,454.71,454,0,97,cash:454
KOS-2026-005045,2026-06-05,12:29,normal_sale,active,Mahesh Sharma,Basmati Rice Premium (loose),0.5,kg,133.1,66.55,20.55,0,0,454.71,454,0,97,cash:454
KOS-2026-005044,2026-06-05,12:29,normal_sale,active,Walk-in,Dettol Antiseptic 250ml,3,piece,172.13,516.39,120.39,18,0,603.39,603.39,0,136.19,upi:603.39
KOS-2026-005044,2026-06-05,12:29,normal_sale,active,Walk-in,Kissan Mixed Fruit Jam 200g,1,piece,82,82,14,12,0,603.39,603.39,0,136.19,upi:603.39
KOS-2026-005044,2026-06-05,12:29,normal_sale,active,Walk-in,Lemon,1,piece,5,5,1.8,0,0,603.39,603.39,0,136.19,upi:603.39
KOS-2026-005043,2026-06-05,12:19,normal_sale,active,Walk-in,Match Box,1,piece,2.12,2.12,1.02,18,0,153.01,153.01,0,32.21,bank:153.01
KOS-2026-005043,2026-06-05,12:19,normal_sale,active,Walk-in,Colgate Strong Teeth 200g,1,piece,114.06,114.06,22.06,18,0,153.01,153.01,0,32.21,bank:153.01
KOS-2026-005043,2026-06-05,12:19,normal_sale,active,Walk-in,Lemon,1,piece,5,5,1.8,0,0,153.01,153.01,0,32.21,bank:153.01
KOS-2026-005043,2026-06-05,12:19,normal_sale,active,Walk-in,5 Star 25g,1,piece,10.53,10.53,2.03,18,0,153.01,153.01,0,32.21,bank:153.01
KOS-2026-005043,2026-06-05,12:19,normal_sale,active,Walk-in,Vim Dishwash Bar 200g,1,piece,21.3,21.3,5.3,18,0,153.01,153.01,0,32.21,bank:153.01
KOS-2026-005042,2026-06-05,11:46,normal_sale,active,Mahesh Sharma,Ariel Detergent 1kg,2,piece,155,310,46,18,0,310,87,223,46,cash:87
KOS-2026-005041,2026-06-05,11:26,normal_sale,active,Kiran Verma,Poha (loose),0.5,kg,56,28,7,5,0,176.62,51,125.62,45.62,upi:51
KOS-2026-005041,2026-06-05,11:26,normal_sale,active,Kiran Verma,Sprite 750ml,2,piece,42.51,85.02,21.02,28,0,176.62,51,125.62,45.62,upi:51
KOS-2026-005041,2026-06-05,11:26,normal_sale,active,Kiran Verma,Sona Masoori Rice (loose),1,kg,63.6,63.6,17.6,0,0,176.62,51,125.62,45.62,upi:51
KOS-2026-005040,2026-06-05,11:16,normal_sale,active,Walk-in,Sprite 750ml,1,piece,42.51,42.51,10.51,28,0,92.4,92.4,0,19.4,cash:92.4
KOS-2026-005040,2026-06-05,11:16,normal_sale,active,Walk-in,Sugar (loose),1,kg,49.89,49.89,8.89,5,0,92.4,92.4,0,19.4,cash:92.4
KOS-2026-005039,2026-06-05,10:47,normal_sale,active,Walk-in,5 Star 25g,1,piece,10.53,10.53,2.03,18,0,10.53,10.53,0,2.03,cash:10.53
KOS-2026-005038,2026-06-05,10:35,normal_sale,active,Kiran Pawar,Thums Up 750ml,1,piece,41.66,41.66,9.66,28,0,127.66,127.66,0,27.26,upi:127.66
KOS-2026-005038,2026-06-05,10:35,normal_sale,active,Kiran Pawar,Lemon,2,piece,5,10,3.6,0,0,127.66,127.66,0,27.26,upi:127.66
KOS-2026-005038,2026-06-05,10:35,normal_sale,active,Kiran Pawar,Everest Turmeric 200g,1,piece,76,76,14,5,0,127.66,127.66,0,27.26,upi:127.66
KOS-2026-005037,2026-06-05,10:08,normal_sale,active,Ashwini Singh,Ariel Detergent 1kg,1,piece,155,155,23,18,0,258.08,147,111.08,52.08,upi:147
KOS-2026-005037,2026-06-05,10:08,normal_sale,active,Ashwini Singh,Basmati Rice Premium (loose),0.25,kg,133.1,33.28,10.28,0,0,258.08,147,111.08,52.08,upi:147
KOS-2026-005037,2026-06-05,10:08,normal_sale,active,Ashwini Singh,Potato,0.5,kg,27.6,13.8,4.8,0,0,258.08,147,111.08,52.08,upi:147
KOS-2026-005037,2026-06-05,10:08,normal_sale,active,Ashwini Singh,Poha (loose),1,kg,56,56,14,5,0,258.08,147,111.08,52.08,upi:147
KOS-2026-005035,2026-06-05,09:57,normal_sale,active,Walk-in,Britannia Brown Bread,1,piece,50,50,8,0,0,828.57,828.57,0,124.07,upi:828.57
KOS-2026-005035,2026-06-05,09:57,normal_sale,active,Walk-in,Aashirvaad Atta 5kg,1,piece,285,270.75,25.75,5,0,828.57,828.57,0,124.07,upi:828.57
KOS-2026-005035,2026-06-05,09:57,normal_sale,active,Walk-in,Saffola Gold Oil 1L,1,piece,190,190,25,5,0,828.57,828.57,0,124.07,upi:828.57
KOS-2026-005035,2026-06-05,09:57,normal_sale,active,Walk-in,Lays Classic Salted 52g,1,piece,21.82,21.82,5.32,12,0,828.57,828.57,0,124.07,upi:828.57
KOS-2026-005035,2026-06-05,09:57,normal_sale,active,Walk-in,Toor Dal (loose),2,kg,148,296,60,0,0,828.57,828.57,0,124.07,upi:828.57
KOS-2026-005036,2026-06-05,09:57,normal_sale,active,Walk-in,Britannia Good Day 100g,1,piece,30.8,30.8,5.8,18,0,482.73,482,0,80,cash:482
KOS-2026-005036,2026-06-05,09:57,normal_sale,active,Walk-in,MDH Garam Masala 100g,2,piece,94.71,189.42,33.42,5,0,482.73,482,0,80,cash:482
KOS-2026-005036,2026-06-05,09:57,normal_sale,active,Walk-in,Saffola Gold Oil 1L,1,piece,190,190,25,5,0,482.73,482,0,80,cash:482
KOS-2026-005036,2026-06-05,09:57,normal_sale,active,Walk-in,Agarbatti Pack (20 sticks),1,piece,30,30,6,12,0,482.73,482,0,80,cash:482
KOS-2026-005036,2026-06-05,09:57,normal_sale,active,Walk-in,Sprite 750ml,1,piece,42.51,42.51,10.51,28,0,482.73,482,0,80,cash:482
KOS-2026-005034,2026-06-05,09:18,normal_sale,active,Walk-in,Everest Turmeric 200g,2,piece,76,152,28,5,0,687.67,687.67,0,158.67,upi:687.67
KOS-2026-005034,2026-06-05,09:18,normal_sale,active,Walk-in,Basmati Rice Premium (loose),0.5,kg,133.1,66.55,20.55,0,0,687.67,687.67,0,158.67,upi:687.67
KOS-2026-005034,2026-06-05,09:18,normal_sale,active,Walk-in,Sprite 750ml,2,piece,42.51,85.02,21.02,28,0,687.67,687.67,0,158.67,upi:687.67
KOS-2026-005034,2026-06-05,09:18,normal_sale,active,Walk-in,Toor Dal (loose),0.5,kg,148,74,15,0,0,687.67,687.67,0,158.67,upi:687.67
KOS-2026-005034,2026-06-05,09:18,normal_sale,active,Walk-in,Surf Excel Easy Wash 1kg,2,piece,155.05,310.1,74.1,18,0,687.67,687.67,0,158.67,upi:687.67
KOS-2026-005033,2026-06-05,09:12,normal_sale,active,Walk-in,Maggi Noodles 70g,1,piece,14.47,14.47,2.97,12,0,14.47,14.47,0,2.97,cash:14.47
KOS-2026-005032,2026-06-05,09:09,normal_sale,active,Walk-in,Lizol Floor Cleaner 500ml,1,piece,125,125,20,18,0,218.07,218.07,0,40.57,upi:218.07
KOS-2026-005032,2026-06-05,09:09,normal_sale,active,Walk-in,Toor Dal (loose),0.25,kg,148,37,7.5,0,0,218.07,218.07,0,40.57,upi:218.07
KOS-2026-005032,2026-06-05,09:09,normal_sale,active,Walk-in,Oreo Biscuit 120g,1,piece,35,35,5,18,0,218.07,218.07,0,40.57,upi:218.07
KOS-2026-005032,2026-06-05,09:09,normal_sale,active,Walk-in,Tomato,0.5,kg,42.13,21.07,8.07,0,0,218.07,218.07,0,40.57,upi:218.07
KOS-2026-005031,2026-06-05,08:35,normal_sale,active,Walk-in,MDH Garam Masala 100g,1,piece,94.71,94.71,16.71,5,25,1377.61,1377.61,0,195.61,cash:1377.61
KOS-2026-005031,2026-06-05,08:35,normal_sale,active,Walk-in,Coca-Cola 750ml,2,piece,40,80,16,28,25,1377.61,1377.61,0,195.61,cash:1377.61
KOS-2026-005031,2026-06-05,08:35,normal_sale,active,Walk-in,Horlicks 500g,1,piece,312.9,312.9,67.9,18,25,1377.61,1377.61,0,195.61,cash:1377.61
KOS-2026-005031,2026-06-05,08:35,normal_sale,active,Walk-in,Tata Tea Gold 500g,3,piece,305,915,120,5,25,1377.61,1377.61,0,195.61,cash:1377.61
KOS-2026-005030,2026-06-05,08:30,normal_sale,active,Rohit Verma,Center Fresh Gum (jar pc),11,piece,1.07,11.77,2.42,18,0,11.77,11.77,0,2.42,cash:11.77
KOS-2026-005029,2026-06-05,08:23,normal_sale,active,Swati Jadhav,Surf Excel Easy Wash 1kg,2,piece,155.05,310.1,74.1,18,0,910.04,910.04,0,191.04,upi:910.04
KOS-2026-005029,2026-06-05,08:23,normal_sale,active,Swati Jadhav,Good Knight Refill 45ml,2,piece,92.07,184.14,40.14,18,0,910.04,910.04,0,191.04,upi:910.04
KOS-2026-005029,2026-06-05,08:23,normal_sale,active,Swati Jadhav,Lifebuoy Soap 125g,1,piece,35,35,7,18,0,910.04,910.04,0,191.04,upi:910.04
KOS-2026-005029,2026-06-05,08:23,normal_sale,active,Swati Jadhav,Sunfeast Dark Fantasy 75g,1,piece,42.8,42.8,8.8,18,0,910.04,910.04,0,191.04,upi:910.04
KOS-2026-005029,2026-06-05,08:23,normal_sale,active,Swati Jadhav,Clinic Plus Shampoo 175ml,1,piece,140,140,22,18,0,910.04,910.04,0,191.04,upi:910.04
KOS-2026-005029,2026-06-05,08:23,normal_sale,active,Swati Jadhav,Bisleri Water 1L,1,piece,20,20,7,18,0,910.04,910.04,0,191.04,upi:910.04
KOS-2026-005029,2026-06-05,08:23,normal_sale,active,Swati Jadhav,Britannia Brown Bread,2,piece,50,100,16,0,0,910.04,910.04,0,191.04,upi:910.04
KOS-2026-005029,2026-06-05,08:23,normal_sale,active,Swati Jadhav,Odonil Air Freshener 50g,1,piece,78,78,16,18,0,910.04,910.04,0,191.04,upi:910.04
KOS-2026-005028,2026-06-05,08:10,normal_sale,active,Walk-in,Maggi Noodles 8-pack,1,piece,108,108,16,12,0,373.9,373,0,66.5,cash:373
KOS-2026-005028,2026-06-05,08:10,normal_sale,active,Walk-in,Dove Soap 100g,1,piece,68,68,13,18,0,373.9,373,0,66.5,cash:373
KOS-2026-005028,2026-06-05,08:10,normal_sale,active,Walk-in,Frooti 200ml,1,piece,10,10,1.5,12,0,373.9,373,0,66.5,cash:373
KOS-2026-005028,2026-06-05,08:10,normal_sale,active,Walk-in,Fortune Sunflower Oil 1L,1,piece,167.9,167.9,29.9,5,0,373.9,373,0,66.5,cash:373
KOS-2026-005028,2026-06-05,08:10,normal_sale,active,Walk-in,Bisleri Water 1L,1,piece,20,20,7,18,0,373.9,373,0,66.5,cash:373
KOS-2026-005027,2026-06-05,08:02,normal_sale,active,Walk-in,Parachute Coconut Oil 200ml,4,piece,104.12,416.48,88.48,18,0,604,604,0,129.1,cash:604
KOS-2026-005027,2026-06-05,08:02,normal_sale,active,Walk-in,Bingo Mad Angles 66g,2,piece,20.81,41.62,8.62,12,0,604,604,0,129.1,cash:604
KOS-2026-005027,2026-06-05,08:02,normal_sale,active,Walk-in,Sona Masoori Rice (loose),0.25,kg,63.6,15.9,4.4,0,0,604,604,0,129.1,cash:604
KOS-2026-005027,2026-06-05,08:02,normal_sale,active,Walk-in,Amul Masti Dahi 400g,3,piece,40,120,24,5,0,604,604,0,129.1,cash:604
KOS-2026-005027,2026-06-05,08:02,normal_sale,active,Walk-in,Lemon,2,piece,5,10,3.6,0,0,604,604,0,129.1,cash:604
KOS-2026-005026,2026-06-04,21:59,normal_sale,active,Walk-in,Sona Masoori Rice (loose),1,kg,63.6,63.6,17.6,0,0,245.41,245.41,0,50.41,cash:245.41
KOS-2026-005026,2026-06-04,21:59,normal_sale,active,Walk-in,Kissan Mixed Fruit Jam 200g,1,piece,82,82,14,12,0,245.41,245.41,0,50.41,cash:245.41
KOS-2026-005026,2026-06-04,21:59,normal_sale,active,Walk-in,Frooti 200ml,6,piece,10,60,9,12,0,245.41,245.41,0,50.41,cash:245.41
KOS-2026-005026,2026-06-04,21:59,normal_sale,active,Walk-in,Lux Soap 100g,1,piece,39.81,39.81,9.81,18,0,245.41,245.41,0,50.41,cash:245.41
KOS-2026-005025,2026-06-04,21:55,normal_sale,active,Walk-in,Onion,2,kg,35.9,71.8,23.8,0,0,203.8,203.8,0,55.3,cash:203.8
KOS-2026-005025,2026-06-04,21:55,normal_sale,active,Walk-in,Kurkure Masala Munch 70g,1,piece,20,20,3.5,12,0,203.8,203.8,0,55.3,cash:203.8
KOS-2026-005025,2026-06-04,21:55,normal_sale,active,Walk-in,Poha (loose),2,kg,56,112,28,5,0,203.8,203.8,0,55.3,cash:203.8
KOS-2026-005024,2026-06-04,21:52,normal_sale,active,Walk-in,Catch Red Chilli Powder 100g,1,piece,60,60,12,5,0,60,60,0,12,upi:60
KOS-2026-005023,2026-06-04,21:41,normal_sale,active,Walk-in,Match Box,1,piece,2.12,2.12,1.02,18,0,37.12,37,0,5.9,cash:37
KOS-2026-005023,2026-06-04,21:41,normal_sale,active,Walk-in,Oreo Biscuit 120g,1,piece,35,35,5,18,0,37.12,37,0,5.9,cash:37
KOS-2026-005022,2026-06-04,21:09,normal_sale,active,Walk-in,Fortune Sunflower Oil 1L,1,piece,167.9,167.9,29.9,5,0,167.9,167.9,0,29.9,cash:167.9
KOS-2026-005021,2026-06-04,20:17,normal_sale,active,Vaishali Salunkhe,Lux Soap 100g,3,piece,39.81,119.43,29.43,18,0,382.01,382.01,0,82.01,upi:382.01
KOS-2026-005021,2026-06-04,20:17,normal_sale,active,Vaishali Salunkhe,Real Mixed Fruit Juice 1L,2,piece,131.29,262.58,52.58,12,0,382.01,382.01,0,82.01,upi:382.01
KOS-2026-005020,2026-06-04,19:10,normal_sale,active,Walk-in,Sugar (loose),0.25,kg,49.89,12.47,2.22,5,0,225.65,225.65,0,44.9,upi:225.65
KOS-2026-005020,2026-06-04,19:10,normal_sale,active,Walk-in,Amul Taaza Milk 500ml,1,piece,28,28,3,0,0,225.65,225.65,0,44.9,upi:225.65
KOS-2026-005020,2026-06-04,19:10,normal_sale,active,Walk-in,Colgate Strong Teeth 200g,1,piece,114.06,114.06,22.06,18,0,225.65,225.65,0,44.9,upi:225.65
KOS-2026-005020,2026-06-04,19:10,normal_sale,active,Walk-in,Ginger,0.25,kg,115.42,28.86,9.36,0,0,225.65,225.65,0,44.9,upi:225.65
KOS-2026-005020,2026-06-04,19:10,normal_sale,active,Walk-in,KitKat 4-finger,2,piece,21.13,42.26,8.26,18,0,225.65,225.65,0,44.9,upi:225.65
KOS-2026-005019,2026-06-04,19:02,normal_sale,active,Walk-in,Bournvita 500g,2,piece,282.99,565.98,101.98,18,25,1303.74,1303.74,0,217.24,cash:1303.74
KOS-2026-005019,2026-06-04,19:02,normal_sale,active,Walk-in,Mother Dairy Paneer 200g,1,piece,105,105,17,5,25,1303.74,1303.74,0,217.24,cash:1303.74
KOS-2026-005019,2026-06-04,19:02,normal_sale,active,Walk-in,Close Up Red 150g,3,piece,94.36,283.08,49.08,18,25,1303.74,1303.74,0,217.24,cash:1303.74
KOS-2026-005019,2026-06-04,19:02,normal_sale,active,Walk-in,Potato,0.25,kg,27.6,6.9,2.4,0,25,1303.74,1303.74,0,217.24,cash:1303.74
KOS-2026-005019,2026-06-04,19:02,normal_sale,active,Walk-in,Amul Gold Milk 500ml,1,piece,37.73,37.73,7.73,0,25,1303.74,1303.74,0,217.24,cash:1303.74
KOS-2026-005019,2026-06-04,19:02,normal_sale,active,Walk-in,Surf Excel Easy Wash 1kg,1,piece,155.05,155.05,37.05,18,25,1303.74,1303.74,0,217.24,cash:1303.74
KOS-2026-005019,2026-06-04,19:02,normal_sale,active,Walk-in,Whisper Ultra 15 pads,1,piece,175,175,27,12,25,1303.74,1303.74,0,217.24,cash:1303.74
KOS-2026-005018,2026-06-04,18:02,normal_sale,active,Maria Khan,Toor Dal (loose),0.5,kg,148,74,15,0,0,74,74,0,15,upi:74
KOS-2026-005017,2026-06-04,17:55,normal_sale,active,Walk-in,Britannia Good Day 100g,1,piece,30.8,30.8,5.8,18,0,46.7,46,0,9.5,cash:46
KOS-2026-005017,2026-06-04,17:55,normal_sale,active,Walk-in,Sona Masoori Rice (loose),0.25,kg,63.6,15.9,4.4,0,0,46.7,46,0,9.5,cash:46
KOS-2026-005015,2026-06-04,17:24,normal_sale,active,Kiran Pawar,Lizol Floor Cleaner 500ml,2,piece,125,250,40,18,0,290.88,290,0,47,cash:290
KOS-2026-005015,2026-06-04,17:24,normal_sale,active,Kiran Pawar,Britannia Marie Gold 250g,1,piece,40.88,40.88,7.88,18,0,290.88,290,0,47,cash:290
KOS-2026-005016,2026-06-04,17:24,normal_sale,active,Nilesh Dsouza,Amul Butter 100g,1,piece,67.48,67.48,13.48,12,0,591.95,349,242.95,134.45,cash:349
KOS-2026-005016,2026-06-04,17:24,normal_sale,active,Nilesh Dsouza,Urad Dal (loose),0.5,kg,139.94,69.97,17.47,0,0,591.95,349,242.95,134.45,cash:349
KOS-2026-005016,2026-06-04,17:24,normal_sale,active,Nilesh Dsouza,Everest Turmeric 200g,3,piece,76,228,42,5,0,591.95,349,242.95,134.45,cash:349
KOS-2026-005016,2026-06-04,17:24,normal_sale,active,Nilesh Dsouza,Britannia Good Day 100g,2,piece,30.8,61.6,11.6,18,0,591.95,349,242.95,134.45,cash:349
KOS-2026-005016,2026-06-04,17:24,normal_sale,active,Nilesh Dsouza,Sona Masoori Rice (loose),0.5,kg,63.6,31.8,8.8,0,0,591.95,349,242.95,134.45,cash:349
KOS-2026-005016,2026-06-04,17:24,normal_sale,active,Nilesh Dsouza,Basmati Rice Premium (loose),1,kg,133.1,133.1,41.1,0,0,591.95,349,242.95,134.45,cash:349
KOS-2026-005014,2026-06-04,16:03,normal_sale,active,Walk-in,Amul Taaza Milk 500ml,2,piece,28,56,6,0,0,534.23,534.23,0,84.23,bank:534.23
KOS-2026-005014,2026-06-04,16:03,normal_sale,active,Walk-in,Tata Tea Gold 500g,1,piece,305,305,40,5,0,534.23,534.23,0,84.23,bank:534.23
KOS-2026-005014,2026-06-04,16:03,normal_sale,active,Walk-in,Sprite 750ml,1,piece,42.51,42.51,10.51,28,0,534.23,534.23,0,84.23,bank:534.23
KOS-2026-005014,2026-06-04,16:03,normal_sale,active,Walk-in,Besan (loose),0.5,kg,101.44,50.72,11.72,5,0,534.23,534.23,0,84.23,bank:534.23
KOS-2026-005014,2026-06-04,16:03,normal_sale,active,Walk-in,Coca-Cola 750ml,2,piece,40,80,16,28,0,534.23,534.23,0,84.23,bank:534.23
KOS-2026-005013,2026-06-04,14:16,normal_sale,active,Meena More,MDH Garam Masala 100g,1,piece,94.71,94.71,16.71,5,36.35,164.22,164.22,0,6.22,cash:164.22
KOS-2026-005013,2026-06-04,14:16,normal_sale,active,Meena More,Sona Masoori Rice (loose),1,kg,63.6,63.6,17.6,0,36.35,164.22,164.22,0,6.22,cash:164.22
KOS-2026-005013,2026-06-04,14:16,normal_sale,active,Meena More,KitKat 4-finger,2,piece,21.13,42.26,8.26,18,36.35,164.22,164.22,0,6.22,cash:164.22
KOS-2026-005012,2026-06-04,13:55,normal_sale,active,Sanjay Chavan,Lays Classic Salted 52g,1,piece,21.82,21.82,5.32,12,11.82,10,10,0,-6.5,cash:10
KOS-2026-005011,2026-06-04,12:48,normal_sale,active,Dattatray Chavan,Sona Masoori Rice (loose),5,kg,63.6,318,88,0,0,1028.71,1028.71,0,207.41,cash:1028.71
KOS-2026-005011,2026-06-04,12:48,normal_sale,active,Dattatray Chavan,Amul Ghee 500ml,1,piece,355,355,40,12,0,1028.71,1028.71,0,207.41,cash:1028.71
KOS-2026-005011,2026-06-04,12:48,normal_sale,active,Dattatray Chavan,Sprite 750ml,1,piece,42.51,42.51,10.51,28,0,1028.71,1028.71,0,207.41,cash:1028.71
KOS-2026-005011,2026-06-04,12:48,normal_sale,active,Dattatray Chavan,Britannia Good Day 100g,4,piece,30.8,123.2,23.2,18,0,1028.71,1028.71,0,207.41,cash:1028.71
KOS-2026-005011,2026-06-04,12:48,normal_sale,active,Dattatray Chavan,Parle-G Biscuit 100g,1,piece,11,11,2.7,18,0,1028.71,1028.71,0,207.41,cash:1028.71
KOS-2026-005011,2026-06-04,12:48,normal_sale,active,Dattatray Chavan,Coca-Cola 750ml,1,piece,40,40,8,28,0,1028.71,1028.71,0,207.41,cash:1028.71
KOS-2026-005011,2026-06-04,12:48,normal_sale,active,Dattatray Chavan,Amul Taaza Milk 500ml,1,piece,28,28,3,0,0,1028.71,1028.71,0,207.41,cash:1028.71
KOS-2026-005011,2026-06-04,12:48,normal_sale,active,Dattatray Chavan,Toor Dal (loose),0.25,kg,148,37,7.5,0,0,1028.71,1028.71,0,207.41,cash:1028.71
KOS-2026-005011,2026-06-04,12:48,normal_sale,active,Dattatray Chavan,Poha (loose),0.25,kg,56,14,3.5,5,0,1028.71,1028.71,0,207.41,cash:1028.71
KOS-2026-005011,2026-06-04,12:48,normal_sale,active,Dattatray Chavan,Bisleri Water 1L,3,piece,20,60,21,18,0,1028.71,1028.71,0,207.41,cash:1028.71
KOS-2026-005010,2026-06-04,12:18,normal_sale,active,Jyoti Kulkarni,Good Knight Refill 45ml,2,piece,92.07,184.14,40.14,18,0,261.27,261.27,0,50.27,upi:261.27
KOS-2026-005010,2026-06-04,12:18,normal_sale,active,Jyoti Kulkarni,Amul Taaza Milk 500ml,2,piece,28,56,6,0,0,261.27,261.27,0,50.27,upi:261.27
KOS-2026-005010,2026-06-04,12:18,normal_sale,active,Jyoti Kulkarni,KitKat 4-finger,1,piece,21.13,21.13,4.13,18,0,261.27,261.27,0,50.27,upi:261.27
KOS-2026-005009,2026-06-04,12:15,normal_sale,active,Walk-in,Bisleri Water 1L,1,piece,20,20,7,18,0,643.6,643,0,118,cash:643
KOS-2026-005009,2026-06-04,12:15,normal_sale,active,Walk-in,Amul Butter 100g,3,piece,67.48,202.44,40.44,12,0,643.6,643,0,118,cash:643
KOS-2026-005009,2026-06-04,12:15,normal_sale,active,Walk-in,Nescafe Classic 50g,2,piece,200.58,401.16,65.16,18,0,643.6,643,0,118,cash:643
KOS-2026-005009,2026-06-04,12:15,normal_sale,active,Walk-in,Reynolds Pen,2,piece,10,20,6,12,0,643.6,643,0,118,cash:643
KOS-2026-005008,2026-06-04,12:12,normal_sale,active,Sanjay Chavan,Frooti 200ml,3,piece,10,30,4.5,12,0,192.71,192,0,40.5,cash:192
KOS-2026-005008,2026-06-04,12:12,normal_sale,active,Sanjay Chavan,Amul Gold Milk 500ml,1,piece,37.73,37.73,7.73,0,0,192.71,192,0,40.5,cash:192
KOS-2026-005008,2026-06-04,12:12,normal_sale,active,Sanjay Chavan,Thums Up 750ml,3,piece,41.66,124.98,28.98,28,0,192.71,192,0,40.5,cash:192
KOS-2026-005007,2026-06-04,12:08,normal_sale,active,Walk-in,Agarbatti Pack (20 sticks),1,piece,30,30,6,12,0,569.43,569.43,0,113.43,upi:569.43
KOS-2026-005007,2026-06-04,12:08,normal_sale,active,Walk-in,Coca-Cola 750ml,1,piece,40,40,8,28,0,569.43,569.43,0,113.43,upi:569.43
KOS-2026-005007,2026-06-04,12:08,normal_sale,active,Walk-in,Toor Dal (loose),1,kg,148,148,30,0,0,569.43,569.43,0,113.43,upi:569.43
KOS-2026-005007,2026-06-04,12:08,normal_sale,active,Walk-in,Britannia Marie Gold 250g,2,piece,40.88,81.76,15.76,18,0,569.43,569.43,0,113.43,upi:569.43
KOS-2026-005007,2026-06-04,12:08,normal_sale,active,Walk-in,Potato,1,kg,27.6,27.6,9.6,0,0,569.43,569.43,0,113.43,upi:569.43
KOS-2026-005007,2026-06-04,12:08,normal_sale,active,Walk-in,Good Knight Refill 45ml,1,piece,92.07,92.07,20.07,18,0,569.43,569.43,0,113.43,upi:569.43
KOS-2026-005007,2026-06-04,12:08,normal_sale,active,Walk-in,Britannia Brown Bread,3,piece,50,150,24,0,0,569.43,569.43,0,113.43,upi:569.43
KOS-2026-005006,2026-06-04,12:04,normal_sale,active,Walk-in,Red Label Tea 250g,1,piece,155.56,155.56,27.56,5,0,206.5,206,0,37.5,cash:206
KOS-2026-005006,2026-06-04,12:04,normal_sale,active,Walk-in,Kurkure Masala Munch 70g,1,piece,20,20,3.5,12,0,206.5,206,0,37.5,cash:206
KOS-2026-005006,2026-06-04,12:04,normal_sale,active,Walk-in,Tata Salt 1kg,1,piece,30.94,30.94,6.94,0,0,206.5,206,0,37.5,cash:206
KOS-2026-005005,2026-06-04,11:36,normal_sale,active,Sneha Patil,Center Fresh Gum (jar pc),2,piece,1.07,2.14,0.44,18,0,211.75,211.75,0,48.55,upi:211.75
KOS-2026-005005,2026-06-04,11:36,normal_sale,active,Sneha Patil,Gillette Guard Razor,3,piece,36.91,110.73,26.73,18,0,211.75,211.75,0,48.55,upi:211.75
KOS-2026-005005,2026-06-04,11:36,normal_sale,active,Sneha Patil,Tata Salt 1kg,2,piece,30.94,61.88,13.88,0,0,211.75,211.75,0,48.55,upi:211.75
KOS-2026-005005,2026-06-04,11:36,normal_sale,active,Sneha Patil,Toor Dal (loose),0.25,kg,148,37,7.5,0,0,211.75,211.75,0,48.55,upi:211.75
KOS-2026-005004,2026-06-04,11:33,normal_sale,active,Meena Chavan,5 Star 25g,1,piece,10.53,10.53,2.03,18,0,30.53,30.53,0,5.53,upi:30.53
KOS-2026-005004,2026-06-04,11:33,normal_sale,active,Meena Chavan,Kurkure Masala Munch 70g,1,piece,20,20,3.5,12,0,30.53,30.53,0,5.53,upi:30.53
KOS-2026-005003,2026-06-04,11:21,normal_sale,active,Walk-in,Thums Up 750ml,1,piece,41.66,41.66,9.66,28,25,1010.83,1010.83,0,189.33,upi:1010.83
KOS-2026-005003,2026-06-04,11:21,normal_sale,active,Walk-in,Surf Excel Easy Wash 1kg,2,piece,155.05,310.1,74.1,18,25,1010.83,1010.83,0,189.33,upi:1010.83
KOS-2026-005003,2026-06-04,11:21,normal_sale,active,Walk-in,Sprite 750ml,1,piece,42.51,42.51,10.51,28,25,1010.83,1010.83,0,189.33,upi:1010.83
KOS-2026-005003,2026-06-04,11:21,normal_sale,active,Walk-in,Maggi Noodles 70g,2,piece,14.47,28.94,5.94,12,25,1010.83,1010.83,0,189.33,upi:1010.83
KOS-2026-005003,2026-06-04,11:21,normal_sale,active,Walk-in,Fortune Sunflower Oil 1L,1,piece,167.9,167.9,29.9,5,25,1010.83,1010.83,0,189.33,upi:1010.83
KOS-2026-005003,2026-06-04,11:21,normal_sale,active,Walk-in,Colgate Strong Teeth 200g,1,piece,114.06,114.06,22.06,18,25,1010.83,1010.83,0,189.33,upi:1010.83
KOS-2026-005003,2026-06-04,11:21,normal_sale,active,Walk-in,Mother Dairy Paneer 200g,1,piece,105,105,17,5,25,1010.83,1010.83,0,189.33,upi:1010.83
KOS-2026-005003,2026-06-04,11:21,normal_sale,active,Walk-in,Agarbatti Pack (20 sticks),1,piece,30,30,6,12,25,1010.83,1010.83,0,189.33,upi:1010.83
KOS-2026-005003,2026-06-04,11:21,normal_sale,active,Walk-in,Chana Dal (loose),0.5,kg,92,46,9,0,25,1010.83,1010.83,0,189.33,upi:1010.83
KOS-2026-005003,2026-06-04,11:21,normal_sale,active,Walk-in,Onion,0.5,kg,35.9,17.95,5.95,0,25,1010.83,1010.83,0,189.33,upi:1010.83
KOS-2026-005003,2026-06-04,11:21,normal_sale,active,Walk-in,Toor Dal (loose),0.25,kg,148,37,7.5,0,25,1010.83,1010.83,0,189.33,upi:1010.83
KOS-2026-005003,2026-06-04,11:21,normal_sale,active,Walk-in,MDH Garam Masala 100g,1,piece,94.71,94.71,16.71,5,25,1010.83,1010.83,0,189.33,upi:1010.83
EST-2026-000056,2026-06-04,11:10,estimate,active,Walk-in,Potato,0.25,kg,27.6,6.9,2.4,0,0,753.9,753.9,0,108.8,cash:753.9
EST-2026-000056,2026-06-04,11:10,estimate,active,Walk-in,Oreo Biscuit 120g,1,piece,35,35,5,18,0,753.9,753.9,0,108.8,cash:753.9
EST-2026-000056,2026-06-04,11:10,estimate,active,Walk-in,Tata Tea Gold 500g,2,piece,305,610,80,5,0,753.9,753.9,0,108.8,cash:753.9
EST-2026-000056,2026-06-04,11:10,estimate,active,Walk-in,Parle-G Biscuit 100g,2,piece,11,22,5.4,18,0,753.9,753.9,0,108.8,cash:753.9
EST-2026-000056,2026-06-04,11:10,estimate,active,Walk-in,Amul Masti Dahi 400g,2,piece,40,80,16,5,0,753.9,753.9,0,108.8,cash:753.9
KOS-2026-005002,2026-06-04,11:03,normal_sale,active,Manisha Chavan,Parachute Coconut Oil 200ml,1,piece,104.12,104.12,22.12,18,0,2204.53,2204,0,473,cash:2204
KOS-2026-005002,2026-06-04,11:03,normal_sale,active,Manisha Chavan,Tata Salt 1kg,4,piece,30.94,123.76,27.76,0,0,2204.53,2204,0,473,cash:2204
KOS-2026-005002,2026-06-04,11:03,normal_sale,active,Manisha Chavan,Rajma (loose),2,kg,138,276,60,0,0,2204.53,2204,0,473,cash:2204
KOS-2026-005002,2026-06-04,11:03,normal_sale,active,Manisha Chavan,Sugar (loose),0.5,kg,49.89,24.95,4.45,5,0,2204.53,2204,0,473,cash:2204
KOS-2026-005002,2026-06-04,11:03,normal_sale,active,Manisha Chavan,Maggi Noodles 70g,2,piece,14.47,28.94,5.94,12,0,2204.53,2204,0,473,cash:2204
KOS-2026-005002,2026-06-04,11:03,normal_sale,active,Manisha Chavan,Maggi Noodles 8-pack,2,piece,108,216,32,12,0,2204.53,2204,0,473,cash:2204
KOS-2026-005002,2026-06-04,11:03,normal_sale,active,Manisha Chavan,Moong Dal (loose),0.25,kg,129.02,32.26,8.26,0,0,2204.53,2204,0,473,cash:2204
KOS-2026-005002,2026-06-04,11:03,normal_sale,active,Manisha Chavan,Bisleri Water 1L,1,piece,20,20,7,18,0,2204.53,2204,0,473,cash:2204
KOS-2026-005002,2026-06-04,11:03,normal_sale,active,Manisha Chavan,Frooti 200ml,1,piece,10,10,1.5,12,0,2204.53,2204,0,473,cash:2204
KOS-2026-005002,2026-06-04,11:03,normal_sale,active,Manisha Chavan,Camphor 50g,2,piece,58.45,116.9,32.9,12,0,2204.53,2204,0,473,cash:2204
KOS-2026-005002,2026-06-04,11:03,normal_sale,active,Manisha Chavan,Horlicks 500g,4,piece,312.9,1251.6,271.6,18,0,2204.53,2204,0,473,cash:2204
KOS-2026-005001,2026-06-04,11:02,normal_sale,active,Gurpreet Dsouza,Maggi Noodles 8-pack,2,piece,108,216,32,12,0,216,216,0,32,upi:216
KOS-2026-005000,2026-06-04,10:22,normal_sale,active,Ashok Khan,Kissan Tomato Ketchup 500g,1,piece,119.13,119.13,31.13,12,0,309.13,309,0,56,cash:309
KOS-2026-005000,2026-06-04,10:22,normal_sale,active,Ashok Khan,Saffola Gold Oil 1L,1,piece,190,190,25,5,0,309.13,309,0,56,cash:309
KOS-2026-004999,2026-06-04,09:53,normal_sale,active,Rohit Pawar,Catch Red Chilli Powder 100g,1,piece,60,60,12,5,38.27,41.73,41,0,-20,cash:41
KOS-2026-004999,2026-06-04,09:53,normal_sale,active,Rohit Pawar,Bisleri Water 1L,1,piece,20,20,7,18,38.27,41.73,41,0,-20,cash:41
KOS-2026-004998,2026-06-04,09:43,normal_sale,active,Nasreen Jadhav,Nescafe Classic 50g,4,piece,200.58,802.32,130.32,18,7.86,866.25,866.25,0,137.4,cash:866.25
KOS-2026-004998,2026-06-04,09:43,normal_sale,active,Nasreen Jadhav,Center Fresh Gum (jar pc),1,piece,1.07,1.07,0.22,18,7.86,866.25,866.25,0,137.4,cash:866.25
KOS-2026-004998,2026-06-04,09:43,normal_sale,active,Nasreen Jadhav,Besan (loose),0.5,kg,101.44,50.72,11.72,5,7.86,866.25,866.25,0,137.4,cash:866.25
KOS-2026-004998,2026-06-04,09:43,normal_sale,active,Nasreen Jadhav,Frooti 200ml,2,piece,10,20,3,12,7.86,866.25,866.25,0,137.4,cash:866.25
KOS-2026-004997,2026-06-04,09:07,normal_sale,active,Walk-in,AA Battery (2 pc),1,piece,36,36,8,18,0,616.39,616.39,0,105.04,upi:616.39
KOS-2026-004997,2026-06-04,09:07,normal_sale,active,Walk-in,Rajma (loose),0.25,kg,138,34.5,7.5,0,0,616.39,616.39,0,105.04,upi:616.39
KOS-2026-004997,2026-06-04,09:07,normal_sale,active,Walk-in,Toor Dal (loose),1,kg,148,148,30,0,0,616.39,616.39,0,105.04,upi:616.39
KOS-2026-004997,2026-06-04,09:07,normal_sale,active,Walk-in,Tata Tea Gold 500g,1,piece,305,305,40,5,0,616.39,616.39,0,105.04,upi:616.39
KOS-2026-004997,2026-06-04,09:07,normal_sale,active,Walk-in,Lifebuoy Soap 125g,2,piece,35,70,14,18,0,616.39,616.39,0,105.04,upi:616.39
KOS-2026-004997,2026-06-04,09:07,normal_sale,active,Walk-in,Lays Classic Salted 52g,1,piece,21.82,21.82,5.32,12,0,616.39,616.39,0,105.04,upi:616.39
KOS-2026-004997,2026-06-04,09:07,normal_sale,active,Walk-in,Center Fresh Gum (jar pc),1,piece,1.07,1.07,0.22,18,0,616.39,616.39,0,105.04,upi:616.39
KOS-2026-004996,2026-06-04,08:52,normal_sale,active,Walk-in,Thums Up 750ml,1,piece,41.66,41.66,9.66,28,0,61.66,61.66,0,12.66,cash:61.66
KOS-2026-004996,2026-06-04,08:52,normal_sale,active,Walk-in,Frooti 200ml,2,piece,10,20,3,12,0,61.66,61.66,0,12.66,cash:61.66
KOS-2026-004995,2026-06-03,21:42,normal_sale,active,Ganesh Joshi,Real Mixed Fruit Juice 1L,1,piece,131.29,131.29,26.29,12,0,441.64,441.64,0,118.14,upi:441.64
KOS-2026-004995,2026-06-03,21:42,normal_sale,active,Ganesh Joshi,Onion,5,kg,35.9,179.5,59.5,0,0,441.64,441.64,0,118.14,upi:441.64
KOS-2026-004995,2026-06-03,21:42,normal_sale,active,Ganesh Joshi,Rava / Sooji (loose),1,kg,50.32,50.32,14.32,5,0,441.64,441.64,0,118.14,upi:441.64
KOS-2026-004995,2026-06-03,21:42,normal_sale,active,Ganesh Joshi,Tomato,0.25,kg,42.13,10.53,4.03,0,0,441.64,441.64,0,118.14,upi:441.64
KOS-2026-004995,2026-06-03,21:42,normal_sale,active,Ganesh Joshi,Lifebuoy Soap 125g,2,piece,35,70,14,18,0,441.64,441.64,0,118.14,upi:441.64
KOS-2026-004994,2026-06-03,21:40,normal_sale,active,Rohit Bhosale,Chana Dal (loose),0.25,kg,92,23,4.5,0,0,994.96,994,0,192.3,cash:994
KOS-2026-004994,2026-06-03,21:40,normal_sale,active,Rohit Bhosale,Thums Up 750ml,1,piece,41.66,41.66,9.66,28,0,994.96,994,0,192.3,cash:994
KOS-2026-004994,2026-06-03,21:40,normal_sale,active,Rohit Bhosale,Tata Salt 1kg,1,piece,30.94,30.94,6.94,0,0,994.96,994,0,192.3,cash:994
KOS-2026-004994,2026-06-03,21:40,normal_sale,active,Rohit Bhosale,Real Mixed Fruit Juice 1L,3,piece,131.29,393.87,78.87,12,0,994.96,994,0,192.3,cash:994
KOS-2026-004994,2026-06-03,21:40,normal_sale,active,Rohit Bhosale,Lux Soap 100g,1,piece,39.81,39.81,9.81,18,0,994.96,994,0,192.3,cash:994
KOS-2026-004994,2026-06-03,21:40,normal_sale,active,Rohit Bhosale,Fortune Sunflower Oil 1L,2,piece,167.9,335.8,59.8,5,0,994.96,994,0,192.3,cash:994
KOS-2026-004994,2026-06-03,21:40,normal_sale,active,Rohit Bhosale,Britannia Brown Bread,2,piece,50,100,16,0,0,994.96,994,0,192.3,cash:994
KOS-2026-004994,2026-06-03,21:40,normal_sale,active,Rohit Bhosale,Vim Dishwash Bar 200g,1,piece,21.3,21.3,5.3,18,0,994.96,994,0,192.3,cash:994
KOS-2026-004994,2026-06-03,21:40,normal_sale,active,Rohit Bhosale,Farm Eggs,1,piece,8.58,8.58,2.38,0,0,994.96,994,0,192.3,cash:994
KOS-2026-004993,2026-06-03,21:33,normal_sale,active,Walk-in,Lemon,2,piece,5,10,3.6,0,0,124.59,124.59,0,30.19,upi:124.59
KOS-2026-004993,2026-06-03,21:33,normal_sale,active,Walk-in,Groundnut / Peanut (loose),1,kg,114.59,114.59,26.59,5,0,124.59,124.59,0,30.19,upi:124.59
KOS-2026-004992,2026-06-03,21:22,normal_sale,active,Sneha Chavan,Reynolds Pen,5,piece,10,50,15,12,0,665.25,665,0,156.8,cash:665
KOS-2026-004992,2026-06-03,21:22,normal_sale,active,Sneha Chavan,Good Knight Refill 45ml,1,piece,92.07,92.07,20.07,18,0,665.25,665,0,156.8,cash:665
KOS-2026-004992,2026-06-03,21:22,normal_sale,active,Sneha Chavan,Wheat Atta (loose),0.25,kg,43.91,10.98,2.98,0,0,665.25,665,0,156.8,cash:665
KOS-2026-004992,2026-06-03,21:22,normal_sale,active,Sneha Chavan,Besan (loose),5,kg,101.44,507.2,117.2,5,0,665.25,665,0,156.8,cash:665
KOS-2026-004992,2026-06-03,21:22,normal_sale,active,Sneha Chavan,Lemon,1,piece,5,5,1.8,0,0,665.25,665,0,156.8,cash:665
KOS-2026-004991,2026-06-03,21:01,normal_sale,active,Walk-in,Vim Liquid 500ml,1,piece,118,118,20,18,0,239.21,239.21,0,60.21,upi:239.21
KOS-2026-004991,2026-06-03,21:01,normal_sale,active,Walk-in,Ginger,0.5,kg,115.42,57.71,18.71,0,0,239.21,239.21,0,60.21,upi:239.21
KOS-2026-004991,2026-06-03,21:01,normal_sale,active,Walk-in,Onion,1,kg,35.9,35.9,11.9,0,0,239.21,239.21,0,60.21,upi:239.21
KOS-2026-004991,2026-06-03,21:01,normal_sale,active,Walk-in,Potato,1,kg,27.6,27.6,9.6,0,0,239.21,239.21,0,60.21,upi:239.21
KOS-2026-004990,2026-06-03,20:56,normal_sale,active,Walk-in,Britannia Good Day 100g,3,piece,30.8,92.4,17.4,18,0,239.73,239,0,55.2,cash:239
KOS-2026-004990,2026-06-03,20:56,normal_sale,active,Walk-in,Onion,1,kg,35.9,35.9,11.9,0,0,239.73,239,0,55.2,cash:239
KOS-2026-004990,2026-06-03,20:56,normal_sale,active,Walk-in,Lux Soap 100g,2,piece,39.81,79.62,19.62,18,0,239.73,239,0,55.2,cash:239
KOS-2026-004990,2026-06-03,20:56,normal_sale,active,Walk-in,Parle-G Biscuit 100g,1,piece,11,11,2.7,18,0,239.73,239,0,55.2,cash:239
KOS-2026-004990,2026-06-03,20:56,normal_sale,active,Walk-in,Bingo Mad Angles 66g,1,piece,20.81,20.81,4.31,12,0,239.73,239,0,55.2,cash:239
KOS-2026-004989,2026-06-03,20:21,normal_sale,active,Joseph Singh,Frooti 200ml,3,piece,10,30,4.5,12,0,30,0,30,4.5,
KOS-2026-004988,2026-06-03,20:12,normal_sale,active,Walk-in,Good Knight Refill 45ml,1,piece,92.07,92.07,20.07,18,0,547.78,547.78,0,107.78,cash:547.78
KOS-2026-004988,2026-06-03,20:12,normal_sale,active,Walk-in,Red Label Tea 250g,2,piece,155.56,311.12,55.12,5,0,547.78,547.78,0,107.78,cash:547.78
KOS-2026-004988,2026-06-03,20:12,normal_sale,active,Walk-in,Agarbatti Pack (20 sticks),1,piece,30,30,6,12,0,547.78,547.78,0,107.78,cash:547.78
KOS-2026-004988,2026-06-03,20:12,normal_sale,active,Walk-in,Groundnut / Peanut (loose),1,kg,114.59,114.59,26.59,5,0,547.78,547.78,0,107.78,cash:547.78
KOS-2026-004987,2026-06-03,19:59,normal_sale,active,Swati Chavan,Lemon,7,piece,5,35,12.6,0,0,235.58,235,0,44.6,cash:235
KOS-2026-004987,2026-06-03,19:59,normal_sale,active,Swati Chavan,Nescafe Classic 50g,1,piece,200.58,200.58,32.58,18,0,235.58,235,0,44.6,cash:235
KOS-2026-004986,2026-06-03,19:20,normal_sale,active,Walk-in,Potato,2,kg,27.6,55.2,19.2,0,33.98,93.02,93.02,0,8.02,upi:93.02
KOS-2026-004986,2026-06-03,19:20,normal_sale,active,Walk-in,Bisleri Water 1L,2,piece,20,40,14,18,33.98,93.02,93.02,0,8.02,upi:93.02
KOS-2026-004986,2026-06-03,19:20,normal_sale,active,Walk-in,Sona Masoori Rice (loose),0.5,kg,63.6,31.8,8.8,0,33.98,93.02,93.02,0,8.02,upi:93.02
KOS-2026-004985,2026-06-03,18:30,normal_sale,active,Ganesh Chavan,Dettol Antiseptic 250ml,2,piece,172.13,344.26,80.26,18,25,405.11,405.11,0,76.61,cash:405.11
KOS-2026-004985,2026-06-03,18:30,normal_sale,active,Ganesh Chavan,Rava / Sooji (loose),1,kg,50.32,50.32,14.32,5,25,405.11,405.11,0,76.61,cash:405.11
KOS-2026-004985,2026-06-03,18:30,normal_sale,active,Ganesh Chavan,Maggi Noodles 70g,1,piece,14.47,14.47,2.97,12,25,405.11,405.11,0,76.61,cash:405.11
KOS-2026-004985,2026-06-03,18:30,normal_sale,active,Ganesh Chavan,5 Star 25g,2,piece,10.53,21.06,4.06,18,25,405.11,405.11,0,76.61,cash:405.11
KOS-2026-004984,2026-06-03,18:25,normal_sale,active,Walk-in,KitKat 4-finger,1,piece,21.13,21.13,4.13,18,0,61.13,61,0,12,cash:61
KOS-2026-004984,2026-06-03,18:25,normal_sale,active,Walk-in,Coca-Cola 750ml,1,piece,40,40,8,28,0,61.13,61,0,12,cash:61
KOS-2026-004983,2026-06-03,18:15,normal_sale,active,Walk-in,Close Up Red 150g,1,piece,94.36,94.36,16.36,18,0,198.89,198,0,36,cash:198
KOS-2026-004983,2026-06-03,18:15,normal_sale,active,Walk-in,Sugar (loose),0.5,kg,49.89,24.95,4.45,5,0,198.89,198,0,36,cash:198
KOS-2026-004983,2026-06-03,18:15,normal_sale,active,Walk-in,Farm Eggs,1,piece,8.58,8.58,2.38,0,0,198.89,198,0,36,cash:198
KOS-2026-004983,2026-06-03,18:15,normal_sale,active,Walk-in,Parle-G Biscuit 100g,1,piece,11,11,2.7,18,0,198.89,198,0,36,cash:198
KOS-2026-004983,2026-06-03,18:15,normal_sale,active,Walk-in,Coca-Cola 750ml,1,piece,40,40,8,28,0,198.89,198,0,36,cash:198
KOS-2026-004983,2026-06-03,18:15,normal_sale,active,Walk-in,Frooti 200ml,2,piece,10,20,3,12,0,198.89,198,0,36,cash:198
KOS-2026-004982,2026-06-03,18:05,normal_sale,active,Walk-in,Catch Red Chilli Powder 100g,1,piece,60,60,12,5,0,492.16,492.16,0,105.16,upi:492.16
KOS-2026-004982,2026-06-03,18:05,normal_sale,active,Walk-in,Good Knight Refill 45ml,4,piece,92.07,368.28,80.28,18,0,492.16,492.16,0,105.16,upi:492.16
KOS-2026-004982,2026-06-03,18:05,normal_sale,active,Walk-in,Frooti 200ml,2,piece,10,20,3,12,0,492.16,492.16,0,105.16,upi:492.16
KOS-2026-004982,2026-06-03,18:05,normal_sale,active,Walk-in,Dairy Milk 50g,1,piece,43.88,43.88,9.88,18,0,492.16,492.16,0,105.16,upi:492.16
KOS-2026-004981,2026-06-03,17:56,normal_sale,active,Walk-in,Sunfeast Dark Fantasy 75g,1,piece,42.8,42.8,8.8,18,7.2,288.6,288.6,0,48.6,upi:288.6
KOS-2026-004981,2026-06-03,17:56,normal_sale,active,Walk-in,Toor Dal (loose),1,kg,148,148,30,0,7.2,288.6,288.6,0,48.6,upi:288.6
KOS-2026-004981,2026-06-03,17:56,normal_sale,active,Walk-in,Mother Dairy Paneer 200g,1,piece,105,105,17,5,7.2,288.6,288.6,0,48.6,upi:288.6
KOS-2026-004980,2026-06-03,17:15,normal_sale,active,Walk-in,Camphor 50g,1,piece,58.45,58.45,16.45,12,0,242.74,242.74,0,52.89,upi:242.74
KOS-2026-004980,2026-06-03,17:15,normal_sale,active,Walk-in,Center Fresh Gum (jar pc),1,piece,1.07,1.07,0.22,18,0,242.74,242.74,0,52.89,upi:242.74
KOS-2026-004980,2026-06-03,17:15,normal_sale,active,Walk-in,MDH Garam Masala 100g,1,piece,94.71,94.71,16.71,5,0,242.74,242.74,0,52.89,upi:242.74
KOS-2026-004980,2026-06-03,17:15,normal_sale,active,Walk-in,Chana Dal (loose),0.5,kg,92,46,9,0,0,242.74,242.74,0,52.89,upi:242.74
KOS-2026-004980,2026-06-03,17:15,normal_sale,active,Walk-in,Sprite 750ml,1,piece,42.51,42.51,10.51,28,0,242.74,242.74,0,52.89,upi:242.74
KOS-2026-004979,2026-06-03,17:03,normal_sale,active,Walk-in,Tata Salt 1kg,1,piece,30.94,30.94,6.94,0,0,63.76,63.76,0,14.96,upi:63.76
KOS-2026-004979,2026-06-03,17:03,normal_sale,active,Walk-in,Parle-G Biscuit 100g,1,piece,11,11,2.7,18,0,63.76,63.76,0,14.96,upi:63.76
KOS-2026-004979,2026-06-03,17:03,normal_sale,active,Walk-in,Lays Classic Salted 52g,1,piece,21.82,21.82,5.32,12,0,63.76,63.76,0,14.96,upi:63.76
KOS-2026-004978,2026-06-03,15:58,normal_sale,active,Kiran Rane,Thums Up 750ml,1,piece,41.66,41.66,9.66,28,0,41.66,41,0,9,cash:41
KOS-2026-004977,2026-06-03,14:58,normal_sale,active,Walk-in,Amul Masti Dahi 400g,2,piece,40,80,16,5,0,80,80,0,16,upi:80
KOS-2026-004976,2026-06-03,12:31,normal_sale,active,Ganesh Sharma,Kissan Tomato Ketchup 500g,2,piece,119.13,238.26,62.26,12,0,889.35,889.35,0,195.8,cash:889.35
KOS-2026-004976,2026-06-03,12:31,normal_sale,active,Ganesh Sharma,Parle-G Biscuit 100g,1,piece,11,11,2.7,18,0,889.35,889.35,0,195.8,cash:889.35
KOS-2026-004976,2026-06-03,12:31,normal_sale,active,Ganesh Sharma,Sugar (loose),0.25,kg,49.89,12.47,2.22,5,0,889.35,889.35,0,195.8,cash:889.35
KOS-2026-004976,2026-06-03,12:31,normal_sale,active,Ganesh Sharma,Toor Dal (loose),0.25,kg,148,37,7.5,0,0,889.35,889.35,0,195.8,cash:889.35
KOS-2026-004976,2026-06-03,12:31,normal_sale,active,Ganesh Sharma,Real Mixed Fruit Juice 1L,4,piece,131.29,525.16,105.16,12,0,889.35,889.35,0,195.8,cash:889.35
KOS-2026-004976,2026-06-03,12:31,normal_sale,active,Ganesh Sharma,Lays Classic Salted 52g,3,piece,21.82,65.46,15.96,12,0,889.35,889.35,0,195.8,cash:889.35
KOS-2026-004975,2026-06-03,12:15,normal_sale,active,Walk-in,Maggi Noodles 70g,1,piece,14.47,14.47,2.97,12,0,14.47,14.47,0,2.97,upi:14.47
KOS-2026-004974,2026-06-03,12:08,normal_sale,active,Vijay More,Surf Excel Easy Wash 1kg,1,piece,155.05,155.05,37.05,18,225,414.07,414,0,-115,cash:414
KOS-2026-004974,2026-06-03,12:08,normal_sale,active,Vijay More,Amul Ghee 500ml,1,piece,355,355,40,12,225,414.07,414,0,-115,cash:414
KOS-2026-004974,2026-06-03,12:08,normal_sale,active,Vijay More,Moong Dal (loose),1,kg,129.02,129.02,33.02,0,225,414.07,414,0,-115,cash:414
KOS-2026-004973,2026-06-03,11:35,normal_sale,active,Walk-in,Red Label Tea 250g,3,piece,155.56,466.68,82.68,5,0,523.28,523.28,0,101.78,upi:523.28
KOS-2026-004973,2026-06-03,11:35,normal_sale,active,Walk-in,Maggi Noodles 70g,1,piece,14.47,14.47,2.97,12,0,523.28,523.28,0,101.78,upi:523.28
KOS-2026-004973,2026-06-03,11:35,normal_sale,active,Walk-in,Tomato,1,kg,42.13,42.13,16.13,0,0,523.28,523.28,0,101.78,upi:523.28
KOS-2026-004972,2026-06-03,11:22,normal_sale,active,Walk-in,Dettol Antiseptic 250ml,1,piece,172.13,172.13,40.13,18,25,695.23,695.23,0,130.73,upi:695.23
KOS-2026-004972,2026-06-03,11:22,normal_sale,active,Walk-in,Everest Turmeric 200g,1,piece,76,76,14,5,25,695.23,695.23,0,130.73,upi:695.23
KOS-2026-004972,2026-06-03,11:22,normal_sale,active,Walk-in,Toor Dal (loose),0.25,kg,148,37,7.5,0,25,695.23,695.23,0,130.73,upi:695.23
KOS-2026-004972,2026-06-03,11:22,normal_sale,active,Walk-in,Lizol Floor Cleaner 500ml,1,piece,125,125,20,18,25,695.23,695.23,0,130.73,upi:695.23
KOS-2026-004972,2026-06-03,11:22,normal_sale,active,Walk-in,Surf Excel Easy Wash 1kg,2,piece,155.05,310.1,74.1,18,25,695.23,695.23,0,130.73,upi:695.23
KOS-2026-004971,2026-06-03,11:21,normal_sale,active,Walk-in,Match Box,2,piece,2.12,4.24,2.04,18,0,31.84,31.84,0,11.64,upi:31.84
KOS-2026-004971,2026-06-03,11:21,normal_sale,active,Walk-in,Potato,1,kg,27.6,27.6,9.6,0,0,31.84,31.84,0,11.64,upi:31.84
EST-2026-000055,2026-06-03,10:32,estimate,active,Ganesh Verma,Kurkure Masala Munch 70g,1,piece,20,20,3.5,12,0,1758.79,1758.79,0,278.29,cash:1758.79
EST-2026-000055,2026-06-03,10:32,estimate,active,Ganesh Verma,Wheat Atta (loose),2,kg,43.91,87.82,23.82,0,0,1758.79,1758.79,0,278.29,cash:1758.79
EST-2026-000055,2026-06-03,10:32,estimate,active,Ganesh Verma,Aashirvaad Atta 5kg,4,piece,285,1140,160,5,0,1758.79,1758.79,0,278.29,cash:1758.79
EST-2026-000055,2026-06-03,10:32,estimate,active,Ganesh Verma,Dettol Antiseptic 250ml,1,piece,172.13,172.13,40.13,18,0,1758.79,1758.79,0,278.29,cash:1758.79
EST-2026-000055,2026-06-03,10:32,estimate,active,Ganesh Verma,Lifebuoy Soap 125g,2,piece,35,70,14,18,0,1758.79,1758.79,0,278.29,cash:1758.79
EST-2026-000055,2026-06-03,10:32,estimate,active,Ganesh Verma,Bournvita 500g,1,piece,282.99,268.84,36.84,18,0,1758.79,1758.79,0,278.29,cash:1758.79
KOS-2026-004970,2026-06-03,09:50,normal_sale,active,Walk-in,KitKat 4-finger,2,piece,21.13,42.26,8.26,18,0,53.24,53.24,0,11.24,cash:35|upi:18.24
KOS-2026-004970,2026-06-03,09:50,normal_sale,active,Walk-in,Wheat Atta (loose),0.25,kg,43.91,10.98,2.98,0,0,53.24,53.24,0,11.24,cash:35|upi:18.24
KOS-2026-004969,2026-06-03,08:55,normal_sale,active,Smita Bhosale,Vim Dishwash Bar 200g,1,piece,21.3,21.3,5.3,18,0,52.1,52,0,11,cash:52
KOS-2026-004969,2026-06-03,08:55,normal_sale,active,Smita Bhosale,Britannia Good Day 100g,1,piece,30.8,30.8,5.8,18,0,52.1,52,0,11,cash:52
KOS-2026-004968,2026-06-03,08:55,normal_sale,active,Prakash Dsouza,Lux Soap 100g,1,piece,39.81,39.81,9.81,18,0,39.81,39.81,0,9.81,upi:39.81
KOS-2026-004967,2026-06-03,08:52,normal_sale,active,Walk-in,Agarbatti Pack (20 sticks),1,piece,30,30,6,12,0,30,30,0,6,cash:30
KOS-2026-004966,2026-06-03,08:45,normal_sale,active,Walk-in,Sunfeast Dark Fantasy 75g,3,piece,42.8,128.4,26.4,18,0,128.4,128.4,0,26.4,upi:128.4
KOS-2026-004965,2026-06-03,08:06,normal_sale,active,Walk-in,Bingo Mad Angles 66g,1,piece,20.81,20.81,4.31,12,0,600.07,600.07,0,142.47,upi:600.07
KOS-2026-004965,2026-06-03,08:06,normal_sale,active,Walk-in,Sugar (loose),1,kg,49.89,49.89,8.89,5,0,600.07,600.07,0,142.47,upi:600.07
KOS-2026-004965,2026-06-03,08:06,normal_sale,active,Walk-in,Groundnut / Peanut (loose),0.5,kg,114.59,57.3,13.3,5,0,600.07,600.07,0,142.47,upi:600.07
KOS-2026-004965,2026-06-03,08:06,normal_sale,active,Walk-in,Ginger,1,kg,115.42,115.42,37.42,0,0,600.07,600.07,0,142.47,upi:600.07
KOS-2026-004965,2026-06-03,08:06,normal_sale,active,Walk-in,Wheat Atta (loose),0.25,kg,43.91,10.98,2.98,0,0,600.07,600.07,0,142.47,upi:600.07
KOS-2026-004965,2026-06-03,08:06,normal_sale,active,Walk-in,Match Box,1,piece,2.12,2.12,1.02,18,0,600.07,600.07,0,142.47,upi:600.07
KOS-2026-004965,2026-06-03,08:06,normal_sale,active,Walk-in,Kurkure Masala Munch 70g,2,piece,20,40,7,12,0,600.07,600.07,0,142.47,upi:600.07
KOS-2026-004965,2026-06-03,08:06,normal_sale,active,Walk-in,Gillette Guard Razor,1,piece,36.91,36.91,8.91,18,0,600.07,600.07,0,142.47,upi:600.07
KOS-2026-004965,2026-06-03,08:06,normal_sale,active,Walk-in,Harpic Toilet Cleaner 500ml,2,piece,112.02,224.04,48.04,18,0,600.07,600.07,0,142.47,upi:600.07
KOS-2026-004965,2026-06-03,08:06,normal_sale,active,Walk-in,Vim Dishwash Bar 200g,2,piece,21.3,42.6,10.6,18,0,600.07,600.07,0,142.47,upi:600.07
KOS-2026-004964,2026-06-02,21:33,normal_sale,active,Salim Verma,Groundnut / Peanut (loose),0.25,kg,114.59,28.65,6.65,5,25,285.4,285,0,45,cash:285
KOS-2026-004964,2026-06-02,21:33,normal_sale,active,Salim Verma,Dove Soap 100g,1,piece,68,68,13,18,25,285.4,285,0,45,cash:285
KOS-2026-004964,2026-06-02,21:33,normal_sale,active,Salim Verma,Thums Up 750ml,3,piece,41.66,124.98,28.98,28,25,285.4,285,0,45,cash:285
KOS-2026-004964,2026-06-02,21:33,normal_sale,active,Salim Verma,Besan (loose),0.25,kg,101.44,25.36,5.86,5,25,285.4,285,0,45,cash:285
KOS-2026-004964,2026-06-02,21:33,normal_sale,active,Salim Verma,Maggi Noodles 70g,3,piece,14.47,43.41,8.91,12,25,285.4,285,0,45,cash:285
KOS-2026-004964,2026-06-02,21:33,normal_sale,active,Salim Verma,Bisleri Water 1L,1,piece,20,20,7,18,25,285.4,285,0,45,cash:285
KOS-2026-004963,2026-06-02,21:22,normal_sale,active,Walk-in,Frooti 200ml,3,piece,10,30,4.5,12,0,413.11,413,0,86.3,cash:413
KOS-2026-004963,2026-06-02,21:22,normal_sale,active,Walk-in,Besan (loose),1,kg,101.44,101.44,23.44,5,0,413.11,413,0,86.3,cash:413
KOS-2026-004963,2026-06-02,21:22,normal_sale,active,Walk-in,Sunfeast Dark Fantasy 75g,1,piece,42.8,42.8,8.8,18,0,413.11,413,0,86.3,cash:413
KOS-2026-004963,2026-06-02,21:22,normal_sale,active,Walk-in,Lemon,1,piece,5,5,1.8,0,0,413.11,413,0,86.3,cash:413
KOS-2026-004963,2026-06-02,21:22,normal_sale,active,Walk-in,Lux Soap 100g,1,piece,39.81,39.81,9.81,18,0,413.11,413,0,86.3,cash:413
KOS-2026-004963,2026-06-02,21:22,normal_sale,active,Walk-in,Colgate Strong Teeth 200g,1,piece,114.06,114.06,22.06,18,0,413.11,413,0,86.3,cash:413
KOS-2026-004963,2026-06-02,21:22,normal_sale,active,Walk-in,Amul Masti Dahi 400g,2,piece,40,80,16,5,0,413.11,413,0,86.3,cash:413
KOS-2026-004962,2026-06-02,21:18,normal_sale,active,Walk-in,Haldiram Bhujia 200g,1,piece,57.38,57.38,12.38,12,0,1935.17,1935.17,0,414.67,upi:1935.17
KOS-2026-004962,2026-06-02,21:18,normal_sale,active,Walk-in,5 Star 25g,2,piece,10.53,21.06,4.06,18,0,1935.17,1935.17,0,414.67,upi:1935.17
KOS-2026-004962,2026-06-02,21:18,normal_sale,active,Walk-in,Ginger,5,kg,115.42,577.1,187.1,0,0,1935.17,1935.17,0,414.67,upi:1935.17
KOS-2026-004962,2026-06-02,21:18,normal_sale,active,Walk-in,Fortune Sunflower Oil 1L,1,piece,167.9,167.9,29.9,5,0,1935.17,1935.17,0,414.67,upi:1935.17
KOS-2026-004962,2026-06-02,21:18,normal_sale,active,Walk-in,Aashirvaad Atta 5kg,1,piece,285,285,40,5,0,1935.17,1935.17,0,414.67,upi:1935.17
KOS-2026-004962,2026-06-02,21:18,normal_sale,active,Walk-in,Bisleri Water 1L,2,piece,20,40,14,18,0,1935.17,1935.17,0,414.67,upi:1935.17
KOS-2026-004962,2026-06-02,21:18,normal_sale,active,Walk-in,Britannia Good Day 100g,1,piece,30.8,30.8,5.8,18,0,1935.17,1935.17,0,414.67,upi:1935.17
KOS-2026-004962,2026-06-02,21:18,normal_sale,active,Walk-in,Red Label Tea 250g,3,piece,155.56,443.35,59.35,5,0,1935.17,1935.17,0,414.67,upi:1935.17
KOS-2026-004962,2026-06-02,21:18,normal_sale,active,Walk-in,Coca-Cola 750ml,1,piece,40,40,8,28,0,1935.17,1935.17,0,414.67,upi:1935.17
KOS-2026-004962,2026-06-02,21:18,normal_sale,active,Walk-in,Frooti 200ml,1,piece,10,10,1.5,12,0,1935.17,1935.17,0,414.67,upi:1935.17
KOS-2026-004962,2026-06-02,21:18,normal_sale,active,Walk-in,Real Mixed Fruit Juice 1L,2,piece,131.29,262.58,52.58,12,0,1935.17,1935.17,0,414.67,upi:1935.17
KOS-2026-004961,2026-06-02,21:11,normal_sale,active,Meena More,Lays Classic Salted 52g,3,piece,21.82,65.46,15.96,12,0,65.46,65.46,0,15.96,upi:65.46
KOS-2026-004960,2026-06-02,20:28,normal_sale,active,Walk-in,Thums Up 750ml,1,piece,41.66,41.66,9.66,28,0,447.83,447.83,0,86.33,cash:447.83
KOS-2026-004960,2026-06-02,20:28,normal_sale,active,Walk-in,Maggi Noodles 8-pack,2,piece,108,216,32,12,0,447.83,447.83,0,86.33,cash:447.83
KOS-2026-004960,2026-06-02,20:28,normal_sale,active,Walk-in,Maggi Noodles 70g,1,piece,14.47,14.47,2.97,12,0,447.83,447.83,0,86.33,cash:447.83
KOS-2026-004960,2026-06-02,20:28,normal_sale,active,Walk-in,LED Bulb 9W,1,piece,99,99,21,12,0,447.83,447.83,0,86.33,cash:447.83
KOS-2026-004960,2026-06-02,20:28,normal_sale,active,Walk-in,Garlic,0.5,kg,153.4,76.7,20.7,0,0,447.83,447.83,0,86.33,cash:447.83
KOS-2026-004959,2026-06-02,20:08,normal_sale,active,Prakash Dsouza,Kurkure Masala Munch 70g,1,piece,20,20,3.5,12,0,410.43,410.43,0,86.93,upi:410.43
KOS-2026-004959,2026-06-02,20:08,normal_sale,active,Prakash Dsouza,Bisleri Water 1L,1,piece,20,20,7,18,0,410.43,410.43,0,86.93,upi:410.43
KOS-2026-004959,2026-06-02,20:08,normal_sale,active,Prakash Dsouza,Fortune Sunflower Oil 1L,1,piece,167.9,167.9,29.9,5,0,410.43,410.43,0,86.93,upi:410.43
KOS-2026-004959,2026-06-02,20:08,normal_sale,active,Prakash Dsouza,Coca-Cola 750ml,1,piece,40,40,8,28,0,410.43,410.43,0,86.93,upi:410.43
KOS-2026-004959,2026-06-02,20:08,normal_sale,active,Prakash Dsouza,Sprite 750ml,3,piece,42.51,127.53,31.53,28,0,410.43,410.43,0,86.93,upi:410.43
KOS-2026-004959,2026-06-02,20:08,normal_sale,active,Prakash Dsouza,Lifebuoy Soap 125g,1,piece,35,35,7,18,0,410.43,410.43,0,86.93,upi:410.43
KOS-2026-004958,2026-06-02,19:55,normal_sale,active,Walk-in,Amul Masti Dahi 400g,3,piece,40,120,24,5,0,797.89,797,0,131.5,cash:797
KOS-2026-004958,2026-06-02,19:55,normal_sale,active,Walk-in,Potato,0.25,kg,27.6,6.9,2.4,0,0,797.89,797,0,131.5,cash:797
KOS-2026-004958,2026-06-02,19:55,normal_sale,active,Walk-in,Coca-Cola 750ml,3,piece,40,120,24,28,0,797.89,797,0,131.5,cash:797
KOS-2026-004958,2026-06-02,19:55,normal_sale,active,Walk-in,Sugar (loose),2,kg,49.89,99.78,17.78,5,0,797.89,797,0,131.5,cash:797
KOS-2026-004958,2026-06-02,19:55,normal_sale,active,Walk-in,Tata Tea Gold 500g,1,piece,305,305,40,5,0,797.89,797,0,131.5,cash:797
KOS-2026-004958,2026-06-02,19:55,normal_sale,active,Walk-in,Amul Cheese Slices 200g,1,piece,146.21,146.21,24.21,12,0,797.89,797,0,131.5,cash:797
KOS-2026-004957,2026-06-02,19:10,normal_sale,active,Walk-in,5 Star 25g,1,piece,10.53,10.53,2.03,18,0,30.53,30.53,0,5.53,cash:30.53
KOS-2026-004957,2026-06-02,19:10,normal_sale,active,Walk-in,Kurkure Masala Munch 70g,1,piece,20,20,3.5,12,0,30.53,30.53,0,5.53,cash:30.53
KOS-2026-004956,2026-06-02,18:45,normal_sale,active,Deepak Rane,Lifebuoy Soap 125g,1,piece,35,35,7,18,0,365,365,0,65,cash:365
KOS-2026-004956,2026-06-02,18:45,normal_sale,active,Deepak Rane,Amul Masti Dahi 400g,1,piece,40,40,8,5,0,365,365,0,65,cash:365
KOS-2026-004956,2026-06-02,18:45,normal_sale,active,Deepak Rane,Mother Dairy Paneer 200g,2,piece,105,210,34,5,0,365,365,0,65,cash:365
KOS-2026-004956,2026-06-02,18:45,normal_sale,active,Deepak Rane,Coca-Cola 750ml,2,piece,40,80,16,28,0,365,365,0,65,cash:365
KOS-2026-004955,2026-06-02,18:37,normal_sale,active,Madhuri Jadhav,Thums Up 750ml,1,piece,41.66,41.66,9.66,28,0,375.86,375.86,0,82.86,upi:375.86
KOS-2026-004955,2026-06-02,18:37,normal_sale,active,Madhuri Jadhav,Horlicks 500g,1,piece,312.9,312.9,67.9,18,0,375.86,375.86,0,82.86,upi:375.86
KOS-2026-004955,2026-06-02,18:37,normal_sale,active,Madhuri Jadhav,Vim Dishwash Bar 200g,1,piece,21.3,21.3,5.3,18,0,375.86,375.86,0,82.86,upi:375.86
KOS-2026-004954,2026-06-02,18:28,normal_sale,active,Walk-in,Colgate Strong Teeth 200g,2,piece,114.06,228.12,44.12,18,25,383,383,0,57,cash:383
KOS-2026-004954,2026-06-02,18:28,normal_sale,active,Walk-in,Close Up Red 150g,1,piece,94.36,94.36,16.36,18,25,383,383,0,57,cash:383
KOS-2026-004954,2026-06-02,18:28,normal_sale,active,Walk-in,Thums Up 750ml,1,piece,41.66,41.66,9.66,28,25,383,383,0,57,cash:383
KOS-2026-004954,2026-06-02,18:28,normal_sale,active,Walk-in,Mustard Oil (loose),0.25,l,175.42,43.86,11.86,5,25,383,383,0,57,cash:383
KOS-2026-004953,2026-06-02,18:22,normal_sale,active,Walk-in,Dettol Antiseptic 250ml,1,piece,172.13,172.13,40.13,18,0,889.33,889,0,154.15,cash:889
KOS-2026-004953,2026-06-02,18:22,normal_sale,active,Walk-in,MDH Garam Masala 100g,3,piece,94.71,284.13,50.13,5,0,889.33,889,0,154.15,cash:889
KOS-2026-004953,2026-06-02,18:22,normal_sale,active,Walk-in,Center Fresh Gum (jar pc),1,piece,1.07,1.07,0.22,18,0,889.33,889,0,154.15,cash:889
KOS-2026-004953,2026-06-02,18:22,normal_sale,active,Walk-in,Maggi Noodles 8-pack,4,piece,108,432,64,12,0,889.33,889,0,154.15,cash:889
KOS-2026-004952,2026-06-02,18:19,normal_sale,active,Annapurna Mess & Canteen,Sona Masoori Rice (loose),1,kg,63.6,63.6,17.6,0,0,653.45,0,653.45,118.45,
KOS-2026-004952,2026-06-02,18:19,normal_sale,active,Annapurna Mess & Canteen,Britannia Marie Gold 250g,1,piece,40.88,40.88,7.88,18,0,653.45,0,653.45,118.45,
KOS-2026-004952,2026-06-02,18:19,normal_sale,active,Annapurna Mess & Canteen,Close Up Red 150g,1,piece,94.36,94.36,16.36,18,0,653.45,0,653.45,118.45,
KOS-2026-004952,2026-06-02,18:19,normal_sale,active,Annapurna Mess & Canteen,Onion,1,kg,35.9,35.9,11.9,0,0,653.45,0,653.45,118.45,
KOS-2026-004952,2026-06-02,18:19,normal_sale,active,Annapurna Mess & Canteen,Maggi Noodles 8-pack,3,piece,108,324,48,12,0,653.45,0,653.45,118.45,
KOS-2026-004952,2026-06-02,18:19,normal_sale,active,Annapurna Mess & Canteen,MDH Garam Masala 100g,1,piece,94.71,94.71,16.71,5,0,653.45,0,653.45,118.45,
KOS-2026-004951,2026-06-02,18:12,normal_sale,active,Walk-in,Ginger,1,kg,115.42,115.42,37.42,0,0,399.88,399,0,101,cash:399
KOS-2026-004951,2026-06-02,18:12,normal_sale,active,Walk-in,Onion,2,kg,35.9,71.8,23.8,0,0,399.88,399,0,101,cash:399
KOS-2026-004951,2026-06-02,18:12,normal_sale,active,Walk-in,Dove Soap 100g,2,piece,68,136,26,18,0,399.88,399,0,101,cash:399
KOS-2026-004951,2026-06-02,18:12,normal_sale,active,Walk-in,Oreo Biscuit 120g,1,piece,35,35,5,18,0,399.88,399,0,101,cash:399
KOS-2026-004951,2026-06-02,18:12,normal_sale,active,Walk-in,Thums Up 750ml,1,piece,41.66,41.66,9.66,28,0,399.88,399,0,101,cash:399
KOS-2026-004950,2026-06-02,18:08,normal_sale,active,Walk-in,Onion,2,kg,35.9,71.8,23.8,0,0,479.37,479.37,0,95.37,upi:479.37
KOS-2026-004950,2026-06-02,18:08,normal_sale,active,Walk-in,Dhara Mustard Oil 1L,1,piece,191.57,191.57,39.57,5,0,479.37,479.37,0,95.37,upi:479.37
KOS-2026-004950,2026-06-02,18:08,normal_sale,active,Walk-in,Maggi Noodles 8-pack,2,piece,108,216,32,12,0,479.37,479.37,0,95.37,upi:479.37
KOS-2026-004949,2026-06-02,18:04,normal_sale,active,Walk-in,Poha (loose),2,kg,56,112,28,5,0,456,456,0,83,upi:456
KOS-2026-004949,2026-06-02,18:04,normal_sale,active,Walk-in,Maggi Noodles 8-pack,3,piece,108,324,48,12,0,456,456,0,83,upi:456
KOS-2026-004949,2026-06-02,18:04,normal_sale,active,Walk-in,Bisleri Water 1L,1,piece,20,20,7,18,0,456,456,0,83,upi:456
KOS-2026-004948,2026-06-02,17:52,normal_sale,active,Walk-in,Haldiram Bhujia 200g,1,piece,57.38,57.38,12.38,12,25,595.57,595.57,0,85.57,upi:595.57
KOS-2026-004948,2026-06-02,17:52,normal_sale,active,Walk-in,Clinic Plus Shampoo 175ml,1,piece,140,140,22,18,25,595.57,595.57,0,85.57,upi:595.57
KOS-2026-004948,2026-06-02,17:52,normal_sale,active,Walk-in,Nirma Washing Powder 1kg,1,piece,75.9,75.9,17.9,18,25,595.57,595.57,0,85.57,upi:595.57
KOS-2026-004948,2026-06-02,17:52,normal_sale,active,Walk-in,Real Mixed Fruit Juice 1L,1,piece,131.29,131.29,26.29,12,25,595.57,595.57,0,85.57,upi:595.57
KOS-2026-004948,2026-06-02,17:52,normal_sale,active,Walk-in,Maggi Noodles 8-pack,2,piece,108,216,32,12,25,595.57,595.57,0,85.57,upi:595.57
KOS-2026-004947,2026-06-02,17:36,normal_sale,active,Walk-in,Nescafe Classic 50g,1,piece,200.58,200.58,32.58,18,0,688.91,688.91,0,143.91,upi:688.91
KOS-2026-004947,2026-06-02,17:36,normal_sale,active,Walk-in,Britannia Marie Gold 250g,1,piece,40.88,40.88,7.88,18,0,688.91,688.91,0,143.91,upi:688.91
KOS-2026-004947,2026-06-02,17:36,normal_sale,active,Walk-in,Mustard Oil (loose),1,l,175.42,175.42,47.42,5,0,688.91,688.91,0,143.91,upi:688.91
KOS-2026-004947,2026-06-02,17:36,normal_sale,active,Walk-in,Colgate Strong Teeth 200g,2,piece,114.06,228.12,44.12,18,0,688.91,688.91,0,143.91,upi:688.91
KOS-2026-004947,2026-06-02,17:36,normal_sale,active,Walk-in,Wheat Atta (loose),1,kg,43.91,43.91,11.91,0,0,688.91,688.91,0,143.91,upi:688.91
KOS-2026-004946,2026-06-02,17:26,normal_sale,active,Walk-in,Maggi Noodles 8-pack,2,piece,108,216,32,12,0,1232.66,1232.66,0,244.16,cash:1232.66
KOS-2026-004946,2026-06-02,17:26,normal_sale,active,Walk-in,5 Star 25g,1,piece,10.53,10.53,2.03,18,0,1232.66,1232.66,0,244.16,cash:1232.66
KOS-2026-004946,2026-06-02,17:26,normal_sale,active,Walk-in,Farm Eggs,5,piece,8.58,42.9,11.9,0,0,1232.66,1232.66,0,244.16,cash:1232.66
KOS-2026-004946,2026-06-02,17:26,normal_sale,active,Walk-in,Classmate Notebook 172pg,4,piece,60.62,242.48,74.48,12,0,1232.66,1232.66,0,244.16,cash:1232.66
KOS-2026-004946,2026-06-02,17:26,normal_sale,active,Walk-in,Amul Masti Dahi 400g,1,piece,40,40,8,5,0,1232.66,1232.66,0,244.16,cash:1232.66
KOS-2026-004946,2026-06-02,17:26,normal_sale,active,Walk-in,Saffola Gold Oil 1L,1,piece,190,190,25,5,0,1232.66,1232.66,0,244.16,cash:1232.66
KOS-2026-004946,2026-06-02,17:26,normal_sale,active,Walk-in,Fortune Sunflower Oil 1L,1,piece,167.9,167.9,29.9,5,0,1232.66,1232.66,0,244.16,cash:1232.66
KOS-2026-004946,2026-06-02,17:26,normal_sale,active,Walk-in,Everest Turmeric 200g,1,piece,76,76,14,5,0,1232.66,1232.66,0,244.16,cash:1232.66
KOS-2026-004946,2026-06-02,17:26,normal_sale,active,Walk-in,Mother Dairy Paneer 200g,1,piece,105,105,17,5,0,1232.66,1232.66,0,244.16,cash:1232.66
KOS-2026-004946,2026-06-02,17:26,normal_sale,active,Walk-in,Parachute Coconut Oil 200ml,1,piece,104.12,104.12,22.12,18,0,1232.66,1232.66,0,244.16,cash:1232.66
KOS-2026-004946,2026-06-02,17:26,normal_sale,active,Walk-in,Amul Gold Milk 500ml,1,piece,37.73,37.73,7.73,0,0,1232.66,1232.66,0,244.16,cash:1232.66
KOS-2026-004945,2026-06-02,17:03,normal_sale,active,Deepak Salunkhe,Bisleri Water 1L,1,piece,20,20,7,18,0,20,5,15,7,upi:5
KOS-2026-004944,2026-06-02,17:02,normal_sale,active,Walk-in,Sugar (loose),0.5,kg,49.89,24.95,4.45,5,0,24.95,24.95,0,4.45,cash:24.95
KOS-2026-004943,2026-06-02,16:11,normal_sale,active,Walk-in,Frooti 200ml,3,piece,10,30,4.5,12,25,401.56,401,0,69,cash:401
KOS-2026-004943,2026-06-02,16:11,normal_sale,active,Walk-in,Lizol Floor Cleaner 500ml,1,piece,125,125,20,18,25,401.56,401,0,69,cash:401
KOS-2026-004943,2026-06-02,16:11,normal_sale,active,Walk-in,Ginger,0.25,kg,115.42,28.86,9.36,0,25,401.56,401,0,69,cash:401
KOS-2026-004943,2026-06-02,16:11,normal_sale,active,Walk-in,Groundnut / Peanut (loose),1,kg,114.59,114.59,26.59,5,25,401.56,401,0,69,cash:401
KOS-2026-004943,2026-06-02,16:11,normal_sale,active,Walk-in,Onion,0.25,kg,35.9,8.98,2.98,0,25,401.56,401,0,69,cash:401
KOS-2026-004943,2026-06-02,16:11,normal_sale,active,Walk-in,Kissan Tomato Ketchup 500g,1,piece,119.13,119.13,31.13,12,25,401.56,401,0,69,cash:401
KOS-2026-004942,2026-06-02,14:09,normal_sale,active,Mahesh Khan,Camphor 50g,1,piece,58.45,58.45,16.45,12,0,210.49,210.49,0,59.49,upi:210.49
KOS-2026-004942,2026-06-02,14:09,normal_sale,active,Mahesh Khan,Britannia Good Day 100g,1,piece,30.8,30.8,5.8,18,0,210.49,210.49,0,59.49,upi:210.49
KOS-2026-004942,2026-06-02,14:09,normal_sale,active,Mahesh Khan,Classmate Notebook 172pg,2,piece,60.62,121.24,37.24,12,0,210.49,210.49,0,59.49,upi:210.49
KOS-2026-004941,2026-06-02,12:57,normal_sale,active,Walk-in,Coca-Cola 750ml,2,piece,40,80,16,28,34.79,202.98,202.98,0,20.48,cash:202.98
KOS-2026-004941,2026-06-02,12:57,normal_sale,active,Walk-in,Sprite 750ml,1,piece,42.51,42.51,10.51,28,34.79,202.98,202.98,0,20.48,cash:202.98
KOS-2026-004941,2026-06-02,12:57,normal_sale,active,Walk-in,Thums Up 750ml,1,piece,41.66,41.66,9.66,28,34.79,202.98,202.98,0,20.48,cash:202.98
KOS-2026-004941,2026-06-02,12:57,normal_sale,active,Walk-in,Frooti 200ml,1,piece,10,10,1.5,12,34.79,202.98,202.98,0,20.48,cash:202.98
KOS-2026-004941,2026-06-02,12:57,normal_sale,active,Walk-in,Sona Masoori Rice (loose),1,kg,63.6,63.6,17.6,0,34.79,202.98,202.98,0,20.48,cash:202.98
KOS-2026-004940,2026-06-02,12:23,normal_sale,active,Walk-in,Center Fresh Gum (jar pc),1,piece,1.07,1.07,0.22,18,0,87.95,87.95,0,22.9,cash:87.95
KOS-2026-004940,2026-06-02,12:23,normal_sale,active,Walk-in,Tata Salt 1kg,2,piece,30.94,61.88,13.88,0,0,87.95,87.95,0,22.9,cash:87.95
KOS-2026-004940,2026-06-02,12:23,normal_sale,active,Walk-in,Lemon,1,piece,5,5,1.8,0,0,87.95,87.95,0,22.9,cash:87.95
KOS-2026-004940,2026-06-02,12:23,normal_sale,active,Walk-in,Bisleri Water 1L,1,piece,20,20,7,18,0,87.95,87.95,0,22.9,cash:87.95
KOS-2026-004939,2026-06-02,11:44,normal_sale,active,Hotel Green Leaf,Urad Dal (loose),0.25,kg,139.94,34.99,8.74,0,25,854.87,854.87,0,136.12,cash:854.87
KOS-2026-004939,2026-06-02,11:44,normal_sale,active,Hotel Green Leaf,Aashirvaad Atta 5kg,1,piece,285,285,40,5,25,854.87,854.87,0,136.12,cash:854.87
KOS-2026-004939,2026-06-02,11:44,normal_sale,active,Hotel Green Leaf,Nirma Washing Powder 1kg,1,piece,75.9,75.9,17.9,18,25,854.87,854.87,0,136.12,cash:854.87
KOS-2026-004939,2026-06-02,11:44,normal_sale,active,Hotel Green Leaf,Kurkure Masala Munch 70g,2,piece,20,40,7,12,25,854.87,854.87,0,136.12,cash:854.87
KOS-2026-004939,2026-06-02,11:44,normal_sale,active,Hotel Green Leaf,Dairy Milk 50g,1,piece,43.88,43.88,9.88,18,25,854.87,854.87,0,136.12,cash:854.87
KOS-2026-004939,2026-06-02,11:44,normal_sale,active,Hotel Green Leaf,Britannia Good Day 100g,1,piece,30.8,30.8,5.8,18,25,854.87,854.87,0,136.12,cash:854.87
KOS-2026-004939,2026-06-02,11:44,normal_sale,active,Hotel Green Leaf,Kissan Tomato Ketchup 500g,1,piece,119.13,119.13,31.13,12,25,854.87,854.87,0,136.12,cash:854.87
KOS-2026-004939,2026-06-02,11:44,normal_sale,active,Hotel Green Leaf,Garlic,0.25,kg,153.4,38.35,10.35,0,25,854.87,854.87,0,136.12,cash:854.87
KOS-2026-004939,2026-06-02,11:44,normal_sale,active,Hotel Green Leaf,Lays Classic Salted 52g,1,piece,21.82,21.82,5.32,12,25,854.87,854.87,0,136.12,cash:854.87
KOS-2026-004939,2026-06-02,11:44,normal_sale,active,Hotel Green Leaf,Saffola Gold Oil 1L,1,piece,190,190,25,5,25,854.87,854.87,0,136.12,cash:854.87
KOS-2026-004938,2026-06-02,10:45,normal_sale,active,Walk-in,Bisleri Water 1L,2,piece,20,40,14,18,0,572.9,572.9,0,85.4,upi:572.9
KOS-2026-004938,2026-06-02,10:45,normal_sale,active,Walk-in,Amul Ghee 500ml,1,piece,355,355,40,12,0,572.9,572.9,0,85.4,upi:572.9
KOS-2026-004938,2026-06-02,10:45,normal_sale,active,Walk-in,Fortune Sunflower Oil 1L,1,piece,167.9,167.9,29.9,5,0,572.9,572.9,0,85.4,upi:572.9
KOS-2026-004938,2026-06-02,10:45,normal_sale,active,Walk-in,Frooti 200ml,1,piece,10,10,1.5,12,0,572.9,572.9,0,85.4,upi:572.9
KOS-2026-004937,2026-06-02,10:37,normal_sale,active,Salim Verma,Lemon,2,piece,5,10,3.6,0,0,10,10,0,3.6,cash:10
EST-2026-000054,2026-06-02,10:16,estimate,active,Walk-in,Dhara Mustard Oil 1L,1,piece,191.57,191.57,39.57,5,0,191.57,191.57,0,39.57,cash:191.57
KOS-2026-004936,2026-06-02,10:03,normal_sale,active,Sanjay Chavan,Everest Turmeric 200g,2,piece,76,152,28,5,0,152,152,0,28,cash:152
KOS-2026-004935,2026-06-02,09:00,normal_sale,active,Walk-in,Amul Taaza Milk 500ml,4,piece,28,112,12,0,0,488.49,488,0,84.8,cash:488
KOS-2026-004935,2026-06-02,09:00,normal_sale,active,Walk-in,Good Knight Refill 45ml,1,piece,92.07,92.07,20.07,18,0,488.49,488,0,84.8,cash:488
KOS-2026-004935,2026-06-02,09:00,normal_sale,active,Walk-in,Lemon,1,piece,5,5,1.8,0,0,488.49,488,0,84.8,cash:488
KOS-2026-004935,2026-06-02,09:00,normal_sale,active,Walk-in,MDH Garam Masala 100g,2,piece,94.71,189.42,33.42,5,0,488.49,488,0,84.8,cash:488
KOS-2026-004935,2026-06-02,09:00,normal_sale,active,Walk-in,Agarbatti Pack (20 sticks),3,piece,30,90,18,12,0,488.49,488,0,84.8,cash:488
KOS-2026-004934,2026-06-02,08:09,normal_sale,active,Joseph Singh,Camphor 50g,2,piece,58.45,116.9,32.9,12,0,316.6,316.6,0,80.3,upi:316.6
KOS-2026-004934,2026-06-02,08:09,normal_sale,active,Joseph Singh,Parle-G Biscuit 100g,1,piece,11,11,2.7,18,0,316.6,316.6,0,80.3,upi:316.6
KOS-2026-004934,2026-06-02,08:09,normal_sale,active,Joseph Singh,Bingo Mad Angles 66g,2,piece,20.81,41.62,8.62,12,0,316.6,316.6,0,80.3,upi:316.6
KOS-2026-004934,2026-06-02,08:09,normal_sale,active,Joseph Singh,Vim Dishwash Bar 200g,2,piece,21.3,42.6,10.6,18,0,316.6,316.6,0,80.3,upi:316.6
KOS-2026-004934,2026-06-02,08:09,normal_sale,active,Joseph Singh,Sona Masoori Rice (loose),1,kg,63.6,63.6,17.6,0,0,316.6,316.6,0,80.3,upi:316.6
KOS-2026-004934,2026-06-02,08:09,normal_sale,active,Joseph Singh,Britannia Marie Gold 250g,1,piece,40.88,40.88,7.88,18,0,316.6,316.6,0,80.3,upi:316.6
KOS-2026-004933,2026-06-01,21:00,normal_sale,active,Walk-in,Vim Dishwash Bar 200g,11,piece,21.3,234.3,58.3,18,25,617.58,617.58,0,127.58,upi:617.58
KOS-2026-004933,2026-06-01,21:00,normal_sale,active,Walk-in,Good Knight Refill 45ml,4,piece,92.07,368.28,80.28,18,25,617.58,617.58,0,127.58,upi:617.58
KOS-2026-004933,2026-06-01,21:00,normal_sale,active,Walk-in,Bisleri Water 1L,2,piece,20,40,14,18,25,617.58,617.58,0,127.58,upi:617.58
KOS-2026-004932,2026-06-01,20:55,normal_sale,active,Walk-in,Candle Pack (6 pc),1,piece,43.92,43.92,11.92,12,25,541.8,541,0,112,cash:541
KOS-2026-004932,2026-06-01,20:55,normal_sale,active,Walk-in,Surf Excel Easy Wash 1kg,3,piece,155.05,465.15,111.15,18,25,541.8,541,0,112,cash:541
KOS-2026-004932,2026-06-01,20:55,normal_sale,active,Walk-in,Amul Gold Milk 500ml,1,piece,37.73,37.73,7.73,0,25,541.8,541,0,112,cash:541
KOS-2026-004932,2026-06-01,20:55,normal_sale,active,Walk-in,Bisleri Water 1L,1,piece,20,20,7,18,25,541.8,541,0,112,cash:541
KOS-2026-004931,2026-06-01,20:55,normal_sale,active,Vaishali Singh,Toor Dal (loose),1,kg,148,148,30,0,0,397.43,397.43,0,76.83,cash:397.43
KOS-2026-004931,2026-06-01,20:55,normal_sale,active,Vaishali Singh,Sprite 750ml,1,piece,42.51,42.51,10.51,28,0,397.43,397.43,0,76.83,cash:397.43
KOS-2026-004931,2026-06-01,20:55,normal_sale,active,Vaishali Singh,Ariel Detergent 1kg,1,piece,155,155,23,18,0,397.43,397.43,0,76.83,cash:397.43
KOS-2026-004931,2026-06-01,20:55,normal_sale,active,Vaishali Singh,Yippee Noodles 70g,2,piece,14.96,29.92,7.92,12,0,397.43,397.43,0,76.83,cash:397.43
KOS-2026-004931,2026-06-01,20:55,normal_sale,active,Vaishali Singh,Parle-G Biscuit 100g,2,piece,11,22,5.4,18,0,397.43,397.43,0,76.83,cash:397.43
KOS-2026-004930,2026-06-01,20:43,normal_sale,active,Walk-in,Haldiram Bhujia 200g,1,piece,57.38,57.38,12.38,12,0,57.38,57.38,0,12.38,upi:57.38
KOS-2026-004929,2026-06-01,20:23,normal_sale,active,Walk-in,Kissan Mixed Fruit Jam 200g,2,piece,82,164,28,12,0,204,204,0,42,cash:204
KOS-2026-004929,2026-06-01,20:23,normal_sale,active,Walk-in,Bisleri Water 1L,2,piece,20,40,14,18,0,204,204,0,42,cash:204
KOS-2026-004928,2026-06-01,20:10,normal_sale,active,Walk-in,Frooti 200ml,1,piece,10,10,1.5,12,25,1791.76,1791.76,0,216.26,cash:1791.76
KOS-2026-004928,2026-06-01,20:10,normal_sale,active,Walk-in,Tata Tea Gold 500g,1,piece,305,305,40,5,25,1791.76,1791.76,0,216.26,cash:1791.76
KOS-2026-004928,2026-06-01,20:10,normal_sale,active,Walk-in,Aashirvaad Atta 5kg,3,piece,285,830,95,5,25,1791.76,1791.76,0,216.26,cash:1791.76
KOS-2026-004928,2026-06-01,20:10,normal_sale,active,Walk-in,Colgate Strong Teeth 200g,1,piece,114.06,114.06,22.06,18,25,1791.76,1791.76,0,216.26,cash:1791.76
KOS-2026-004928,2026-06-01,20:10,normal_sale,active,Walk-in,Everest Turmeric 200g,1,piece,76,76,14,5,25,1791.76,1791.76,0,216.26,cash:1791.76
KOS-2026-004928,2026-06-01,20:10,normal_sale,active,Walk-in,Britannia Brown Bread,1,piece,50,50,8,0,25,1791.76,1791.76,0,216.26,cash:1791.76
KOS-2026-004928,2026-06-01,20:10,normal_sale,active,Walk-in,Garlic,0.5,kg,153.4,76.7,20.7,0,25,1791.76,1791.76,0,216.26,cash:1791.76
KOS-2026-004928,2026-06-01,20:10,normal_sale,active,Walk-in,Amul Ghee 500ml,1,piece,355,355,40,12,25,1791.76,1791.76,0,216.26,cash:1791.76
KOS-2026-004927,2026-06-01,18:48,normal_sale,active,Walk-in,Saffola Gold Oil 1L,1,piece,190,190,25,5,25,296.29,296.29,0,26.29,bank:296.29
KOS-2026-004927,2026-06-01,18:48,normal_sale,active,Walk-in,Real Mixed Fruit Juice 1L,1,piece,131.29,131.29,26.29,12,25,296.29,296.29,0,26.29,bank:296.29
KOS-2026-004926,2026-06-01,18:11,normal_sale,active,Walk-in,Britannia Marie Gold 250g,1,piece,40.88,40.88,7.88,18,0,814.74,814.74,0,144.54,bank:814.74
KOS-2026-004926,2026-06-01,18:11,normal_sale,active,Walk-in,Farm Eggs,1,piece,8.58,8.58,2.38,0,0,814.74,814.74,0,144.54,bank:814.74
KOS-2026-004926,2026-06-01,18:11,normal_sale,active,Walk-in,Aashirvaad Atta 5kg,1,piece,285,285,40,5,0,814.74,814.74,0,144.54,bank:814.74
KOS-2026-004926,2026-06-01,18:11,normal_sale,active,Walk-in,Thums Up 750ml,1,piece,41.66,41.66,9.66,28,0,814.74,814.74,0,144.54,bank:814.74
KOS-2026-004926,2026-06-01,18:11,normal_sale,active,Walk-in,Clinic Plus Shampoo 175ml,2,piece,140,280,44,18,0,814.74,814.74,0,144.54,bank:814.74
KOS-2026-004926,2026-06-01,18:11,normal_sale,active,Walk-in,Basmati Rice Premium (loose),0.5,kg,133.1,66.55,20.55,0,0,814.74,814.74,0,144.54,bank:814.74
KOS-2026-004926,2026-06-01,18:11,normal_sale,active,Walk-in,Good Knight Refill 45ml,1,piece,92.07,92.07,20.07,18,0,814.74,814.74,0,144.54,bank:814.74
KOS-2026-004925,2026-06-01,17:45,normal_sale,active,Ashok Jadhav,Parle-G Biscuit 100g,1,piece,11,11,2.7,18,0,484.13,484.13,0,107.33,cash:484.13
KOS-2026-004925,2026-06-01,17:45,normal_sale,active,Ashok Jadhav,Sugar (loose),0.5,kg,49.89,24.95,4.45,5,0,484.13,484.13,0,107.33,cash:484.13
KOS-2026-004925,2026-06-01,17:45,normal_sale,active,Ashok Jadhav,Vim Dishwash Bar 200g,11,piece,21.3,234.3,58.3,18,0,484.13,484.13,0,107.33,cash:484.13
KOS-2026-004925,2026-06-01,17:45,normal_sale,active,Ashok Jadhav,Everest Turmeric 200g,2,piece,76,152,28,5,0,484.13,484.13,0,107.33,cash:484.13
KOS-2026-004925,2026-06-01,17:45,normal_sale,active,Ashok Jadhav,Tata Salt 1kg,2,piece,30.94,61.88,13.88,0,0,484.13,484.13,0,107.33,cash:484.13
KOS-2026-004924,2026-06-01,17:44,normal_sale,active,Walk-in,Kissan Mixed Fruit Jam 200g,1,piece,82,82,14,12,0,1040.91,1040,0,145,cash:1040
KOS-2026-004924,2026-06-01,17:44,normal_sale,active,Walk-in,Wheat Atta (loose),1,kg,43.91,43.91,11.91,0,0,1040.91,1040,0,145,cash:1040
KOS-2026-004924,2026-06-01,17:44,normal_sale,active,Walk-in,Tata Tea Gold 500g,3,piece,305,915,120,5,0,1040.91,1040,0,145,cash:1040
KOS-2026-004923,2026-06-01,17:33,normal_sale,active,Ashok Khan,Nirma Washing Powder 1kg,2,piece,75.9,151.8,35.8,18,25,430.32,430,0,87,cash:430
KOS-2026-004923,2026-06-01,17:33,normal_sale,active,Ashok Khan,Moong Dal (loose),2,kg,129.02,258.04,66.04,0,25,430.32,430,0,87,cash:430
KOS-2026-004923,2026-06-01,17:33,normal_sale,active,Ashok Khan,Wheat Atta (loose),0.25,kg,43.91,10.98,2.98,0,25,430.32,430,0,87,cash:430
KOS-2026-004923,2026-06-01,17:33,normal_sale,active,Ashok Khan,Rajma (loose),0.25,kg,138,34.5,7.5,0,25,430.32,430,0,87,cash:430
KOS-2026-004922,2026-06-01,17:15,normal_sale,active,Maria More,Frooti 200ml,1,piece,10,10,1.5,12,25,320.74,320.74,0,53.24,cash:320.74
KOS-2026-004922,2026-06-01,17:15,normal_sale,active,Maria More,Sunfeast Dark Fantasy 75g,1,piece,42.8,42.8,8.8,18,25,320.74,320.74,0,53.24,cash:320.74
KOS-2026-004922,2026-06-01,17:15,normal_sale,active,Maria More,Harpic Toilet Cleaner 500ml,1,piece,112.02,112.02,24.02,18,25,320.74,320.74,0,53.24,cash:320.74
KOS-2026-004922,2026-06-01,17:15,normal_sale,active,Maria More,Vim Dishwash Bar 200g,1,piece,21.3,21.3,5.3,18,25,320.74,320.74,0,53.24,cash:320.74
KOS-2026-004922,2026-06-01,17:15,normal_sale,active,Maria More,Bingo Mad Angles 66g,2,piece,20.81,41.62,8.62,12,25,320.74,320.74,0,53.24,cash:320.74
KOS-2026-004922,2026-06-01,17:15,normal_sale,active,Maria More,Odonil Air Freshener 50g,1,piece,78,78,16,18,25,320.74,320.74,0,53.24,cash:320.74
KOS-2026-004922,2026-06-01,17:15,normal_sale,active,Maria More,Bisleri Water 1L,2,piece,20,40,14,18,25,320.74,320.74,0,53.24,cash:320.74
KOS-2026-004920,2026-06-01,17:10,normal_sale,active,Walk-in,Farm Eggs,1,piece,8.58,8.58,2.38,0,0,231.11,231.11,0,56.91,bank:231.11
KOS-2026-004920,2026-06-01,17:10,normal_sale,active,Walk-in,Wheat Atta (loose),2,kg,43.91,87.82,23.82,0,0,231.11,231.11,0,56.91,bank:231.11
KOS-2026-004920,2026-06-01,17:10,normal_sale,active,Walk-in,Bisleri Water 1L,2,piece,20,40,14,18,0,231.11,231.11,0,56.91,bank:231.11
KOS-2026-004920,2026-06-01,17:10,normal_sale,active,Walk-in,MDH Garam Masala 100g,1,piece,94.71,94.71,16.71,5,0,231.11,231.11,0,56.91,bank:231.11
KOS-2026-004921,2026-06-01,17:10,normal_sale,active,Deepak Rane,Lays Classic Salted 52g,1,piece,21.82,21.82,5.32,12,0,270.41,270.41,0,55.06,upi:270.41
KOS-2026-004921,2026-06-01,17:10,normal_sale,active,Deepak Rane,Fortune Sunflower Oil 1L,1,piece,167.9,167.9,29.9,5,0,270.41,270.41,0,55.06,upi:270.41
KOS-2026-004921,2026-06-01,17:10,normal_sale,active,Deepak Rane,Lux Soap 100g,2,piece,39.81,79.62,19.62,18,0,270.41,270.41,0,55.06,upi:270.41
KOS-2026-004921,2026-06-01,17:10,normal_sale,active,Deepak Rane,Center Fresh Gum (jar pc),1,piece,1.07,1.07,0.22,18,0,270.41,270.41,0,55.06,upi:270.41
KOS-2026-004919,2026-06-01,12:20,normal_sale,active,Smita Rane,Sprite 750ml,1,piece,42.51,42.51,10.51,28,0,139.31,139.31,0,37.31,cash:139.31
KOS-2026-004919,2026-06-01,12:20,normal_sale,active,Smita Rane,Garlic,0.25,kg,153.4,38.35,10.35,0,0,139.31,139.31,0,37.31,cash:139.31
KOS-2026-004919,2026-06-01,12:20,normal_sale,active,Smita Rane,Camphor 50g,1,piece,58.45,58.45,16.45,12,0,139.31,139.31,0,37.31,cash:139.31
KOS-2026-004918,2026-06-01,12:18,normal_sale,active,Walk-in,Bingo Mad Angles 66g,1,piece,20.81,20.81,4.31,12,0,132.83,132.83,0,28.33,cash:132.83
KOS-2026-004918,2026-06-01,12:18,normal_sale,active,Walk-in,Harpic Toilet Cleaner 500ml,1,piece,112.02,112.02,24.02,18,0,132.83,132.83,0,28.33,cash:132.83
KOS-2026-004917,2026-06-01,12:15,normal_sale,active,Walk-in,LED Bulb 9W,1,piece,99,99,21,12,44.15,492.51,492,0,75.6,cash:492
KOS-2026-004917,2026-06-01,12:15,normal_sale,active,Walk-in,Sugar (loose),1,kg,49.89,49.89,8.89,5,44.15,492.51,492,0,75.6,cash:492
KOS-2026-004917,2026-06-01,12:15,normal_sale,active,Walk-in,Surf Excel Easy Wash 1kg,1,piece,155.05,155.05,37.05,18,44.15,492.51,492,0,75.6,cash:492
KOS-2026-004917,2026-06-01,12:15,normal_sale,active,Walk-in,Bisleri Water 1L,3,piece,20,60,21,18,44.15,492.51,492,0,75.6,cash:492
KOS-2026-004917,2026-06-01,12:15,normal_sale,active,Walk-in,Red Label Tea 250g,1,piece,155.56,155.56,27.56,5,44.15,492.51,492,0,75.6,cash:492
KOS-2026-004917,2026-06-01,12:15,normal_sale,active,Walk-in,Farm Eggs,2,piece,8.58,17.16,4.76,0,44.15,492.51,492,0,75.6,cash:492
KOS-2026-004916,2026-06-01,12:01,normal_sale,active,Walk-in,Amul Taaza Milk 500ml,1,piece,28,28,3,0,0,539.87,539.87,0,101.87,cash:539.87
KOS-2026-004916,2026-06-01,12:01,normal_sale,active,Walk-in,Vim Liquid 500ml,1,piece,118,118,20,18,0,539.87,539.87,0,101.87,cash:539.87
KOS-2026-004916,2026-06-01,12:01,normal_sale,active,Walk-in,Real Mixed Fruit Juice 1L,3,piece,131.29,393.87,78.87,12,0,539.87,539.87,0,101.87,cash:539.87
EST-2026-000053,2026-06-01,11:54,estimate,active,Walk-in,Groundnut / Peanut (loose),1,kg,114.59,114.59,26.59,5,0,476.43,476.43,0,128.23,cash:476.43
EST-2026-000053,2026-06-01,11:54,estimate,active,Walk-in,Amul Masti Dahi 400g,2,piece,40,80,16,5,0,476.43,476.43,0,128.23,cash:476.43
EST-2026-000053,2026-06-01,11:54,estimate,active,Walk-in,Ginger,2,kg,115.42,230.84,74.84,0,0,476.43,476.43,0,128.23,cash:476.43
EST-2026-000053,2026-06-01,11:54,estimate,active,Walk-in,Chana Dal (loose),0.5,kg,92,46,9,0,0,476.43,476.43,0,128.23,cash:476.43
EST-2026-000053,2026-06-01,11:54,estimate,active,Walk-in,Lemon,1,piece,5,5,1.8,0,0,476.43,476.43,0,128.23,cash:476.43
KOS-2026-004915,2026-06-01,11:53,normal_sale,active,Walk-in,Farm Eggs,1,piece,8.58,8.58,2.38,0,0,309.6,309.6,0,42.9,upi:309.6
KOS-2026-004915,2026-06-01,11:53,normal_sale,active,Walk-in,Lays Classic Salted 52g,1,piece,21.82,21.82,5.32,12,0,309.6,309.6,0,42.9,upi:309.6
KOS-2026-004915,2026-06-01,11:53,normal_sale,active,Walk-in,Nivea Cold Cream 60ml,2,piece,128,243.2,27.2,18,0,309.6,309.6,0,42.9,upi:309.6
KOS-2026-004915,2026-06-01,11:53,normal_sale,active,Walk-in,AA Battery (2 pc),1,piece,36,36,8,18,0,309.6,309.6,0,42.9,upi:309.6
KOS-2026-004914,2026-06-01,11:50,normal_sale,active,Salim Verma,Harpic Toilet Cleaner 500ml,2,piece,112.02,224.04,48.04,18,0,224.04,224,0,48,cash:224
KOS-2026-004913,2026-06-01,11:46,normal_sale,active,Walk-in,Bisleri Water 1L,2,piece,20,40,14,18,7.31,39.59,39.59,0,9.09,upi:39.59
KOS-2026-004913,2026-06-01,11:46,normal_sale,active,Walk-in,Potato,0.25,kg,27.6,6.9,2.4,0,7.31,39.59,39.59,0,9.09,upi:39.59
KOS-2026-004912,2026-06-01,11:04,normal_sale,active,Annapurna Mess & Canteen,Dhara Mustard Oil 1L,2,piece,191.57,383.14,79.14,5,25,623.14,0,623.14,103.14,
KOS-2026-004912,2026-06-01,11:04,normal_sale,active,Annapurna Mess & Canteen,Amul Masti Dahi 400g,2,piece,40,80,16,5,25,623.14,0,623.14,103.14,
KOS-2026-004912,2026-06-01,11:04,normal_sale,active,Annapurna Mess & Canteen,Coca-Cola 750ml,2,piece,40,80,16,28,25,623.14,0,623.14,103.14,
KOS-2026-004912,2026-06-01,11:04,normal_sale,active,Annapurna Mess & Canteen,Mother Dairy Paneer 200g,1,piece,105,105,17,5,25,623.14,0,623.14,103.14,
KOS-2026-004911,2026-06-01,10:38,normal_sale,active,Meena Singh,Maggi Noodles 8-pack,1,piece,108,108,16,12,0,202.35,202.35,0,44.35,upi:202.35
KOS-2026-004911,2026-06-01,10:38,normal_sale,active,Meena Singh,Camphor 50g,1,piece,58.45,58.45,16.45,12,0,202.35,202.35,0,44.35,upi:202.35
KOS-2026-004911,2026-06-01,10:38,normal_sale,active,Meena Singh,Onion,1,kg,35.9,35.9,11.9,0,0,202.35,202.35,0,44.35,upi:202.35
KOS-2026-004910,2026-06-01,10:11,normal_sale,active,Walk-in,Oreo Biscuit 120g,2,piece,35,70,10,18,0,70,70,0,10,upi:70
KOS-2026-004909,2026-06-01,10:03,normal_sale,active,Imran Sharma,Frooti 200ml,1,piece,10,10,1.5,12,25,814.55,814.55,0,116.05,cash:814.55
KOS-2026-004909,2026-06-01,10:03,normal_sale,active,Imran Sharma,Wheat Atta (loose),5,kg,43.91,219.55,59.55,0,25,814.55,814.55,0,116.05,cash:814.55
KOS-2026-004909,2026-06-01,10:03,normal_sale,active,Imran Sharma,Tata Tea Gold 500g,2,piece,305,610,80,5,25,814.55,814.55,0,116.05,cash:814.55
KOS-2026-004908,2026-06-01,09:38,normal_sale,active,Hotel Green Leaf,Amul Taaza Milk 500ml,1,piece,28,28,3,0,0,708.79,708,0,133.5,cash:708
KOS-2026-004908,2026-06-01,09:38,normal_sale,active,Hotel Green Leaf,Sona Masoori Rice (loose),0.5,kg,63.6,31.8,8.8,0,0,708.79,708,0,133.5,cash:708
KOS-2026-004908,2026-06-01,09:38,normal_sale,active,Hotel Green Leaf,Tata Salt 1kg,1,piece,30.94,30.94,6.94,0,0,708.79,708,0,133.5,cash:708
KOS-2026-004908,2026-06-01,09:38,normal_sale,active,Hotel Green Leaf,Maggi Noodles 8-pack,2,piece,108,216,32,12,0,708.79,708,0,133.5,cash:708
KOS-2026-004908,2026-06-01,09:38,normal_sale,active,Hotel Green Leaf,Kurkure Masala Munch 70g,1,piece,20,20,3.5,12,0,708.79,708,0,133.5,cash:708
KOS-2026-004908,2026-06-01,09:38,normal_sale,active,Hotel Green Leaf,Surf Excel Easy Wash 1kg,1,piece,155.05,155.05,37.05,18,0,708.79,708,0,133.5,cash:708
KOS-2026-004908,2026-06-01,09:38,normal_sale,active,Hotel Green Leaf,Rajma (loose),0.5,kg,138,69,15,0,0,708.79,708,0,133.5,cash:708
KOS-2026-004908,2026-06-01,09:38,normal_sale,active,Hotel Green Leaf,Amul Masti Dahi 400g,1,piece,40,40,8,5,0,708.79,708,0,133.5,cash:708
KOS-2026-004908,2026-06-01,09:38,normal_sale,active,Hotel Green Leaf,Vim Liquid 500ml,1,piece,118,118,20,18,0,708.79,708,0,133.5,cash:708
KOS-2026-004907,2026-06-01,09:36,normal_sale,active,Pooja Deshmukh,Britannia Marie Gold 250g,1,piece,40.88,40.88,7.88,18,0,40.88,40,0,7,cash:40
KOS-2026-004906,2026-06-01,09:26,normal_sale,active,Walk-in,Odonil Air Freshener 50g,1,piece,78,78,16,18,0,136.94,136,0,25,cash:136
KOS-2026-004906,2026-06-01,09:26,normal_sale,active,Walk-in,Amul Taaza Milk 500ml,1,piece,28,28,3,0,0,136.94,136,0,25,cash:136
KOS-2026-004906,2026-06-01,09:26,normal_sale,active,Walk-in,Tata Salt 1kg,1,piece,30.94,30.94,6.94,0,0,136.94,136,0,25,cash:136
KOS-2026-004905,2026-06-01,08:59,normal_sale,active,Walk-in,Aashirvaad Atta 5kg,2,piece,285,570,80,5,0,570,570,0,80,upi:570
KOS-2026-004904,2026-06-01,08:43,normal_sale,active,Walk-in,Bisleri Water 1L,1,piece,20,20,7,18,0,502.8,502,0,77.4,cash:502
KOS-2026-004904,2026-06-01,08:43,normal_sale,active,Walk-in,Parle-G Biscuit 100g,2,piece,11,22,5.4,18,0,502.8,502,0,77.4,cash:502
KOS-2026-004904,2026-06-01,08:43,normal_sale,active,Walk-in,Lizol Floor Cleaner 500ml,1,piece,125,125,20,18,0,502.8,502,0,77.4,cash:502
KOS-2026-004904,2026-06-01,08:43,normal_sale,active,Walk-in,Britannia Good Day 100g,1,piece,30.8,30.8,5.8,18,0,502.8,502,0,77.4,cash:502
KOS-2026-004904,2026-06-01,08:43,normal_sale,active,Walk-in,Tata Tea Gold 500g,1,piece,305,305,40,5,0,502.8,502,0,77.4,cash:502
KOS-2026-004903,2026-06-01,08:39,normal_sale,active,Walk-in,Bisleri Water 1L,2,piece,20,40,14,18,0,40,40,0,14,upi:40
